{
    "type": "FeatureCollection",
    "features": [
        {
            "type": "Feature",
            "properties": {
                "PRIMARY": "UNKNOWN",
                "OBJECTID": "6189"
            },
            "geometry": {
                "type": "Polygon",
                "coordinates": [
                    [
                        -95.98863135600,
                        36.16403552400
                    ],
                    [
                        -95.98863135600,
                        36.16398716100
                    ],
                    [
                        -95.98852832000,
                        36.16398716100
                    ],
                    [
                        -95.98852832000,
                        36.16403552400
                    ],
                    [
                        -95.98863135600,
                        36.16403552400
                    ]
                ]
            }
        },
        {
            "type": "Feature",
            "properties": {
                "address": ["DEAN PL"],
                "STREET": "DEAN PL",
                "PRIMARY": "UNKNOWN",
                "OBJECTID": "6902"
            },
            "geometry": {
                "type": "Polygon",
                "coordinates": [
                    [
                        -95.98878231500,
                        36.16090929300
                    ],
                    [
                        -95.98889014400,
                        36.16087253500
                    ],
                    [
                        -95.98887576600,
                        36.16084545100
                    ],
                    [
                        -95.98876793800,
                        36.16088220800
                    ],
                    [
                        -95.98878231500,
                        36.16090929300
                    ]
                ]
            }
        },
        {
            "type": "Feature",
            "properties": {
                "OBJECTID": "7239",
                "buildings": [1133,1134],
                "PRIMARY": "UNKNOWN",
                "STREET": "ARCHER ST",
                "address": ["ARCHER ST"]
            },
            "geometry": {
                "type": "Polygon",
                "coordinates": [
                    [
                        -95.98820603400,
                        36.15924262700
                    ],
                    [
                        -95.98819644900,
                        36.15922618300
                    ],
                    [
                        -95.98816649700,
                        36.15923972500
                    ],
                    [
                        -95.98817608200,
                        36.15925423500
                    ],
                    [
                        -95.98820603400,
                        36.15924262700
                    ]
                ]
            }
        },
        {
            "type": "Feature",
            "properties": {
                "OBJECTID": "6170"
            },
            "geometry": {
                "type": "Polygon",
                "coordinates": [
                    [
                        -95.99366573200,
                        36.16416707100
                    ],
                    [
                        -95.99377116400,
                        36.16412644600
                    ],
                    [
                        -95.99374001400,
                        36.16407228000
                    ],
                    [
                        -95.99363458200,
                        36.16411290500
                    ],
                    [
                        -95.99366573200,
                        36.16416707100
                    ]
                ]
            }
        },
        {
            "type": "Feature",
            "properties": {
                "address": ["416 FRANKFORT AVE"],
                "PRIMARY": "416",
                "buildings": [575],
                "OBJECTID": "6322",
                "STREET": "FRANKFORT AVE"
            },
            "geometry": {
                "type": "Polygon",
                "coordinates": [
                    [
                        -95.98794844500,
                        36.16317079300
                    ],
                    [
                        -95.98807065000,
                        36.16317079300
                    ],
                    [
                        -95.98807065000,
                        36.16312243000
                    ],
                    [
                        -95.98794844500,
                        36.16312243000
                    ],
                    [
                        -95.98794844500,
                        36.16317079300
                    ]
                ]
            }
        },
        {
            "type": "Feature",
            "properties": {
                "PRIMARY": "UNKNOWN",
                "address": ["EASTON PL"],
                "STREET": "EASTON PL",
                "OBJECTID": "6296"
            },
            "geometry": {
                "type": "Polygon",
                "coordinates": [
                    [
                        -95.98831266400,
                        36.16324237100
                    ],
                    [
                        -95.98834381400,
                        36.16324237100
                    ],
                    [
                        -95.98834381400,
                        36.16320174600
                    ],
                    [
                        -95.98831266400,
                        36.16320174600
                    ],
                    [
                        -95.98831266400,
                        36.16324237100
                    ]
                ]
            }
        },
        {
            "type": "Feature",
            "properties": {
                "OBJECTID": "6603"
            },
            "geometry": {
                "type": "Polygon",
                "coordinates": [
                    [
                        -95.99020804300,
                        36.16195783200
                    ],
                    [
                        -95.99031107900,
                        36.16192494500
                    ],
                    [
                        -95.99027992800,
                        36.16186110400
                    ],
                    [
                        -95.99017689300,
                        36.16189592600
                    ],
                    [
                        -95.99020804300,
                        36.16195783200
                    ]
                ]
            }
        },
        {
            "type": "Feature",
            "properties": {
                "OBJECTID": "6139"
            },
            "geometry": {
                "type": "Polygon",
                "coordinates": [
                    [
                        -95.99112338400,
                        36.16456944700
                    ],
                    [
                        -95.99118328900,
                        36.16455010200
                    ],
                    [
                        -95.99116651500,
                        36.16451915000
                    ],
                    [
                        -95.99110661100,
                        36.16453849500
                    ],
                    [
                        -95.99112338400,
                        36.16456944700
                    ]
                ]
            }
        },
        {
            "type": "Feature",
            "properties": {
                "PRIMARY": "319",
                "address": ["319 FRANKFORT AVE"],
                "OBJECTID": "6461",
                "STREET": "FRANKFORT AVE"
            },
            "geometry": {
                "type": "Polygon",
                "coordinates": [
                    [
                        -95.98746920800,
                        36.16241245300
                    ],
                    [
                        -95.98760579100,
                        36.16241245300
                    ],
                    [
                        -95.98760579100,
                        36.16238343500
                    ],
                    [
                        -95.98746920800,
                        36.16238343500
                    ],
                    [
                        -95.98746920800,
                        36.16241245300
                    ]
                ]
            }
        },
        {
            "type": "Feature",
            "properties": {
                "OBJECTID": "6801"
            },
            "geometry": {
                "type": "Polygon",
                "coordinates": [
                    [
                        -95.99184542500,
                        36.16129684800
                    ],
                    [
                        -95.99183025700,
                        36.16127363300
                    ],
                    [
                        -95.99180150300,
                        36.16128266700
                    ],
                    [
                        -95.99181588000,
                        36.16130781700
                    ],
                    [
                        -95.99184542500,
                        36.16129684800
                    ]
                ]
            }
        },
        {
            "type": "Feature",
            "properties": {
                "OBJECTID": "7130"
            },
            "geometry": {
                "type": "Polygon",
                "coordinates": [
                    [
                        -95.98996842500,
                        36.15980076600
                    ],
                    [
                        -95.99004031000,
                        36.15977368100
                    ],
                    [
                        -95.99000676400,
                        36.15971564300
                    ],
                    [
                        -95.98993487800,
                        36.15974272700
                    ],
                    [
                        -95.98996842500,
                        36.15980076600
                    ]
                ]
            }
        },
        {
            "type": "Feature",
            "properties": {
                "address": ["504"],
                "PRIMARY": "504",
                "OBJECTID": "6257"
            },
            "geometry": {
                "type": "Polygon",
                "coordinates": [
                    [
                        -95.98677431600,
                        36.16352868100
                    ],
                    [
                        -95.98677431600,
                        36.16351320500
                    ],
                    [
                        -95.98667367600,
                        36.16351320500
                    ],
                    [
                        -95.98667367600,
                        36.16352868100
                    ],
                    [
                        -95.98677431600,
                        36.16352868100
                    ]
                ]
            }
        },
        {
            "type": "Feature",
            "properties": {
                "OBJECTID": "6546",
                "address": ["320 HARTFORD AVE"],
                "STREET": "HARTFORD AVE",
                "buildings": [712],
                "PRIMARY": "320"
            },
            "geometry": {
                "type": "Polygon",
                "coordinates": [
                    [
                        -95.98556903700,
                        36.16213774600
                    ],
                    [
                        -95.98557143300,
                        36.16208164400
                    ],
                    [
                        -95.98549715200,
                        36.16207777500
                    ],
                    [
                        -95.98549475500,
                        36.16213387700
                    ],
                    [
                        -95.98556903700,
                        36.16213774600
                    ]
                ]
            }
        },
        {
            "type": "Feature",
            "properties": {
                "OBJECTID": "614"
            },
            "geometry": {
                "type": "Polygon",
                "coordinates": [
                    [
                        -95.98125437200,
                        36.15946437200
                    ],
                    [
                        -95.98135632900,
                        36.15944085300
                    ],
                    [
                        -95.98133448100,
                        36.15936441500
                    ],
                    [
                        -95.98122524200,
                        36.15938793500
                    ],
                    [
                        -95.98125437200,
                        36.15946437200
                    ]
                ]
            }
        },
        {
            "type": "Feature",
            "properties": {
                "STREET": "HARTFORD AVE",
                "buildings": [710],
                "address": ["324 HARTFORD AVE"],
                "OBJECTID": "6496",
                "PRIMARY": "324"
            },
            "geometry": {
                "type": "Polygon",
                "coordinates": [
                    [
                        -95.98549954800,
                        36.16228864200
                    ],
                    [
                        -95.98558341400,
                        36.16228864200
                    ],
                    [
                        -95.98558341400,
                        36.16224027800
                    ],
                    [
                        -95.98549954800,
                        36.16224027800
                    ],
                    [
                        -95.98549954800,
                        36.16228864200
                    ]
                ]
            }
        },
        {
            "type": "Feature",
            "properties": {
                "address": ["303 FRANKFORT AVE"],
                "buildings": [1005,1006],
                "OBJECTID": "6752",
                "PRIMARY": "303",
                "STREET": "FRANKFORT AVE"
            },
            "geometry": {
                "type": "Polygon",
                "coordinates": [
                    [
                        -95.98744524700,
                        36.16142389100
                    ],
                    [
                        -95.98759620600,
                        36.16142389100
                    ],
                    [
                        -95.98759620600,
                        36.16136778900
                    ],
                    [
                        -95.98744524700,
                        36.16136778900
                    ],
                    [
                        -95.98744524700,
                        36.16142389100
                    ]
                ]
            }
        },
        {
            "type": "Feature",
            "properties": {
                "OBJECTID": "7023"
            },
            "geometry": {
                "type": "Polygon",
                "coordinates": [
                    [
                        -95.98988935100,
                        36.16034826000
                    ],
                    [
                        -95.98992529400,
                        36.16033858700
                    ],
                    [
                        -95.98991331300,
                        36.16031150300
                    ],
                    [
                        -95.98987976600,
                        36.16032117600
                    ],
                    [
                        -95.98988935100,
                        36.16034826000
                    ]
                ]
            }
        },
        {
            "type": "Feature",
            "properties": {
                "PRIMARY": "UNKNOWN",
                "STREET": "DETROIT AVE",
                "OBJECTID": "5709",
                "address": ["DETROIT AVE"]
            },
            "geometry": {
                "type": "Polygon",
                "coordinates": [
                    [
                        -95.98868766600,
                        36.15788353900
                    ],
                    [
                        -95.98860380000,
                        36.15791255900
                    ],
                    [
                        -95.98870683600,
                        36.15810892700
                    ],
                    [
                        -95.98878950400,
                        36.15807990700
                    ],
                    [
                        -95.98868766600,
                        36.15788353900
                    ]
                ]
            }
        },
        {
            "type": "Feature",
            "properties": {
                "OBJECTID": "6724"
            },
            "geometry": {
                "type": "Polygon",
                "coordinates": [
                    [
                        -95.99178712600,
                        36.16151288200
                    ],
                    [
                        -95.99177593600,
                        36.16149094400
                    ],
                    [
                        -95.99174957800,
                        36.16149868200
                    ],
                    [
                        -95.99175837200,
                        36.16152125800
                    ],
                    [
                        -95.99178712600,
                        36.16151288200
                    ]
                ]
            }
        },
        {
            "type": "Feature",
            "properties": {
                "buildings": [520],
                "address": ["404 EXETER PL"],
                "OBJECTID": "6441",
                "STREET": "EXETER PL",
                "PRIMARY": "404"
            },
            "geometry": {
                "type": "Polygon",
                "coordinates": [
                    [
                        -95.98912976200,
                        36.16253433000
                    ],
                    [
                        -95.98929030600,
                        36.16253046000
                    ],
                    [
                        -95.98928791000,
                        36.16247048900
                    ],
                    [
                        -95.98912736500,
                        36.16247435900
                    ],
                    [
                        -95.98912976200,
                        36.16253433000
                    ]
                ]
            }
        },
        {
            "type": "Feature",
            "properties": {
                "OBJECTID": "6953",
                "PRIMARY": "UNKNOWN",
                "address": ["BRADY ST"],
                "STREET": "BRADY ST"
            },
            "geometry": {
                "type": "Polygon",
                "coordinates": [
                    [
                        -95.98751713200,
                        36.16072550600
                    ],
                    [
                        -95.98764892200,
                        36.16068101100
                    ],
                    [
                        -95.98760099800,
                        36.16059008500
                    ],
                    [
                        -95.98746920800,
                        36.16063458100
                    ],
                    [
                        -95.98751713200,
                        36.16072550600
                    ]
                ]
            }
        },
        {
            "type": "Feature",
            "properties": {
                "PRIMARY": "UNKNOWN",
                "STREET": "DETROIT AVE",
                "OBJECTID": "7285",
                "address": ["DETROIT AVE"]
            },
            "geometry": {
                "type": "Polygon",
                "coordinates": [
                    [
                        -95.98922321300,
                        36.15903078500
                    ],
                    [
                        -95.98921123200,
                        36.15900853700
                    ],
                    [
                        -95.98918128000,
                        36.15902014500
                    ],
                    [
                        -95.98919326000,
                        36.15904142600
                    ],
                    [
                        -95.98922321300,
                        36.15903078500
                    ]
                ]
            }
        },
        {
            "type": "Feature",
            "properties": {
                "buildings": [1133,1134],
                "PRIMARY": "UNKNOWN",
                "OBJECTID": "5608",
                "STREET": "ARCHER ST",
                "address": ["ARCHER ST"]
            },
            "geometry": {
                "type": "Polygon",
                "coordinates": [
                    [
                        -95.98946043500,
                        36.15879992500
                    ],
                    [
                        -95.98949716800,
                        36.15878831700
                    ],
                    [
                        -95.98946683200,
                        36.15872704700
                    ],
                    [
                        -95.98942928400,
                        36.15873995100
                    ],
                    [
                        -95.98946043500,
                        36.15879992500
                    ]
                ]
            }
        },
        {
            "type": "Feature",
            "properties": {
                "PRIMARY": "307",
                "POI": "BROWN'S CHAPEL",
                "OBJECTID": "6663",
                "address": ["307 FRANKFORT AVE"],
                "STREET": "FRANKFORT AVE"
            },
            "geometry": {
                "type": "Polygon",
                "coordinates": [
                    [
                        -95.98749556600,
                        36.16170827300
                    ],
                    [
                        -95.98765131800,
                        36.16170827300
                    ],
                    [
                        -95.98765131800,
                        36.16163669400
                    ],
                    [
                        -95.98749556600,
                        36.16163669400
                    ],
                    [
                        -95.98749556600,
                        36.16170827300
                    ]
                ]
            }
        },
        {
            "type": "Feature",
            "properties": {
                "OBJECTID": "7627"
            },
            "geometry": {
                "type": "Polygon",
                "coordinates": [
                    [
                        -95.98819285500,
                        36.15712901700
                    ],
                    [
                        -95.98862177100,
                        36.15698004600
                    ],
                    [
                        -95.98846602000,
                        36.15668790800
                    ],
                    [
                        -95.98803710300,
                        36.15683687900
                    ],
                    [
                        -95.98819285500,
                        36.15712901700
                    ]
                ]
            }
        },
        {
            "type": "Feature",
            "properties": {
                "PRIMARY": "UNKNOWN",
                "address": ["GREENWOOD AVE"],
                "STREET": "GREENWOOD AVE",
                "OBJECTID": "5591",
                "buildings": [1057,1058]
            },
            "geometry": {
                "type": "Polygon",
                "coordinates": [
                    [
                        -95.98687615400,
                        36.16038405000
                    ],
                    [
                        -95.98691569100,
                        36.16031150300
                    ],
                    [
                        -95.98651912300,
                        36.16044112100
                    ],
                    [
                        -95.98654548100,
                        36.16049238800
                    ],
                    [
                        -95.98687615400,
                        36.16038405000
                    ]
                ]
            }
        },
        {
            "type": "Feature",
            "properties": {
                "OBJECTID": "6239",
                "PRIMARY": "UNKNOWN",
                "buildings": [1092,1093],
                "address": ["FRANKFORT AVE"],
                "STREET": "FRANKFORT AVE"
            },
            "geometry": {
                "type": "Polygon",
                "coordinates": [
                    [
                        -95.98969286400,
                        36.16365442500
                    ],
                    [
                        -95.98974797600,
                        36.16363701400
                    ],
                    [
                        -95.98971682600,
                        36.16357704400
                    ],
                    [
                        -95.98966171400,
                        36.16359638900
                    ],
                    [
                        -95.98969286400,
                        36.16365442500
                    ]
                ]
            }
        },
        {
            "type": "Feature",
            "properties": {
                "OBJECTID": "6878"
            },
            "geometry": {
                "type": "Polygon",
                "coordinates": [
                    [
                        -95.98606983900,
                        36.16102633500
                    ],
                    [
                        -95.98624595800,
                        36.16096829700
                    ],
                    [
                        -95.98621840200,
                        36.16090639100
                    ],
                    [
                        -95.98603988600,
                        36.16096539600
                    ],
                    [
                        -95.98606983900,
                        36.16102633500
                    ]
                ]
            }
        },
        {
            "type": "Feature",
            "properties": {
                "buildings": [34],
                "address": ["24 GREENWOOD AVE"],
                "STREET": "GREENWOOD AVE",
                "PRIMARY": "24",
                "OBJECTID": "7201"
            },
            "geometry": {
                "type": "Polygon",
                "coordinates": [
                    [
                        -95.98599634800,
                        36.15946350300
                    ],
                    [
                        -95.98607860900,
                        36.15943578000
                    ],
                    [
                        -95.98604906400,
                        36.15937644500
                    ],
                    [
                        -95.98596519800,
                        36.15940289200
                    ],
                    [
                        -95.98599634800,
                        36.15946350300
                    ]
                ]
            }
        },
        {
            "type": "Feature",
            "properties": {
                "OBJECTID": "6157"
            },
            "geometry": {
                "type": "Polygon",
                "coordinates": [
                    [
                        -95.99342132100,
                        36.16420576100
                    ],
                    [
                        -95.99341892500,
                        36.16419415400
                    ],
                    [
                        -95.99337579400,
                        36.16419802300
                    ],
                    [
                        -95.99337819000,
                        36.16420963000
                    ],
                    [
                        -95.99342132100,
                        36.16420576100
                    ]
                ]
            }
        },
        {
            "type": "Feature",
            "properties": {
                "PRIMARY": "416",
                "address": ["416 EASTON ST"],
                "OBJECTID": "6373",
                "buildings": [534],
                "STREET": "EASTON ST"
            },
            "geometry": {
                "type": "Polygon",
                "coordinates": [
                    [
                        -95.98950356600,
                        36.16293478000
                    ],
                    [
                        -95.98959222500,
                        36.16290382700
                    ],
                    [
                        -95.98953232000,
                        36.16278775500
                    ],
                    [
                        -95.98944126500,
                        36.16281870800
                    ],
                    [
                        -95.98950356600,
                        36.16293478000
                    ]
                ]
            }
        },
        {
            "type": "Feature",
            "properties": {
                "OBJECTID": "5542"
            },
            "geometry": {
                "type": "Polygon",
                "coordinates": [
                    [
                        -95.99168569600,
                        36.16053591600
                    ],
                    [
                        -95.99168593400,
                        36.16053640600
                    ],
                    [
                        -95.99168644800,
                        36.16053739900
                    ],
                    [
                        -95.99168722600,
                        36.16053887200
                    ],
                    [
                        -95.99168825700,
                        36.16054080500
                    ],
                    [
                        -95.99168953000,
                        36.16054317600
                    ],
                    [
                        -95.99169103200,
                        36.16054596500
                    ],
                    [
                        -95.99169275100,
                        36.16054915100
                    ],
                    [
                        -95.99169467800,
                        36.16055271200
                    ],
                    [
                        -95.99169679900,
                        36.16055662700
                    ],
                    [
                        -95.99169910400,
                        36.16056087600
                    ],
                    [
                        -95.99170158000,
                        36.16056543600
                    ],
                    [
                        -95.99170421600,
                        36.16057028700
                    ],
                    [
                        -95.99170700100,
                        36.16057540900
                    ],
                    [
                        -95.99170992300,
                        36.16058077800
                    ],
                    [
                        -95.99171297100,
                        36.16058637600
                    ],
                    [
                        -95.99171613200,
                        36.16059218000
                    ],
                    [
                        -95.99171939500,
                        36.16059816900
                    ],
                    [
                        -95.99172275000,
                        36.16060432200
                    ],
                    [
                        -95.99172618300,
                        36.16061061900
                    ],
                    [
                        -95.99172968400,
                        36.16061703700
                    ],
                    [
                        -95.99173324100,
                        36.16062355700
                    ],
                    [
                        -95.99173684200,
                        36.16063015600
                    ],
                    [
                        -95.99174047600,
                        36.16063681400
                    ],
                    [
                        -95.99174413100,
                        36.16064351000
                    ],
                    [
                        -95.99174779600,
                        36.16065022200
                    ],
                    [
                        -95.99175145900,
                        36.16065692900
                    ],
                    [
                        -95.99175510800,
                        36.16066361100
                    ],
                    [
                        -95.99175873200,
                        36.16067024500
                    ],
                    [
                        -95.99176232000,
                        36.16067681200
                    ],
                    [
                        -95.99176585900,
                        36.16068329000
                    ],
                    [
                        -95.99176933900,
                        36.16068965700
                    ],
                    [
                        -95.99177274700,
                        36.16069589400
                    ],
                    [
                        -95.99177607300,
                        36.16070197700
                    ],
                    [
                        -95.99177930300,
                        36.16070788800
                    ],
                    [
                        -95.99178242800,
                        36.16071360300
                    ],
                    [
                        -95.99178543500,
                        36.16071910300
                    ],
                    [
                        -95.99178831300,
                        36.16072436600
                    ],
                    [
                        -95.99179104900,
                        36.16072937100
                    ],
                    [
                        -95.99179363400,
                        36.16073409700
                    ],
                    [
                        -95.99179605400,
                        36.16073852300
                    ],
                    [
                        -95.99179829900,
                        36.16074262700
                    ],
                    [
                        -95.99180035700,
                        36.16074638900
                    ],
                    [
                        -95.99180221600,
                        36.16074978800
                    ],
                    [
                        -95.99180386400,
                        36.16075280200
                    ],
                    [
                        -95.99180529100,
                        36.16075541000
                    ],
                    [
                        -95.99180648500,
                        36.16075759100
                    ],
                    [
                        -95.99180743300,
                        36.16075932400
                    ],
                    [
                        -95.99180812500,
                        36.16076058800
                    ],
                    [
                        -95.99180869200,
                        36.16076162500
                    ],
                    [
                        -95.99200517900,
                        36.16069198000
                    ],
                    [
                        -95.99191251800,
                        36.16052173500
                    ],
                    [
                        -95.99176874800,
                        36.16057073900
                    ],
                    [
                        -95.99174478600,
                        36.16052947400
                    ],
                    [
                        -95.99168569600,
                        36.16053591600
                    ]
                ]
            }
        },
        {
            "type": "Feature",
            "properties": {
                "STREET": "ELGIN AVE",
                "PRIMARY": "527",
                "address": ["527 ELGIN AVE"],
                "buildings": [486,983,984],
                "OBJECTID": "6204"
            },
            "geometry": {
                "type": "Polygon",
                "coordinates": [
                    [
                        -95.99063695900,
                        36.16393879900
                    ],
                    [
                        -95.99080469200,
                        36.16387882900
                    ],
                    [
                        -95.99077833400,
                        36.16383046600
                    ],
                    [
                        -95.99061060100,
                        36.16389043600
                    ],
                    [
                        -95.99063695900,
                        36.16393879900
                    ]
                ]
            }
        },
        {
            "type": "Feature",
            "properties": {
                "OBJECTID": "6568",
                "STREET": "HARTFORD AVE",
                "buildings": [812],
                "address": ["313 HARTFORD AVE"],
                "PRIMARY": "313"
            },
            "geometry": {
                "type": "Polygon",
                "coordinates": [
                    [
                        -95.98503948100,
                        36.16205262600
                    ],
                    [
                        -95.98517606300,
                        36.16205262600
                    ],
                    [
                        -95.98517606300,
                        36.16200426200
                    ],
                    [
                        -95.98503948100,
                        36.16200426200
                    ],
                    [
                        -95.98503948100,
                        36.16205262600
                    ]
                ]
            }
        },
        {
            "type": "Feature",
            "properties": {
                "OBJECTID": "5789"
            },
            "geometry": {
                "type": "Polygon",
                "coordinates": [
                    [
                        -95.98946043500,
                        36.15655698800
                    ],
                    [
                        -95.98959143400,
                        36.15650991600
                    ],
                    [
                        -95.98950117000,
                        36.15633322000
                    ],
                    [
                        -95.98936458700,
                        36.15637965300
                    ],
                    [
                        -95.98946043500,
                        36.15655698800
                    ]
                ]
            }
        },
        {
            "type": "Feature",
            "properties": {
                "OBJECTID": "6333"
            },
            "geometry": {
                "type": "Polygon",
                "coordinates": [
                    [
                        -95.99142051000,
                        36.16310888800
                    ],
                    [
                        -95.99141092600,
                        36.16309341200
                    ],
                    [
                        -95.99140613300,
                        36.16309728100
                    ],
                    [
                        -95.99141571800,
                        36.16311082300
                    ],
                    [
                        -95.99142051000,
                        36.16310888800
                    ]
                ]
            }
        },
        {
            "type": "Feature",
            "properties": {
                "OBJECTID": "6315",
                "buildings": [540],
                "PRIMARY": "417",
                "address": ["417 EASTON ST"],
                "STREET": "EASTON ST"
            },
            "geometry": {
                "type": "Polygon",
                "coordinates": [
                    [
                        -95.98971682600,
                        36.16320174600
                    ],
                    [
                        -95.98974558000,
                        36.16319207300
                    ],
                    [
                        -95.98970244900,
                        36.16310501900
                    ],
                    [
                        -95.98967369500,
                        36.16311469200
                    ],
                    [
                        -95.98971682600,
                        36.16320174600
                    ]
                ]
            }
        },
        {
            "type": "Feature",
            "properties": {
                "PRIMARY": "UNKNOWN",
                "address": ["HARTFORD AVE"],
                "OBJECTID": "6508",
                "STREET": "HARTFORD AVE",
                "buildings": [287,1047,1048,1099,1100]
            },
            "geometry": {
                "type": "Polygon",
                "coordinates": [
                    [
                        -95.98589971000,
                        36.16215902600
                    ],
                    [
                        -95.98587814400,
                        36.16215709200
                    ],
                    [
                        -95.98587574800,
                        36.16225188500
                    ],
                    [
                        -95.98589491800,
                        36.16225382000
                    ],
                    [
                        -95.98589971000,
                        36.16215902600
                    ]
                ]
            }
        },
        {
            "type": "Feature",
            "properties": {
                "PRIMARY": "319",
                "buildings": [731],
                "address": ["319 GREENWOOD AVE"],
                "STREET": "GREENWOOD AVE",
                "OBJECTID": "6468"
            },
            "geometry": {
                "type": "Polygon",
                "coordinates": [
                    [
                        -95.98641968100,
                        36.16240858400
                    ],
                    [
                        -95.98642687000,
                        36.16229638000
                    ],
                    [
                        -95.98625674100,
                        36.16228864200
                    ],
                    [
                        -95.98625194800,
                        36.16240278000
                    ],
                    [
                        -95.98641968100,
                        36.16240858400
                    ]
                ]
            }
        },
        {
            "type": "Feature",
            "properties": {
                "STREET": "ELGIN AVE",
                "address": ["307.5 ELGIN AVE"],
                "OBJECTID": "6851",
                "PRIMARY": "307.5"
            },
            "geometry": {
                "type": "Polygon",
                "coordinates": [
                    [
                        -95.98925675900,
                        36.16110081600
                    ],
                    [
                        -95.98933343700,
                        36.16107373200
                    ],
                    [
                        -95.98931666400,
                        36.16104664800
                    ],
                    [
                        -95.98924238200,
                        36.16107566700
                    ],
                    [
                        -95.98925675900,
                        36.16110081600
                    ]
                ]
            }
        },
        {
            "type": "Feature",
            "properties": {
                "buildings": [37],
                "address": ["501 ARCHER ST"],
                "OBJECTID": "7165",
                "STREET": "ARCHER ST",
                "PRIMARY": "501"
            },
            "geometry": {
                "type": "Polygon",
                "coordinates": [
                    [
                        -95.98702831100,
                        36.15963342100
                    ],
                    [
                        -95.98719125100,
                        36.15957731700
                    ],
                    [
                        -95.98716249700,
                        36.15952218100
                    ],
                    [
                        -95.98700075500,
                        36.15957635000
                    ],
                    [
                        -95.98702831100,
                        36.15963342100
                    ]
                ]
            }
        },
        {
            "type": "Feature",
            "properties": {
                "OBJECTID": "6283"
            },
            "geometry": {
                "type": "Polygon",
                "coordinates": [
                    [
                        -95.99342132100,
                        36.16335844300
                    ],
                    [
                        -95.99350758400,
                        36.16332942500
                    ],
                    [
                        -95.99344288700,
                        36.16320754900
                    ],
                    [
                        -95.99335662500,
                        36.16323656700
                    ],
                    [
                        -95.99342132100,
                        36.16335844300
                    ]
                ]
            }
        },
        {
            "type": "Feature",
            "properties": {
                "STREET": "ELGIN AVE",
                "address": ["401 ELGIN AVE"],
                "OBJECTID": "6554",
                "buildings": [609,1078,1079],
                "PRIMARY": "401"
            },
            "geometry": {
                "type": "Polygon",
                "coordinates": [
                    [
                        -95.98975276900,
                        36.16209131700
                    ],
                    [
                        -95.98984622000,
                        36.16205649500
                    ],
                    [
                        -95.98981027700,
                        36.16199265400
                    ],
                    [
                        -95.98971443000,
                        36.16202554200
                    ],
                    [
                        -95.98975276900,
                        36.16209131700
                    ]
                ]
            }
        },
        {
            "type": "Feature",
            "properties": {
                "OBJECTID": "6414",
                "address": ["403 EXETER PL"],
                "STREET": "EXETER PL",
                "PRIMARY": "403",
                "buildings": [508]
            },
            "geometry": {
                "type": "Polygon",
                "coordinates": [
                    [
                        -95.98874397700,
                        36.16266394400
                    ],
                    [
                        -95.98883742800,
                        36.16266394400
                    ],
                    [
                        -95.98883742800,
                        36.16264266400
                    ],
                    [
                        -95.98874397700,
                        36.16264266400
                    ],
                    [
                        -95.98874397700,
                        36.16266394400
                    ]
                ]
            }
        },
        {
            "type": "Feature",
            "properties": {
                "buildings": [890,942,943],
                "STREET": "GREENWOOD AVE",
                "PRIMARY": "301",
                "OBJECTID": "6785",
                "address": ["301 GREENWOOD AVE"]
            },
            "geometry": {
                "type": "Polygon",
                "coordinates": [
                    [
                        -95.98599555700,
                        36.16132716200
                    ],
                    [
                        -95.98644843500,
                        36.16132716200
                    ],
                    [
                        -95.98644843500,
                        36.16122076100
                    ],
                    [
                        -95.98599555700,
                        36.16122076100
                    ],
                    [
                        -95.98599555700,
                        36.16132716200
                    ]
                ]
            }
        },
        {
            "type": "Feature",
            "properties": {
                "OBJECTID": "7110"
            },
            "geometry": {
                "type": "Polygon",
                "coordinates": [
                    [
                        -95.98721042100,
                        36.15986654300
                    ],
                    [
                        -95.98720323200,
                        36.15986460800
                    ],
                    [
                        -95.98720323200,
                        36.15986654300
                    ],
                    [
                        -95.98721042100,
                        36.15986847700
                    ],
                    [
                        -95.98721042100,
                        36.15986654300
                    ]
                ]
            }
        },
        {
            "type": "Feature",
            "properties": {
                "OBJECTID": "5773"
            },
            "geometry": {
                "type": "Polygon",
                "coordinates": [
                    [
                        -95.98473277000,
                        36.15855341300
                    ],
                    [
                        -95.98465669100,
                        36.15857807900
                    ],
                    [
                        -95.98470162000,
                        36.15865836700
                    ],
                    [
                        -95.98477530200,
                        36.15863225000
                    ],
                    [
                        -95.98473277000,
                        36.15855341300
                    ]
                ]
            }
        },
        {
            "type": "Feature",
            "properties": {
                "OBJECTID": "6744"
            },
            "geometry": {
                "type": "Polygon",
                "coordinates": [
                    [
                        -95.99027513600,
                        36.16143356400
                    ],
                    [
                        -95.99027034400,
                        36.16142195700
                    ],
                    [
                        -95.99026075900,
                        36.16142389100
                    ],
                    [
                        -95.99026555100,
                        36.16143549900
                    ],
                    [
                        -95.99027513600,
                        36.16143356400
                    ]
                ]
            }
        },
        {
            "type": "Feature",
            "properties": {
                "OBJECTID": "7434"
            },
            "geometry": {
                "type": "Polygon",
                "coordinates": [
                    [
                        -95.98319322400,
                        36.15818341100
                    ],
                    [
                        -95.98357421600,
                        36.15804991900
                    ],
                    [
                        -95.98349753900,
                        36.15789804900
                    ],
                    [
                        -95.98311175400,
                        36.15803057300
                    ],
                    [
                        -95.98319322400,
                        36.15818341100
                    ]
                ]
            }
        },
        {
            "type": "Feature",
            "properties": {
                "PRIMARY": "101,103",
                "OBJECTID": "5564",
                "buildings": [766,1053,1054,1055,1056],
                "STREET": "GREENWOOD AVE",
                "address": ["101 GREENWOOD AVE","103 GREENWOOD AVE"]
            },
            "geometry": {
                "type": "Polygon",
                "coordinates": [
                    [
                        -95.98603389600,
                        36.16005033100
                    ],
                    [
                        -95.98597279300,
                        36.15992941800
                    ],
                    [
                        -95.98581943800,
                        36.15998068500
                    ],
                    [
                        -95.98588173900,
                        36.16010353300
                    ],
                    [
                        -95.98603389600,
                        36.16005033100
                    ]
                ]
            }
        },
        {
            "type": "Feature",
            "properties": {
                "PRIMARY": "UNKNOWN",
                "OBJECTID": "6229",
                "buildings": [1092,1093],
                "address": ["FRANKFORT AVE"],
                "STREET": "FRANKFORT AVE"
            },
            "geometry": {
                "type": "Polygon",
                "coordinates": [
                    [
                        -95.98975756100,
                        36.16375115100
                    ],
                    [
                        -95.98983903100,
                        36.16372213300
                    ],
                    [
                        -95.98981027700,
                        36.16367183500
                    ],
                    [
                        -95.98972880700,
                        36.16370085300
                    ],
                    [
                        -95.98975756100,
                        36.16375115100
                    ]
                ]
            }
        },
        {
            "type": "Feature",
            "properties": {
                "OBJECTID": "6998"
            },
            "geometry": {
                "type": "Polygon",
                "coordinates": [
                    [
                        -95.99126475900,
                        36.16044112100
                    ],
                    [
                        -95.99120725000,
                        36.16043918600
                    ],
                    [
                        -95.99120964700,
                        36.16047981300
                    ],
                    [
                        -95.99126475900,
                        36.16048174700
                    ],
                    [
                        -95.99126475900,
                        36.16044112100
                    ]
                ]
            }
        },
        {
            "type": "Feature",
            "properties": {
                "OBJECTID": "7382"
            },
            "geometry": {
                "type": "Polygon",
                "coordinates": [
                    [
                        -95.98913215800,
                        36.15841073200
                    ],
                    [
                        -95.98911897900,
                        36.15838848400
                    ],
                    [
                        -95.98908663000,
                        36.15839815700
                    ],
                    [
                        -95.98909980900,
                        36.15842040600
                    ],
                    [
                        -95.98913215800,
                        36.15841073200
                    ]
                ]
            }
        },
        {
            "type": "Feature",
            "properties": {
                "OBJECTID": "5697"
            },
            "geometry": {
                "type": "Polygon",
                "coordinates": [
                    [
                        -95.98797080100,
                        36.15857744100
                    ],
                    [
                        -95.98791410700,
                        36.15847167400
                    ],
                    [
                        -95.98787097600,
                        36.15848715100
                    ],
                    [
                        -95.98792767000,
                        36.15859032600
                    ],
                    [
                        -95.98797080100,
                        36.15857744100
                    ]
                ]
            }
        },
        {
            "type": "Feature",
            "properties": {
                "address": ["307.5 EXETER PL"],
                "buildings": [478],
                "OBJECTID": "6671",
                "STREET": "EXETER PL",
                "PRIMARY": "307.5"
            },
            "geometry": {
                "type": "Polygon",
                "coordinates": [
                    [
                        -95.98854030100,
                        36.16169086200
                    ],
                    [
                        -95.98858582900,
                        36.16169086200
                    ],
                    [
                        -95.98858582900,
                        36.16166571300
                    ],
                    [
                        -95.98854030100,
                        36.16166571300
                    ],
                    [
                        -95.98854030100,
                        36.16169086200
                    ]
                ]
            }
        },
        {
            "type": "Feature",
            "properties": {
                "OBJECTID": "615"
            },
            "geometry": {
                "type": "Polygon",
                "coordinates": [
                    [
                        -95.98205545700,
                        36.15944085300
                    ],
                    [
                        -95.98198991300,
                        36.15924681900
                    ],
                    [
                        -95.98196078300,
                        36.15925269900
                    ],
                    [
                        -95.98203360900,
                        36.15944673300
                    ],
                    [
                        -95.98205545700,
                        36.15944085300
                    ]
                ]
            }
        },
        {
            "type": "Feature",
            "properties": {
                "OBJECTID": "6194"
            },
            "geometry": {
                "type": "Polygon",
                "coordinates": [
                    [
                        -95.99290614300,
                        36.16399489900
                    ],
                    [
                        -95.99290135000,
                        36.16398135800
                    ],
                    [
                        -95.99289176600,
                        36.16398329200
                    ],
                    [
                        -95.99289655800,
                        36.16399683400
                    ],
                    [
                        -95.99290614300,
                        36.16399489900
                    ]
                ]
            }
        },
        {
            "type": "Feature",
            "properties": {
                "PRIMARY": "119",
                "address": ["119 HARTFORD AVE"],
                "STREET": "HARTFORD AVE",
                "OBJECTID": "6890",
                "buildings": [802]
            },
            "geometry": {
                "type": "Polygon",
                "coordinates": [
                    [
                        -95.98512495300,
                        36.16096669200
                    ],
                    [
                        -95.98518564800,
                        36.16094734600
                    ],
                    [
                        -95.98516487300,
                        36.16091381900
                    ],
                    [
                        -95.98510897000,
                        36.16093316500
                    ],
                    [
                        -95.98512495300,
                        36.16096669200
                    ]
                ]
            }
        },
        {
            "type": "Feature",
            "properties": {
                "OBJECTID": "7248"
            },
            "geometry": {
                "type": "Polygon",
                "coordinates": [
                    [
                        -95.98827911700,
                        36.15919716400
                    ],
                    [
                        -95.98827672100,
                        36.15919522900
                    ],
                    [
                        -95.98826474000,
                        36.15919909800
                    ],
                    [
                        -95.98826474000,
                        36.15920103300
                    ],
                    [
                        -95.98827911700,
                        36.15919716400
                    ]
                ]
            }
        },
        {
            "type": "Feature",
            "properties": {
                "OBJECTID": "6161"
            },
            "geometry": {
                "type": "Polygon",
                "coordinates": [
                    [
                        -95.99274080600,
                        36.16419415400
                    ],
                    [
                        -95.99281269200,
                        36.16416900500
                    ],
                    [
                        -95.99277674900,
                        36.16409549400
                    ],
                    [
                        -95.99270486300,
                        36.16412064300
                    ],
                    [
                        -95.99274080600,
                        36.16419415400
                    ]
                ]
            }
        },
        {
            "type": "Feature",
            "properties": {
                "OBJECTID": "6391"
            },
            "geometry": {
                "type": "Polygon",
                "coordinates": [
                    [
                        -95.99361541200,
                        36.16278968900
                    ],
                    [
                        -95.99368729800,
                        36.16276454000
                    ],
                    [
                        -95.99362499700,
                        36.16264459900
                    ],
                    [
                        -95.99355071500,
                        36.16266974800
                    ],
                    [
                        -95.99361541200,
                        36.16278968900
                    ]
                ]
            }
        },
        {
            "type": "Feature",
            "properties": {
                "OBJECTID": "6297"
            },
            "geometry": {
                "type": "Polygon",
                "coordinates": [
                    [
                        -95.99373282500,
                        36.16325204300
                    ],
                    [
                        -95.99382388000,
                        36.16322109100
                    ],
                    [
                        -95.99379512600,
                        36.16316692400
                    ],
                    [
                        -95.99370407100,
                        36.16319594200
                    ],
                    [
                        -95.99373282500,
                        36.16325204300
                    ]
                ]
            }
        },
        {
            "type": "Feature",
            "properties": {
                "OBJECTID": "6583"
            },
            "geometry": {
                "type": "Polygon",
                "coordinates": [
                    [
                        -95.99230949400,
                        36.16199072000
                    ],
                    [
                        -95.99230709700,
                        36.16198878500
                    ],
                    [
                        -95.99230230500,
                        36.16199265400
                    ],
                    [
                        -95.99230470100,
                        36.16199458900
                    ],
                    [
                        -95.99230949400,
                        36.16199072000
                    ]
                ]
            }
        },
        {
            "type": "Feature",
            "properties": {
                "PRIMARY": "UNKNOWN",
                "STREET": "EXETER PL",
                "address": ["EXETER PL"],
                "OBJECTID": "6126"
            },
            "geometry": {
                "type": "Polygon",
                "coordinates": [
                    [
                        -95.98906985700,
                        36.16481899700
                    ],
                    [
                        -95.98921602400,
                        36.16481899700
                    ],
                    [
                        -95.98921602400,
                        36.16475515900
                    ],
                    [
                        -95.98906985700,
                        36.16475515900
                    ],
                    [
                        -95.98906985700,
                        36.16481899700
                    ]
                ]
            }
        },
        {
            "type": "Feature",
            "properties": {
                "buildings": [709],
                "STREET": "HARTFORD AVE",
                "PRIMARY": "400",
                "address": ["400 HARTFORD AVE"],
                "OBJECTID": "6357"
            },
            "geometry": {
                "type": "Polygon",
                "coordinates": [
                    [
                        -95.98576073100,
                        36.16300829200
                    ],
                    [
                        -95.98576792000,
                        36.16285159500
                    ],
                    [
                        -95.98566967700,
                        36.16284966000
                    ],
                    [
                        -95.98566248800,
                        36.16300635800
                    ],
                    [
                        -95.98576073100,
                        36.16300829200
                    ]
                ]
            }
        },
        {
            "type": "Feature",
            "properties": {
                "address": ["302 HARTFORD AVE"],
                "buildings": [722],
                "STREET": "HARTFORD AVE",
                "OBJECTID": "6808",
                "PRIMARY": "302"
            },
            "geometry": {
                "type": "Polygon",
                "coordinates": [
                    [
                        -95.98548996300,
                        36.16128653600
                    ],
                    [
                        -95.98558820600,
                        36.16128653600
                    ],
                    [
                        -95.98558820600,
                        36.16123430300
                    ],
                    [
                        -95.98548996300,
                        36.16123430300
                    ],
                    [
                        -95.98548996300,
                        36.16128653600
                    ]
                ]
            }
        },
        {
            "type": "Feature",
            "properties": {
                "address": ["111 FRANKFORT AVE"],
                "PRIMARY": "111",
                "OBJECTID": "7135",
                "buildings": [63],
                "STREET": "FRANKFORT AVE"
            },
            "geometry": {
                "type": "Polygon",
                "coordinates": [
                    [
                        -95.98719364800,
                        36.15978238700
                    ],
                    [
                        -95.98727991000,
                        36.15975530200
                    ],
                    [
                        -95.98726074100,
                        36.15972047900
                    ],
                    [
                        -95.98717567600,
                        36.15974853100
                    ],
                    [
                        -95.98719364800,
                        36.15978238700
                    ]
                ]
            }
        },
        {
            "type": "Feature",
            "properties": {
                "OBJECTID": "6262"
            },
            "geometry": {
                "type": "Polygon",
                "coordinates": [
                    [
                        -95.99097961300,
                        36.16350933600
                    ],
                    [
                        -95.99107546000,
                        36.16347838300
                    ],
                    [
                        -95.99106108300,
                        36.16344936500
                    ],
                    [
                        -95.99096523600,
                        36.16347838300
                    ],
                    [
                        -95.99097961300,
                        36.16350933600
                    ]
                ]
            }
        },
        {
            "type": "Feature",
            "properties": {
                "address": ["322 HARTFORD AVE"],
                "buildings": [711],
                "STREET": "HARTFORD AVE",
                "PRIMARY": "322",
                "OBJECTID": "6520"
            },
            "geometry": {
                "type": "Polygon",
                "coordinates": [
                    [
                        -95.98548277400,
                        36.16220352100
                    ],
                    [
                        -95.98559060300,
                        36.16220352100
                    ],
                    [
                        -95.98559060300,
                        36.16215515700
                    ],
                    [
                        -95.98548277400,
                        36.16215515700
                    ],
                    [
                        -95.98548277400,
                        36.16220352100
                    ]
                ]
            }
        },
        {
            "type": "Feature",
            "properties": {
                "OBJECTID": "6502"
            },
            "geometry": {
                "type": "Polygon",
                "coordinates": [
                    [
                        -95.99325598500,
                        36.16227316500
                    ],
                    [
                        -95.99336620900,
                        36.16223834300
                    ],
                    [
                        -95.99331589000,
                        36.16213194300
                    ],
                    [
                        -95.99320566500,
                        36.16216676500
                    ],
                    [
                        -95.99325598500,
                        36.16227316500
                    ]
                ]
            }
        },
        {
            "type": "Feature",
            "properties": {
                "OBJECTID": "6854"
            },
            "geometry": {
                "type": "Polygon",
                "coordinates": [
                    [
                        -95.98718406300,
                        36.16108920900
                    ],
                    [
                        -95.98718406300,
                        36.16105245200
                    ],
                    [
                        -95.98716968600,
                        36.16105245200
                    ],
                    [
                        -95.98716968600,
                        36.16108920900
                    ],
                    [
                        -95.98718406300,
                        36.16108920900
                    ]
                ]
            }
        },
        {
            "type": "Feature",
            "properties": {
                "OBJECTID": "7038"
            },
            "geometry": {
                "type": "Polygon",
                "coordinates": [
                    [
                        -95.99027274000,
                        36.16026894100
                    ],
                    [
                        -95.99032545600,
                        36.16025926800
                    ],
                    [
                        -95.99033264400,
                        36.16024185700
                    ],
                    [
                        -95.99032306000,
                        36.16023798800
                    ],
                    [
                        -95.99030868300,
                        36.16024959500
                    ],
                    [
                        -95.99030389000,
                        36.16024572600
                    ],
                    [
                        -95.99027992800,
                        36.16025539900
                    ],
                    [
                        -95.99027274000,
                        36.16026894100
                    ]
                ]
            }
        },
        {
            "type": "Feature",
            "properties": {
                "buildings": [1133,1134],
                "PRIMARY": "UNKNOWN",
                "OBJECTID": "5702",
                "STREET": "ARCHER ST",
                "address": ["ARCHER ST"]
            },
            "geometry": {
                "type": "Polygon",
                "coordinates": [
                    [
                        -95.98875914500,
                        36.15866320400
                    ],
                    [
                        -95.98873360100,
                        36.15867158100
                    ],
                    [
                        -95.98876633300,
                        36.15873414700
                    ],
                    [
                        -95.98879110900,
                        36.15872381600
                    ],
                    [
                        -95.98875914500,
                        36.15866320400
                    ]
                ]
            }
        },
        {
            "type": "Feature",
            "properties": {
                "PRIMARY": "308",
                "OBJECTID": "6702",
                "address": ["308 FRANKFORT AVE"],
                "buildings": [587],
                "STREET": "FRANKFORT AVE"
            },
            "geometry": {
                "type": "Polygon",
                "coordinates": [
                    [
                        -95.98795084100,
                        36.16157091900
                    ],
                    [
                        -95.98802991500,
                        36.16157091900
                    ],
                    [
                        -95.98802991500,
                        36.16149547000
                    ],
                    [
                        -95.98795084100,
                        36.16149547000
                    ],
                    [
                        -95.98795084100,
                        36.16157091900
                    ]
                ]
            }
        },
        {
            "type": "Feature",
            "properties": {
                "PRIMARY": "319",
                "address": ["319 EXETER PL"],
                "STREET": "EXETER PL",
                "buildings": [506],
                "OBJECTID": "6444"
            },
            "geometry": {
                "type": "Polygon",
                "coordinates": [
                    [
                        -95.98877991900,
                        36.16249563900
                    ],
                    [
                        -95.98884940800,
                        36.16249563900
                    ],
                    [
                        -95.98884940800,
                        36.16245114400
                    ],
                    [
                        -95.98877991900,
                        36.16245114400
                    ],
                    [
                        -95.98877991900,
                        36.16249563900
                    ]
                ]
            }
        },
        {
            "type": "Feature",
            "properties": {
                "STREET": "CAMERON ST",
                "OBJECTID": "6793",
                "address": ["513 CAMERON ST"],
                "PRIMARY": "513"
            },
            "geometry": {
                "type": "Polygon",
                "coordinates": [
                    [
                        -95.98728949500,
                        36.16131749000
                    ],
                    [
                        -95.98729189100,
                        36.16124204100
                    ],
                    [
                        -95.98722240200,
                        36.16124010600
                    ],
                    [
                        -95.98722000600,
                        36.16131555500
                    ],
                    [
                        -95.98728949500,
                        36.16131749000
                    ]
                ]
            }
        },
        {
            "type": "Feature",
            "properties": {
                "buildings": [64],
                "OBJECTID": "7118",
                "PRIMARY": "111.5",
                "address": ["111.5 FRANKFORT AVE"],
                "STREET": "FRANKFORT AVE"
            },
            "geometry": {
                "type": "Polygon",
                "coordinates": [
                    [
                        -95.98713613900,
                        36.15984913100
                    ],
                    [
                        -95.98717687400,
                        36.15983752400
                    ],
                    [
                        -95.98713254500,
                        36.15975627000
                    ],
                    [
                        -95.98709420600,
                        36.15976884500
                    ],
                    [
                        -95.98713613900,
                        36.15984913100
                    ]
                ]
            }
        },
        {
            "type": "Feature",
            "properties": {
                "OBJECTID": "5597",
                "buildings": [781],
                "STREET": "GREENWOOD AVE",
                "PRIMARY": "102",
                "address": ["102 GREENWOOD AVE"]
            },
            "geometry": {
                "type": "Polygon",
                "coordinates": [
                    [
                        -95.98622079800,
                        36.15984236000
                    ],
                    [
                        -95.98625913700,
                        36.15992167900
                    ],
                    [
                        -95.98638733300,
                        36.15988105200
                    ],
                    [
                        -95.98638853100,
                        36.15987234700
                    ],
                    [
                        -95.98625913700,
                        36.15982881800
                    ],
                    [
                        -95.98622079800,
                        36.15984236000
                    ]
                ]
            }
        },
        {
            "type": "Feature",
            "properties": {
                "OBJECTID": "6656",
                "address": ["310 GREENWOOD AVE"],
                "STREET": "GREENWOOD AVE",
                "PRIMARY": "310"
            },
            "geometry": {
                "type": "Polygon",
                "coordinates": [
                    [
                        -95.98675035400,
                        36.16175663700
                    ],
                    [
                        -95.98685339000,
                        36.16175663700
                    ],
                    [
                        -95.98685339000,
                        36.16169279700
                    ],
                    [
                        -95.98675035400,
                        36.16169279700
                    ],
                    [
                        -95.98675035400,
                        36.16175663700
                    ]
                ]
            }
        },
        {
            "type": "Feature",
            "properties": {
                "OBJECTID": "7628"
            },
            "geometry": {
                "type": "Polygon",
                "coordinates": [
                    [
                        -95.98870563800,
                        36.15712514700
                    ],
                    [
                        -95.98880627700,
                        36.15709419200
                    ],
                    [
                        -95.98879669300,
                        36.15707484600
                    ],
                    [
                        -95.98869605300,
                        36.15710386600
                    ],
                    [
                        -95.98870563800,
                        36.15712514700
                    ]
                ]
            }
        },
        {
            "type": "Feature",
            "properties": {
                "PRIMARY": "UNKNOWN",
                "OBJECTID": "5584",
                "STREET": "EXETER PL",
                "address": ["EXETER PL"]
            },
            "geometry": {
                "type": "Polygon",
                "coordinates": [
                    [
                        -95.98908902700,
                        36.16502985600
                    ],
                    [
                        -95.98919685500,
                        36.16502985600
                    ],
                    [
                        -95.98919685500,
                        36.16496601800
                    ],
                    [
                        -95.98908902700,
                        36.16496601800
                    ],
                    [
                        -95.98908902700,
                        36.16502985600
                    ]
                ]
            }
        },
        {
            "type": "Feature",
            "properties": {
                "address": ["503 FRANKFORT AVE"],
                "PRIMARY": "503",
                "OBJECTID": "6245",
                "STREET": "FRANKFORT AVE"
            },
            "geometry": {
                "type": "Polygon",
                "coordinates": [
                    [
                        -95.98746920800,
                        36.16361766900
                    ],
                    [
                        -95.98764892200,
                        36.16361380000
                    ],
                    [
                        -95.98764652600,
                        36.16356930600
                    ],
                    [
                        -95.98746920800,
                        36.16357317500
                    ],
                    [
                        -95.98746920800,
                        36.16361766900
                    ]
                ]
            }
        },
        {
            "type": "Feature",
            "properties": {
                "PRIMARY": "UNKNOWN",
                "address": ["HARTFORD AVE"],
                "STREET": "HARTFORD AVE",
                "buildings": [287,1047,1048,1099,1100],
                "OBJECTID": "7004"
            },
            "geometry": {
                "type": "Polygon",
                "coordinates": [
                    [
                        -95.98488253100,
                        36.16045466300
                    ],
                    [
                        -95.98494722800,
                        36.16043338200
                    ],
                    [
                        -95.98492805900,
                        36.16040242900
                    ],
                    [
                        -95.98486695600,
                        36.16042370900
                    ],
                    [
                        -95.98488253100,
                        36.16045466300
                    ]
                ]
            }
        },
        {
            "type": "Feature",
            "properties": {
                "OBJECTID": "7408"
            },
            "geometry": {
                "type": "Polygon",
                "coordinates": [
                    [
                        -95.98315368700,
                        36.15829755500
                    ],
                    [
                        -95.98322557200,
                        36.15827240500
                    ],
                    [
                        -95.98320640300,
                        36.15823951600
                    ],
                    [
                        -95.98313451700,
                        36.15826466600
                    ],
                    [
                        -95.98315368700,
                        36.15829755500
                    ]
                ]
            }
        },
        {
            "type": "Feature",
            "properties": {
                "STREET": "HASKELL ST",
                "PRIMARY": "409",
                "OBJECTID": "6141",
                "address": ["409 HASKELL ST"],
                "buildings": [92]
            },
            "geometry": {
                "type": "Polygon",
                "coordinates": [
                    [
                        -95.99074478800,
                        36.16446691900
                    ],
                    [
                        -95.99082386100,
                        36.16446691900
                    ],
                    [
                        -95.99082386100,
                        36.16437599700
                    ],
                    [
                        -95.99074478800,
                        36.16437599700
                    ],
                    [
                        -95.99074478800,
                        36.16446691900
                    ]
                ]
            }
        },
        {
            "type": "Feature",
            "properties": {
                "PRIMARY": "UNKNOWN",
                "address": ["HARTFORD AVE"],
                "STREET": "HARTFORD AVE",
                "buildings": [287,1047,1048,1099,1100],
                "OBJECTID": "6379"
            },
            "geometry": {
                "type": "Polygon",
                "coordinates": [
                    [
                        -95.98583501300,
                        36.16287674400
                    ],
                    [
                        -95.98589491800,
                        36.16287674400
                    ],
                    [
                        -95.98589491800,
                        36.16284772600
                    ],
                    [
                        -95.98583501300,
                        36.16284772600
                    ],
                    [
                        -95.98583501300,
                        36.16287674400
                    ]
                ]
            }
        },
        {
            "type": "Feature",
            "properties": {
                "OBJECTID": "5547"
            },
            "geometry": {
                "type": "Polygon",
                "coordinates": [
                    [
                        -95.99080349400,
                        36.15955893900
                    ],
                    [
                        -95.99072921200,
                        36.15942061300
                    ],
                    [
                        -95.99050277300,
                        36.15950090000
                    ],
                    [
                        -95.99057705500,
                        36.15963825800
                    ],
                    [
                        -95.99080349400,
                        36.15955893900
                    ]
                ]
            }
        },
        {
            "type": "Feature",
            "properties": {
                "address": ["ELGIN AVE"],
                "STREET": "ELGIN AVE",
                "PRIMARY": "UNKNOWN",
                "OBJECTID": "6197"
            },
            "geometry": {
                "type": "Polygon",
                "coordinates": [
                    [
                        -95.99050037700,
                        36.16398135800
                    ],
                    [
                        -95.99057705500,
                        36.16395427500
                    ],
                    [
                        -95.99055309300,
                        36.16390978100
                    ],
                    [
                        -95.99047641500,
                        36.16393686400
                    ],
                    [
                        -95.99050037700,
                        36.16398135800
                    ]
                ]
            }
        },
        {
            "type": "Feature",
            "properties": {
                "PRIMARY": "UNKNOWN",
                "OBJECTID": "6914",
                "address": ["HARTFORD AVE"],
                "STREET": "HARTFORD AVE",
                "buildings": [287,1047,1048,1099,1100]
            },
            "geometry": {
                "type": "Polygon",
                "coordinates": [
                    [
                        -95.98565290300,
                        36.16084932000
                    ],
                    [
                        -95.98574156200,
                        36.16081836700
                    ],
                    [
                        -95.98572478900,
                        36.16078547900
                    ],
                    [
                        -95.98563732800,
                        36.16081836700
                    ],
                    [
                        -95.98565290300,
                        36.16084932000
                    ]
                ]
            }
        },
        {
            "type": "Feature",
            "properties": {
                "buildings": [1133,1134],
                "PRIMARY": "UNKNOWN",
                "OBJECTID": "7265",
                "STREET": "ARCHER ST",
                "address": ["ARCHER ST"]
            },
            "geometry": {
                "type": "Polygon",
                "coordinates": [
                    [
                        -95.98906865900,
                        36.15916717700
                    ],
                    [
                        -95.98916211000,
                        36.15913525500
                    ],
                    [
                        -95.98910460200,
                        36.15902594900
                    ],
                    [
                        -95.98901115100,
                        36.15905787000
                    ],
                    [
                        -95.98906865900,
                        36.15916717700
                    ]
                ]
            }
        },
        {
            "type": "Feature",
            "properties": {
                "OBJECTID": "5778"
            },
            "geometry": {
                "type": "Polygon",
                "coordinates": [
                    [
                        -95.98581524500,
                        36.15775923700
                    ],
                    [
                        -95.98586376700,
                        36.15774134100
                    ],
                    [
                        -95.98584759300,
                        36.15771135400
                    ],
                    [
                        -95.98585358300,
                        36.15770845200
                    ],
                    [
                        -95.98582782400,
                        36.15765718300
                    ],
                    [
                        -95.98581943800,
                        36.15766008500
                    ],
                    [
                        -95.98581284800,
                        36.15764654200
                    ],
                    [
                        -95.98576552400,
                        36.15766395400
                    ],
                    [
                        -95.98577031600,
                        36.15767749700
                    ],
                    [
                        -95.98574276000,
                        36.15768717000
                    ],
                    [
                        -95.98577091500,
                        36.15773698800
                    ],
                    [
                        -95.98579727300,
                        36.15772779800
                    ],
                    [
                        -95.98581524500,
                        36.15775923700
                    ]
                ]
            }
        },
        {
            "type": "Feature",
            "properties": {
                "OBJECTID": "6334"
            },
            "geometry": {
                "type": "Polygon",
                "coordinates": [
                    [
                        -95.99082865400,
                        36.16310888800
                    ],
                    [
                        -95.99094606700,
                        36.16306632800
                    ],
                    [
                        -95.99091970900,
                        36.16301990000
                    ],
                    [
                        -95.99080229600,
                        36.16306052500
                    ],
                    [
                        -95.99082865400,
                        36.16310888800
                    ]
                ]
            }
        },
        {
            "type": "Feature",
            "properties": {
                "OBJECTID": "6304",
                "PRIMARY": "UNKNOWN",
                "address": ["EASTON PL"],
                "STREET": "EASTON PL"
            },
            "geometry": {
                "type": "Polygon",
                "coordinates": [
                    [
                        -95.98846602000,
                        36.16322689500
                    ],
                    [
                        -95.98846602000,
                        36.16317272800
                    ],
                    [
                        -95.98845164200,
                        36.16317272800
                    ],
                    [
                        -95.98845164200,
                        36.16322689500
                    ],
                    [
                        -95.98846602000,
                        36.16322689500
                    ]
                ]
            }
        },
        {
            "type": "Feature",
            "properties": {
                "PRIMARY": "309",
                "OBJECTID": "6625",
                "buildings": [808],
                "address": ["309 HARTFORD AVE"],
                "STREET": "HARTFORD AVE"
            },
            "geometry": {
                "type": "Polygon",
                "coordinates": [
                    [
                        -95.98502510400,
                        36.16186303900
                    ],
                    [
                        -95.98516647900,
                        36.16186303900
                    ],
                    [
                        -95.98516647900,
                        36.16181467400
                    ],
                    [
                        -95.98502510400,
                        36.16181467400
                    ],
                    [
                        -95.98502510400,
                        36.16186303900
                    ]
                ]
            }
        },
        {
            "type": "Feature",
            "properties": {
                "OBJECTID": "6475"
            },
            "geometry": {
                "type": "Polygon",
                "coordinates": [
                    [
                        -95.99114495000,
                        36.16237763100
                    ],
                    [
                        -95.99118089200,
                        36.16236408900
                    ],
                    [
                        -95.99114734600,
                        36.16229831400
                    ],
                    [
                        -95.99110900700,
                        36.16230992200
                    ],
                    [
                        -95.99114495000,
                        36.16237763100
                    ]
                ]
            }
        },
        {
            "type": "Feature",
            "properties": {
                "OBJECTID": "6812"
            },
            "geometry": {
                "type": "Polygon",
                "coordinates": [
                    [
                        -95.99017210000,
                        36.16127299400
                    ],
                    [
                        -95.99025357000,
                        36.16124591000
                    ],
                    [
                        -95.99023919300,
                        36.16121495700
                    ],
                    [
                        -95.99015532700,
                        36.16124204100
                    ],
                    [
                        -95.99017210000,
                        36.16127299400
                    ]
                ]
            }
        },
        {
            "type": "Feature",
            "properties": {
                "buildings": [1019,1020],
                "PRIMARY": "UNKNOWN",
                "OBJECTID": "7144",
                "address": ["FRANKFORT AVE"],
                "STREET": "FRANKFORT AVE"
            },
            "geometry": {
                "type": "Polygon",
                "coordinates": [
                    [
                        -95.98781665500,
                        36.15974853100
                    ],
                    [
                        -95.98783901100,
                        36.15973112000
                    ],
                    [
                        -95.98779427500,
                        36.15968726200
                    ],
                    [
                        -95.98776712600,
                        36.15970273900
                    ],
                    [
                        -95.98781665500,
                        36.15974853100
                    ]
                ]
            }
        },
        {
            "type": "Feature",
            "properties": {
                "OBJECTID": "6265"
            },
            "geometry": {
                "type": "Polygon",
                "coordinates": [
                    [
                        -95.99189974700,
                        36.16350546600
                    ],
                    [
                        -95.99201716000,
                        36.16346677600
                    ],
                    [
                        -95.99195485900,
                        36.16334683500
                    ],
                    [
                        -95.99181588000,
                        36.16339326400
                    ],
                    [
                        -95.99184942700,
                        36.16346097200
                    ],
                    [
                        -95.99187338900,
                        36.16345516900
                    ],
                    [
                        -95.99189974700,
                        36.16350546600
                    ]
                ]
            }
        },
        {
            "type": "Feature",
            "properties": {
                "buildings": [583],
                "OBJECTID": "6561",
                "address": ["316 FRANKFORT AVE"],
                "PRIMARY": "316",
                "STREET": "FRANKFORT AVE"
            },
            "geometry": {
                "type": "Polygon",
                "coordinates": [
                    [
                        -95.98793167100,
                        36.16206810200
                    ],
                    [
                        -95.98806825400,
                        36.16206810200
                    ],
                    [
                        -95.98806825400,
                        36.16202360700
                    ],
                    [
                        -95.98793167100,
                        36.16202360700
                    ],
                    [
                        -95.98793167100,
                        36.16206810200
                    ]
                ]
            }
        },
        {
            "type": "Feature",
            "properties": {
                "OBJECTID": "6403"
            },
            "geometry": {
                "type": "Polygon",
                "coordinates": [
                    [
                        -95.99124558900,
                        36.16271811100
                    ],
                    [
                        -95.99124319300,
                        36.16271230800
                    ],
                    [
                        -95.99122642000,
                        36.16271811100
                    ],
                    [
                        -95.99122881600,
                        36.16272198000
                    ],
                    [
                        -95.99124558900,
                        36.16271811100
                    ]
                ]
            }
        },
        {
            "type": "Feature",
            "properties": {
                "PRIMARY": "UNKNOWN",
                "address": ["GREENWOOD AVE"],
                "STREET": "GREENWOOD AVE",
                "OBJECTID": "6764",
                "buildings": [1057,1058]
            },
            "geometry": {
                "type": "Polygon",
                "coordinates": [
                    [
                        -95.98707383900,
                        36.16140067600
                    ],
                    [
                        -95.98712895100,
                        36.16140067600
                    ],
                    [
                        -95.98712895100,
                        36.16133683500
                    ],
                    [
                        -95.98707383900,
                        36.16133683500
                    ],
                    [
                        -95.98707383900,
                        36.16140067600
                    ]
                ]
            }
        },
        {
            "type": "Feature",
            "properties": {
                "buildings": [762,763],
                "OBJECTID": "7050",
                "PRIMARY": "613,615",
                "address": ["613 ARCHER ST","615 ARCHER ST"],
                "STREET": "ARCHER ST"
            },
            "geometry": {
                "type": "Polygon",
                "coordinates": [
                    [
                        -95.98544922800,
                        36.16022380700
                    ],
                    [
                        -95.98551392500,
                        36.16019736100
                    ],
                    [
                        -95.98546839700,
                        36.16010513800
                    ],
                    [
                        -95.98540291000,
                        36.16012835400
                    ],
                    [
                        -95.98544922800,
                        36.16022380700
                    ]
                ]
            }
        },
        {
            "type": "Feature",
            "properties": {
                "OBJECTID": "5717"
            },
            "geometry": {
                "type": "Polygon",
                "coordinates": [
                    [
                        -95.98960660200,
                        36.15795641700
                    ],
                    [
                        -95.98953311100,
                        36.15781905600
                    ],
                    [
                        -95.98940771900,
                        36.15786355300
                    ],
                    [
                        -95.98947960400,
                        36.15800155300
                    ],
                    [
                        -95.98960660200,
                        36.15795641700
                    ]
                ]
            }
        },
        {
            "type": "Feature",
            "properties": {
                "OBJECTID": "6745"
            },
            "geometry": {
                "type": "Polygon",
                "coordinates": [
                    [
                        -95.99046443400,
                        36.16142582600
                    ],
                    [
                        -95.99045964200,
                        36.16142195700
                    ],
                    [
                        -95.99045005700,
                        36.16142969500
                    ],
                    [
                        -95.99045485000,
                        36.16143356400
                    ],
                    [
                        -95.99046443400,
                        36.16142582600
                    ]
                ]
            }
        },
        {
            "type": "Feature",
            "properties": {
                "address": ["113 Rear GREENWOOD AVE"],
                "OBJECTID": "5566",
                "PRIMARY": "113 Rear",
                "STREET": "GREENWOOD AVE"
            },
            "geometry": {
                "type": "Polygon",
                "coordinates": [
                    [
                        -95.98581344700,
                        36.16035503100
                    ],
                    [
                        -95.98575234500,
                        36.16037147500
                    ],
                    [
                        -95.98575833500,
                        36.16038598500
                    ],
                    [
                        -95.98572838300,
                        36.16039856000
                    ],
                    [
                        -95.98573557200,
                        36.16041500400
                    ],
                    [
                        -95.98572239300,
                        36.16041693800
                    ],
                    [
                        -95.98573796800,
                        36.16044982700
                    ],
                    [
                        -95.98584220200,
                        36.16041597100
                    ],
                    [
                        -95.98581344700,
                        36.16035503100
                    ]
                ]
            }
        },
        {
            "type": "Feature",
            "properties": {
                "OBJECTID": "6215"
            },
            "geometry": {
                "type": "Polygon",
                "coordinates": [
                    [
                        -95.99344528300,
                        36.16384787600
                    ],
                    [
                        -95.99358905400,
                        36.16379951400
                    ],
                    [
                        -95.99355790400,
                        36.16373760900
                    ],
                    [
                        -95.99341413300,
                        36.16378597200
                    ],
                    [
                        -95.99344528300,
                        36.16384787600
                    ]
                ]
            }
        },
        {
            "type": "Feature",
            "properties": {
                "PRIMARY": "UNKNOWN",
                "OBJECTID": "6979",
                "address": ["HARTFORD AVE"],
                "STREET": "HARTFORD AVE",
                "buildings": [287,1047,1048,1099,1100]
            },
            "geometry": {
                "type": "Polygon",
                "coordinates": [
                    [
                        -95.98568645000,
                        36.16059008500
                    ],
                    [
                        -95.98567566700,
                        36.16056687000
                    ],
                    [
                        -95.98560737600,
                        36.16059008500
                    ],
                    [
                        -95.98561935700,
                        36.16061233300
                    ],
                    [
                        -95.98568645000,
                        36.16059008500
                    ]
                ]
            }
        },
        {
            "type": "Feature",
            "properties": {
                "POI": "WAREHOUSE",
                "OBJECTID": "7341"
            },
            "geometry": {
                "type": "Polygon",
                "coordinates": [
                    [
                        -95.98704628200,
                        36.15873285100
                    ],
                    [
                        -95.98711337500,
                        36.15871060300
                    ],
                    [
                        -95.98698278400,
                        36.15846780500
                    ],
                    [
                        -95.98691928500,
                        36.15848908600
                    ],
                    [
                        -95.98704628200,
                        36.15873285100
                    ]
                ]
            }
        },
        {
            "type": "Feature",
            "properties": {
                "buildings": [54],
                "STREET": "ELGIN AVE",
                "OBJECTID": "5616",
                "address": ["116 ELGIN AVE"],
                "PRIMARY": "116"
            },
            "geometry": {
                "type": "Polygon",
                "coordinates": [
                    [
                        -95.98882144500,
                        36.15946027300
                    ],
                    [
                        -95.98885738800,
                        36.15953055800
                    ],
                    [
                        -95.98902672600,
                        36.15947445400
                    ],
                    [
                        -95.98900834700,
                        36.15943835300
                    ],
                    [
                        -95.98899636600,
                        36.15944156500
                    ],
                    [
                        -95.98898999200,
                        36.15943061500
                    ],
                    [
                        -95.98897000800,
                        36.15943705700
                    ],
                    [
                        -95.98896123800,
                        36.15942415400
                    ],
                    [
                        -95.98889812300,
                        36.15944930400
                    ],
                    [
                        -95.98890612600,
                        36.15946350300
                    ],
                    [
                        -95.98888135000,
                        36.15947124200
                    ],
                    [
                        -95.98886778700,
                        36.15944286100
                    ],
                    [
                        -95.98882144500,
                        36.15946027300
                    ]
                ]
            }
        },
        {
            "type": "Feature",
            "properties": {
                "address": ["314 HARTFORD AVE"],
                "OBJECTID": "6679",
                "STREET": "HARTFORD AVE",
                "buildings": [717],
                "PRIMARY": "314"
            },
            "geometry": {
                "type": "Polygon",
                "coordinates": [
                    [
                        -95.98558101800,
                        36.16165990900
                    ],
                    [
                        -95.98558341400,
                        36.16163089000
                    ],
                    [
                        -95.98548996300,
                        36.16162702100
                    ],
                    [
                        -95.98548756700,
                        36.16165604000
                    ],
                    [
                        -95.98558101800,
                        36.16165990900
                    ]
                ]
            }
        },
        {
            "type": "Feature",
            "properties": {
                "OBJECTID": "7736"
            },
            "geometry": {
                "type": "Polygon",
                "coordinates": [
                    [
                        -95.98914653500,
                        36.15621390700
                    ],
                    [
                        -95.98920643900,
                        36.15619262500
                    ],
                    [
                        -95.98911538500,
                        36.15602043600
                    ],
                    [
                        -95.98905548000,
                        36.15604171800
                    ],
                    [
                        -95.98914653500,
                        36.15621390700
                    ]
                ]
            }
        },
        {
            "type": "Feature",
            "properties": {
                "OBJECTID": "624"
            },
            "geometry": {
                "type": "Polygon",
                "coordinates": [
                    [
                        -95.98189524000,
                        36.15940557400
                    ],
                    [
                        -95.98189524000,
                        36.15935265600
                    ],
                    [
                        -95.98179328400,
                        36.15935265600
                    ],
                    [
                        -95.98179328400,
                        36.15940557400
                    ],
                    [
                        -95.98189524000,
                        36.15940557400
                    ]
                ]
            }
        },
        {
            "type": "Feature",
            "properties": {
                "OBJECTID": "6178"
            },
            "geometry": {
                "type": "Polygon",
                "coordinates": [
                    [
                        -95.99133185200,
                        36.16413418400
                    ],
                    [
                        -95.99143488800,
                        36.16409936300
                    ],
                    [
                        -95.99138936000,
                        36.16400650700
                    ],
                    [
                        -95.99128392800,
                        36.16404326200
                    ],
                    [
                        -95.99133185200,
                        36.16413418400
                    ]
                ]
            }
        },
        {
            "type": "Feature",
            "properties": {
                "OBJECTID": "6899",
                "STREET": "GREENWOOD AVE",
                "PRIMARY": "129",
                "address": ["129 GREENWOOD AVE"]
            },
            "geometry": {
                "type": "Polygon",
                "coordinates": [
                    [
                        -95.98635977700,
                        36.16092380200
                    ],
                    [
                        -95.98646880300,
                        36.16088994700
                    ],
                    [
                        -95.98643645400,
                        36.16082707200
                    ],
                    [
                        -95.98632982400,
                        36.16086189500
                    ],
                    [
                        -95.98635977700,
                        36.16092380200
                    ]
                ]
            }
        },
        {
            "type": "Feature",
            "properties": {
                "buildings": [1133,1134],
                "PRIMARY": "UNKNOWN",
                "OBJECTID": "7233",
                "STREET": "ARCHER ST",
                "address": ["ARCHER ST"]
            },
            "geometry": {
                "type": "Polygon",
                "coordinates": [
                    [
                        -95.98872720300,
                        36.15928422200
                    ],
                    [
                        -95.98887337000,
                        36.15923392200
                    ],
                    [
                        -95.98878111700,
                        36.15903755600
                    ],
                    [
                        -95.98862896000,
                        36.15909269300
                    ],
                    [
                        -95.98872720300,
                        36.15928422200
                    ]
                ]
            }
        },
        {
            "type": "Feature",
            "properties": {
                "OBJECTID": "6168"
            },
            "geometry": {
                "type": "Polygon",
                "coordinates": [
                    [
                        -95.99152115000,
                        36.16416320200
                    ],
                    [
                        -95.99150437700,
                        36.16413031500
                    ],
                    [
                        -95.99148520700,
                        36.16413805300
                    ],
                    [
                        -95.99150198100,
                        36.16416900500
                    ],
                    [
                        -95.99152115000,
                        36.16416320200
                    ]
                ]
            }
        },
        {
            "type": "Feature",
            "properties": {
                "PRIMARY": "UNKNOWN",
                "address": ["GREENWOOD AVE"],
                "OBJECTID": "6383",
                "STREET": "GREENWOOD AVE",
                "buildings": [1057,1058]
            },
            "geometry": {
                "type": "Polygon",
                "coordinates": [
                    [
                        -95.98668565700,
                        36.16283418400
                    ],
                    [
                        -95.98672160000,
                        36.16283418400
                    ],
                    [
                        -95.98672160000,
                        36.16280903500
                    ],
                    [
                        -95.98668565700,
                        36.16280903500
                    ],
                    [
                        -95.98668565700,
                        36.16283418400
                    ]
                ]
            }
        },
        {
            "type": "Feature",
            "properties": {
                "PRIMARY": "617",
                "OBJECTID": "5555",
                "buildings": [761],
                "address": ["617 ARCHER ST"],
                "STREET": "ARCHER ST"
            },
            "geometry": {
                "type": "Polygon",
                "coordinates": [
                    [
                        -95.98540370000,
                        36.16023024900
                    ],
                    [
                        -95.98535577700,
                        36.16014415900
                    ],
                    [
                        -95.98531264600,
                        36.16015770200
                    ],
                    [
                        -95.98530785300,
                        36.16014996300
                    ],
                    [
                        -95.98527191100,
                        36.16016350500
                    ],
                    [
                        -95.98528509000,
                        36.16019445900
                    ],
                    [
                        -95.98527430700,
                        36.16019832800
                    ],
                    [
                        -95.98531504200,
                        36.16026217000
                    ],
                    [
                        -95.98540370000,
                        36.16023024900
                    ]
                ]
            }
        },
        {
            "type": "Feature",
            "properties": {
                "OBJECTID": "6286"
            },
            "geometry": {
                "type": "Polygon",
                "coordinates": [
                    [
                        -95.99281748400,
                        36.16334490100
                    ],
                    [
                        -95.99286780400,
                        36.16332555600
                    ],
                    [
                        -95.99284623800,
                        36.16328880000
                    ],
                    [
                        -95.99279591800,
                        36.16331007900
                    ],
                    [
                        -95.99281748400,
                        36.16334490100
                    ]
                ]
            }
        },
        {
            "type": "Feature",
            "properties": {
                "buildings": [810],
                "STREET": "HARTFORD AVE",
                "PRIMARY": "311",
                "address": ["311 HARTFORD AVE"],
                "OBJECTID": "6585"
            },
            "geometry": {
                "type": "Polygon",
                "coordinates": [
                    [
                        -95.98516408200,
                        36.16199072000
                    ],
                    [
                        -95.98516408200,
                        36.16195396300
                    ],
                    [
                        -95.98505625400,
                        36.16195396300
                    ],
                    [
                        -95.98505625400,
                        36.16199072000
                    ],
                    [
                        -95.98516408200,
                        36.16199072000
                    ]
                ]
            }
        },
        {
            "type": "Feature",
            "properties": {
                "OBJECTID": "6128"
            },
            "geometry": {
                "type": "Polygon",
                "coordinates": [
                    [
                        -95.99103472500,
                        36.16479578300
                    ],
                    [
                        -95.99113296900,
                        36.16475902800
                    ],
                    [
                        -95.99111619600,
                        36.16473001100
                    ],
                    [
                        -95.99101795200,
                        36.16476483100
                    ],
                    [
                        -95.99103472500,
                        36.16479578300
                    ]
                ]
            }
        },
        {
            "type": "Feature",
            "properties": {
                "address": ["409 EASTON ST","411 EASTON ST"],
                "STREET": "EASTON ST",
                "PRIMARY": "409,411",
                "OBJECTID": "6343",
                "buildings": [539]
            },
            "geometry": {
                "type": "Polygon",
                "coordinates": [
                    [
                        -95.98992289700,
                        36.16307213200
                    ],
                    [
                        -95.99008104500,
                        36.16301990000
                    ],
                    [
                        -95.99005468700,
                        36.16296766700
                    ],
                    [
                        -95.98989653900,
                        36.16301990000
                    ],
                    [
                        -95.98992289700,
                        36.16307213200
                    ]
                ]
            }
        },
        {
            "type": "Feature",
            "properties": {
                "PRIMARY": "UNKNOWN",
                "address": ["EASTON ST"],
                "STREET": "EASTON ST",
                "OBJECTID": "6255"
            },
            "geometry": {
                "type": "Polygon",
                "coordinates": [
                    [
                        -95.98696121800,
                        36.16353255000
                    ],
                    [
                        -95.98702591500,
                        36.16353255000
                    ],
                    [
                        -95.98702591500,
                        36.16344549600
                    ],
                    [
                        -95.98696121800,
                        36.16344549600
                    ],
                    [
                        -95.98696121800,
                        36.16353255000
                    ]
                ]
            }
        },
        {
            "type": "Feature",
            "properties": {
                "PRIMARY": "UNKNOWN",
                "OBJECTID": "6528"
            },
            "geometry": {
                "type": "Polygon",
                "coordinates": [
                    [
                        -95.98847800000,
                        36.16219191400
                    ],
                    [
                        -95.98850435800,
                        36.16213968100
                    ],
                    [
                        -95.98844445400,
                        36.16212033500
                    ],
                    [
                        -95.98841809600,
                        36.16217256800
                    ],
                    [
                        -95.98847800000,
                        36.16219191400
                    ]
                ]
            }
        },
        {
            "type": "Feature",
            "properties": {
                "OBJECTID": "571"
            },
            "geometry": {
                "type": "Polygon",
                "coordinates": [
                    [
                        -95.98141458900,
                        36.15969956400
                    ],
                    [
                        -95.98141458900,
                        36.15967016500
                    ],
                    [
                        -95.98123980700,
                        36.15967016500
                    ],
                    [
                        -95.98123980700,
                        36.15969956400
                    ],
                    [
                        -95.98141458900,
                        36.15969956400
                    ]
                ]
            }
        },
        {
            "type": "Feature",
            "properties": {
                "buildings": [1019,1020],
                "PRIMARY": "UNKNOWN",
                "address": ["FRANKFORT AVE"],
                "STREET": "FRANKFORT AVE",
                "OBJECTID": "6479"
            },
            "geometry": {
                "type": "Polygon",
                "coordinates": [
                    [
                        -95.98811138500,
                        36.16235248200
                    ],
                    [
                        -95.98820004300,
                        36.16235248200
                    ],
                    [
                        -95.98820004300,
                        36.16230411800
                    ],
                    [
                        -95.98811138500,
                        36.16230411800
                    ],
                    [
                        -95.98811138500,
                        36.16235248200
                    ]
                ]
            }
        },
        {
            "type": "Feature",
            "properties": {
                "STREET": "ELGIN AVE",
                "PRIMARY": "307",
                "address": ["307 ELGIN AVE"],
                "OBJECTID": "6868",
                "buildings": [489]
            },
            "geometry": {
                "type": "Polygon",
                "coordinates": [
                    [
                        -95.98920404300,
                        36.16104277900
                    ],
                    [
                        -95.98930468300,
                        36.16101182600
                    ],
                    [
                        -95.98929030600,
                        36.16098087200
                    ],
                    [
                        -95.98918966600,
                        36.16101182600
                    ],
                    [
                        -95.98920404300,
                        36.16104277900
                    ]
                ]
            }
        },
        {
            "type": "Feature",
            "properties": {
                "address": ["420 ARCHER ST"],
                "OBJECTID": "7182",
                "buildings": [29],
                "PRIMARY": "420",
                "STREET": "ARCHER ST"
            },
            "geometry": {
                "type": "Polygon",
                "coordinates": [
                    [
                        -95.98768246800,
                        36.15954733100
                    ],
                    [
                        -95.98781905100,
                        36.15950283500
                    ],
                    [
                        -95.98783103200,
                        36.15947575000
                    ],
                    [
                        -95.98780467400,
                        36.15942545000
                    ],
                    [
                        -95.98764652600,
                        36.15947768400
                    ],
                    [
                        -95.98768246800,
                        36.15954733100
                    ]
                ]
            }
        },
        {
            "type": "Feature",
            "properties": {
                "buildings": [20],
                "address": ["316,316.5 ARCHER ST"],
                "OBJECTID": "5707",
                "PRIMARY": "316,316.5",
                "STREET": "ARCHER ST"
            },
            "geometry": {
                "type": "Polygon",
                "coordinates": [
                    [
                        -95.98868407200,
                        36.15876123200
                    ],
                    [
                        -95.98875995900,
                        36.15873542400
                    ],
                    [
                        -95.98870403200,
                        36.15862515000
                    ],
                    [
                        -95.98862735500,
                        36.15865223500
                    ],
                    [
                        -95.98868407200,
                        36.15876123200
                    ]
                ]
            }
        },
        {
            "type": "Feature",
            "properties": {
                "PRIMARY": "307",
                "OBJECTID": "6690",
                "buildings": [477],
                "address": ["307 EXETER PL"],
                "STREET": "EXETER PL"
            },
            "geometry": {
                "type": "Polygon",
                "coordinates": [
                    [
                        -95.98872001500,
                        36.16162895600
                    ],
                    [
                        -95.98883263500,
                        36.16162895600
                    ],
                    [
                        -95.98883263500,
                        36.16158059200
                    ],
                    [
                        -95.98872001500,
                        36.16158059200
                    ],
                    [
                        -95.98872001500,
                        36.16162895600
                    ]
                ]
            }
        },
        {
            "type": "Feature",
            "properties": {
                "PRIMARY": "404.5",
                "address": ["404.5 GREENWOOD AVE"],
                "STREET": "GREENWOOD AVE",
                "OBJECTID": "6424"
            },
            "geometry": {
                "type": "Polygon",
                "coordinates": [
                    [
                        -95.98702831100,
                        36.16260977700
                    ],
                    [
                        -95.98702831100,
                        36.16259623500
                    ],
                    [
                        -95.98696840700,
                        36.16259623500
                    ],
                    [
                        -95.98696840700,
                        36.16260977700
                    ],
                    [
                        -95.98702831100,
                        36.16260977700
                    ]
                ]
            }
        },
        {
            "type": "Feature",
            "properties": {
                "address": ["ELGIN AVE"],
                "STREET": "ELGIN AVE",
                "PRIMARY": "UNKNOWN",
                "OBJECTID": "6795"
            },
            "geometry": {
                "type": "Polygon",
                "coordinates": [
                    [
                        -95.98915372300,
                        36.16130588200
                    ],
                    [
                        -95.98923279700,
                        36.16130588200
                    ],
                    [
                        -95.98923279700,
                        36.16124591000
                    ],
                    [
                        -95.98915372300,
                        36.16124591000
                    ],
                    [
                        -95.98915372300,
                        36.16130588200
                    ]
                ]
            }
        },
        {
            "type": "Feature",
            "properties": {
                "OBJECTID": "7126"
            },
            "geometry": {
                "type": "Polygon",
                "coordinates": [
                    [
                        -95.98705347100,
                        36.15979302700
                    ],
                    [
                        -95.98703190500,
                        36.15978528900
                    ],
                    [
                        -95.98701872600,
                        36.15981043900
                    ],
                    [
                        -95.98704149000,
                        36.15981914500
                    ],
                    [
                        -95.98705347100,
                        36.15979302700
                    ]
                ]
            }
        },
        {
            "type": "Feature",
            "properties": {
                "OBJECTID": "5598"
            },
            "geometry": {
                "type": "Polygon",
                "coordinates": [
                    [
                        -95.98696002000,
                        36.16015770200
                    ],
                    [
                        -95.98699596300,
                        36.16014319200
                    ],
                    [
                        -95.98698518000,
                        36.16011997700
                    ],
                    [
                        -95.98697080300,
                        36.16012384600
                    ],
                    [
                        -95.98696720800,
                        36.16011417300
                    ],
                    [
                        -95.98695522800,
                        36.16011804200
                    ],
                    [
                        -95.98694923700,
                        36.16010836900
                    ],
                    [
                        -95.98693366200,
                        36.16011320600
                    ],
                    [
                        -95.98696002000,
                        36.16015770200
                    ]
                ]
            }
        },
        {
            "type": "Feature",
            "properties": {
                "OBJECTID": "6634",
                "PRIMARY": "UNKNOWN"
            },
            "geometry": {
                "type": "Polygon",
                "coordinates": [
                    [
                        -95.98846362300,
                        36.16183982400
                    ],
                    [
                        -95.98846362300,
                        36.16178759100
                    ],
                    [
                        -95.98844205800,
                        36.16178759100
                    ],
                    [
                        -95.98844205800,
                        36.16183982400
                    ],
                    [
                        -95.98846362300,
                        36.16183982400
                    ]
                ]
            }
        },
        {
            "type": "Feature",
            "properties": {
                "OBJECTID": "7491"
            },
            "geometry": {
                "type": "Polygon",
                "coordinates": [
                    [
                        -95.98341007800,
                        36.15789127700
                    ],
                    [
                        -95.98347237900,
                        36.15786612700
                    ],
                    [
                        -95.98344841700,
                        36.15782549900
                    ],
                    [
                        -95.98338611600,
                        36.15785064900
                    ],
                    [
                        -95.98341007800,
                        36.15789127700
                    ]
                ]
            }
        },
        {
            "type": "Feature",
            "properties": {
                "address": ["123 Rear GREENWOOD AVE"],
                "OBJECTID": "5573",
                "STREET": "GREENWOOD AVE",
                "PRIMARY": "123 Rear"
            },
            "geometry": {
                "type": "Polygon",
                "coordinates": [
                    [
                        -95.98592007700,
                        36.16077774000
                    ],
                    [
                        -95.98594044500,
                        36.16082223600
                    ],
                    [
                        -95.98603030200,
                        36.16079225000
                    ],
                    [
                        -95.98596919900,
                        36.16067907600
                    ],
                    [
                        -95.98586616300,
                        36.16071196400
                    ],
                    [
                        -95.98590210600,
                        36.16078257700
                    ],
                    [
                        -95.98592007700,
                        36.16077774000
                    ]
                ]
            }
        },
        {
            "type": "Feature",
            "properties": {
                "PRIMARY": "506",
                "address": ["506"],
                "OBJECTID": "6237"
            },
            "geometry": {
                "type": "Polygon",
                "coordinates": [
                    [
                        -95.98704268800,
                        36.16367183500
                    ],
                    [
                        -95.98711697000,
                        36.16367183500
                    ],
                    [
                        -95.98711697000,
                        36.16362734100
                    ],
                    [
                        -95.98704268800,
                        36.16362734100
                    ],
                    [
                        -95.98704268800,
                        36.16367183500
                    ]
                ]
            }
        },
        {
            "type": "Feature",
            "properties": {
                "buildings": [1133,1134],
                "PRIMARY": "UNKNOWN",
                "STREET": "ARCHER ST",
                "address": ["ARCHER ST"],
                "OBJECTID": "7018"
            },
            "geometry": {
                "type": "Polygon",
                "coordinates": [
                    [
                        -95.98524914700,
                        36.16028054900
                    ],
                    [
                        -95.98529826900,
                        36.16037147500
                    ],
                    [
                        -95.98533421100,
                        36.16035793300
                    ],
                    [
                        -95.98528988200,
                        36.16026700700
                    ],
                    [
                        -95.98524914700,
                        36.16028054900
                    ]
                ]
            }
        },
        {
            "type": "Feature",
            "properties": {
                "OBJECTID": "7409"
            },
            "geometry": {
                "type": "Polygon",
                "coordinates": [
                    [
                        -95.98461535700,
                        36.15829368600
                    ],
                    [
                        -95.98469922300,
                        36.15826660100
                    ],
                    [
                        -95.98466567700,
                        36.15820082300
                    ],
                    [
                        -95.98458181000,
                        36.15822790800
                    ],
                    [
                        -95.98461535700,
                        36.15829368600
                    ]
                ]
            }
        },
        {
            "type": "Feature",
            "properties": {
                "PRIMARY": "UNKNOWN",
                "STREET": "EXETER PL",
                "address": ["EXETER PL"],
                "OBJECTID": "6146"
            },
            "geometry": {
                "type": "Polygon",
                "coordinates": [
                    [
                        -95.98884461600,
                        36.16443209800
                    ],
                    [
                        -95.98884461600,
                        36.16440308000
                    ],
                    [
                        -95.98874637300,
                        36.16440308000
                    ],
                    [
                        -95.98874637300,
                        36.16443209800
                    ],
                    [
                        -95.98884461600,
                        36.16443209800
                    ]
                ]
            }
        },
        {
            "type": "Feature",
            "properties": {
                "buildings": [533],
                "OBJECTID": "6361",
                "address": ["420 EASTON ST"],
                "PRIMARY": "420",
                "STREET": "EASTON ST"
            },
            "geometry": {
                "type": "Polygon",
                "coordinates": [
                    [
                        -95.98940771900,
                        36.16299281600
                    ],
                    [
                        -95.98948918900,
                        36.16296379800
                    ],
                    [
                        -95.98937896400,
                        36.16275293300
                    ],
                    [
                        -95.98929749400,
                        36.16278001700
                    ],
                    [
                        -95.98940771900,
                        36.16299281600
                    ]
                ]
            }
        },
        {
            "type": "Feature",
            "properties": {
                "OBJECTID": "635"
            },
            "geometry": {
                "type": "Polygon",
                "coordinates": [
                    [
                        -95.98229578200,
                        36.15925269900
                    ],
                    [
                        -95.98228121700,
                        36.15922330000
                    ],
                    [
                        -95.98217926100,
                        36.15924093900
                    ],
                    [
                        -95.98218654300,
                        36.15927621800
                    ],
                    [
                        -95.98229578200,
                        36.15925269900
                    ]
                ]
            }
        },
        {
            "type": "Feature",
            "properties": {
                "address": ["514 FRANKFORT AVE"],
                "buildings": [569],
                "PRIMARY": "514",
                "OBJECTID": "6202",
                "STREET": "FRANKFORT AVE"
            },
            "geometry": {
                "type": "Polygon",
                "coordinates": [
                    [
                        -95.98801074500,
                        36.16394073300
                    ],
                    [
                        -95.98801074500,
                        36.16391558400
                    ],
                    [
                        -95.98791250200,
                        36.16391558400
                    ],
                    [
                        -95.98791250200,
                        36.16394073300
                    ],
                    [
                        -95.98801074500,
                        36.16394073300
                    ]
                ]
            }
        },
        {
            "type": "Feature",
            "properties": {
                "OBJECTID": "6904",
                "STREET": "HARTFORD AVE",
                "buildings": [800],
                "PRIMARY": "117",
                "address": ["117 HARTFORD AVE"]
            },
            "geometry": {
                "type": "Polygon",
                "coordinates": [
                    [
                        -95.98510099100,
                        36.16090993100
                    ],
                    [
                        -95.98517127100,
                        36.16088414300
                    ],
                    [
                        -95.98513772400,
                        36.16080869400
                    ],
                    [
                        -95.98506583900,
                        36.16083384400
                    ],
                    [
                        -95.98510099100,
                        36.16090993100
                    ]
                ]
            }
        },
        {
            "type": "Feature",
            "properties": {
                "buildings": [1133,1134],
                "PRIMARY": "UNKNOWN",
                "OBJECTID": "7278",
                "STREET": "ARCHER ST",
                "address": ["ARCHER ST"]
            },
            "geometry": {
                "type": "Polygon",
                "coordinates": [
                    [
                        -95.98865052500,
                        36.15908302000
                    ],
                    [
                        -95.98868886400,
                        36.15907044500
                    ],
                    [
                        -95.98866849700,
                        36.15903658900
                    ],
                    [
                        -95.98863135600,
                        36.15905109900
                    ],
                    [
                        -95.98865052500,
                        36.15908302000
                    ]
                ]
            }
        },
        {
            "type": "Feature",
            "properties": {
                "buildings": [487,985,986],
                "STREET": "ELGIN AVE",
                "address": ["535 ELGIN AVE"],
                "OBJECTID": "6171",
                "PRIMARY": "535"
            },
            "geometry": {
                "type": "Polygon",
                "coordinates": [
                    [
                        -95.99077833400,
                        36.16416320200
                    ],
                    [
                        -95.99090293500,
                        36.16411870800
                    ],
                    [
                        -95.99086459700,
                        36.16404906600
                    ],
                    [
                        -95.99073999500,
                        36.16409356000
                    ],
                    [
                        -95.99077833400,
                        36.16416320200
                    ]
                ]
            }
        },
        {
            "type": "Feature",
            "properties": {
                "OBJECTID": "6319"
            },
            "geometry": {
                "type": "Polygon",
                "coordinates": [
                    [
                        -95.99125277800,
                        36.16316692400
                    ],
                    [
                        -95.99123121200,
                        36.16312436400
                    ],
                    [
                        -95.99121204300,
                        36.16313016800
                    ],
                    [
                        -95.99123360800,
                        36.16317466200
                    ],
                    [
                        -95.99125277800,
                        36.16316692400
                    ]
                ]
            }
        },
        {
            "type": "Feature",
            "properties": {
                "OBJECTID": "6305",
                "PRIMARY": "UNKNOWN",
                "buildings": [1092,1093],
                "address": ["FRANKFORT AVE"],
                "STREET": "FRANKFORT AVE"
            },
            "geometry": {
                "type": "Polygon",
                "coordinates": [
                    [
                        -95.98740451100,
                        36.16319787700
                    ],
                    [
                        -95.98738534200,
                        36.16319594200
                    ],
                    [
                        -95.98738294600,
                        36.16322689500
                    ],
                    [
                        -95.98739971900,
                        36.16322882900
                    ],
                    [
                        -95.98740451100,
                        36.16319787700
                    ]
                ]
            }
        },
        {
            "type": "Feature",
            "properties": {
                "buildings": [584],
                "address": ["314 FRANKFORT AVE"],
                "PRIMARY": "314",
                "STREET": "FRANKFORT AVE",
                "OBJECTID": "6600"
            },
            "geometry": {
                "type": "Polygon",
                "coordinates": [
                    [
                        -95.98800595300,
                        36.16195783200
                    ],
                    [
                        -95.98800595300,
                        36.16189399200
                    ],
                    [
                        -95.98795084100,
                        36.16189399200
                    ],
                    [
                        -95.98795084100,
                        36.16195783200
                    ],
                    [
                        -95.98800595300,
                        36.16195783200
                    ]
                ]
            }
        },
        {
            "type": "Feature",
            "properties": {
                "PRIMARY": "UNKNOWN",
                "STREET": "EXETER PL",
                "address": ["EXETER PL"],
                "OBJECTID": "6135"
            },
            "geometry": {
                "type": "Polygon",
                "coordinates": [
                    [
                        -95.98906266900,
                        36.16469712400
                    ],
                    [
                        -95.98916570400,
                        36.16469712400
                    ],
                    [
                        -95.98916570400,
                        36.16454429900
                    ],
                    [
                        -95.98906266900,
                        36.16454429900
                    ],
                    [
                        -95.98906266900,
                        36.16469712400
                    ]
                ]
            }
        },
        {
            "type": "Feature",
            "properties": {
                "PRIMARY": "317",
                "address": ["317 EXETER PL"],
                "STREET": "EXETER PL",
                "OBJECTID": "6465",
                "buildings": [505]
            },
            "geometry": {
                "type": "Polygon",
                "coordinates": [
                    [
                        -95.98884701200,
                        36.16240858400
                    ],
                    [
                        -95.98887097400,
                        36.16238923800
                    ],
                    [
                        -95.98887097400,
                        36.16223060500
                    ],
                    [
                        -95.98877991900,
                        36.16223060500
                    ],
                    [
                        -95.98877752300,
                        36.16221319400
                    ],
                    [
                        -95.98866729900,
                        36.16221319400
                    ],
                    [
                        -95.98866729900,
                        36.16231766000
                    ],
                    [
                        -95.98873678800,
                        36.16231959400
                    ],
                    [
                        -95.98873678800,
                        36.16240858400
                    ],
                    [
                        -95.98884701200,
                        36.16240858400
                    ]
                ]
            }
        },
        {
            "type": "Feature",
            "properties": {
                "OBJECTID": "6828"
            },
            "geometry": {
                "type": "Polygon",
                "coordinates": [
                    [
                        -95.98983184300,
                        36.16119948000
                    ],
                    [
                        -95.98991331300,
                        36.16117046100
                    ],
                    [
                        -95.98988455900,
                        36.16111822800
                    ],
                    [
                        -95.98980308800,
                        36.16114724600
                    ],
                    [
                        -95.98983184300,
                        36.16119948000
                    ]
                ]
            }
        },
        {
            "type": "Feature",
            "properties": {
                "PRIMARY": "10",
                "buildings": [794],
                "address": ["10 HARTFORD AVE"],
                "STREET": "HARTFORD AVE",
                "OBJECTID": "7145"
            },
            "geometry": {
                "type": "Polygon",
                "coordinates": [
                    [
                        -95.98474635600,
                        36.15975240000
                    ],
                    [
                        -95.98485976700,
                        36.15970983900
                    ],
                    [
                        -95.98483180400,
                        36.15965890000
                    ],
                    [
                        -95.98471757800,
                        36.15969952700
                    ],
                    [
                        -95.98474635600,
                        36.15975240000
                    ]
                ]
            }
        },
        {
            "type": "Feature",
            "properties": {
                "PRIMARY": "UNKNOWN",
                "OBJECTID": "6270",
                "address": ["EASTON ST"],
                "STREET": "EASTON ST"
            },
            "geometry": {
                "type": "Polygon",
                "coordinates": [
                    [
                        -95.98706904600,
                        36.16348225200
                    ],
                    [
                        -95.98710019600,
                        36.16348225200
                    ],
                    [
                        -95.98710019600,
                        36.16343775800
                    ],
                    [
                        -95.98706904600,
                        36.16343775800
                    ],
                    [
                        -95.98706904600,
                        36.16348225200
                    ]
                ]
            }
        },
        {
            "type": "Feature",
            "properties": {
                "address": ["409 FOURTH ST"],
                "OBJECTID": "6536",
                "STREET": "FOURTH ST",
                "PRIMARY": "409"
            },
            "geometry": {
                "type": "Polygon",
                "coordinates": [
                    [
                        -95.98958503600,
                        36.16215515700
                    ],
                    [
                        -95.98964973300,
                        36.16213387700
                    ],
                    [
                        -95.98960899800,
                        36.16206036400
                    ],
                    [
                        -95.98954669700,
                        36.16208357900
                    ],
                    [
                        -95.98958503600,
                        36.16215515700
                    ]
                ]
            }
        },
        {
            "type": "Feature",
            "properties": {
                "OBJECTID": "574"
            },
            "geometry": {
                "type": "Polygon",
                "coordinates": [
                    [
                        -95.98165491500,
                        36.15965840500
                    ],
                    [
                        -95.98158937100,
                        36.15953493000
                    ],
                    [
                        -95.98154567600,
                        36.15955256900
                    ],
                    [
                        -95.98160393600,
                        36.15967016500
                    ],
                    [
                        -95.98165491500,
                        36.15965840500
                    ]
                ]
            }
        },
        {
            "type": "Feature",
            "properties": {
                "OBJECTID": "6411"
            },
            "geometry": {
                "type": "Polygon",
                "coordinates": [
                    [
                        -95.98917049700,
                        36.16267555100
                    ],
                    [
                        -95.98916810100,
                        36.16266781300
                    ],
                    [
                        -95.98914893100,
                        36.16266974800
                    ],
                    [
                        -95.98915132700,
                        36.16267942000
                    ],
                    [
                        -95.98917049700,
                        36.16267555100
                    ]
                ]
            }
        },
        {
            "type": "Feature",
            "properties": {
                "address": ["304 FRANKFORT AVE"],
                "PRIMARY": "304",
                "OBJECTID": "6753",
                "STREET": "FRANKFORT AVE"
            },
            "geometry": {
                "type": "Polygon",
                "coordinates": [
                    [
                        -95.98802512200,
                        36.16142195700
                    ],
                    [
                        -95.98802512200,
                        36.16132329300
                    ],
                    [
                        -95.98789333200,
                        36.16132329300
                    ],
                    [
                        -95.98789333200,
                        36.16142195700
                    ],
                    [
                        -95.98802512200,
                        36.16142195700
                    ]
                ]
            }
        },
        {
            "type": "Feature",
            "properties": {
                "buildings": [795],
                "STREET": "HARTFORD AVE",
                "address": ["23 HARTFORD AVE"],
                "OBJECTID": "7067",
                "PRIMARY": "23"
            },
            "geometry": {
                "type": "Polygon",
                "coordinates": [
                    [
                        -95.98467765800,
                        36.16012191100
                    ],
                    [
                        -95.98475193900,
                        36.16009869600
                    ],
                    [
                        -95.98470162000,
                        36.15999616200
                    ],
                    [
                        -95.98464890400,
                        36.16001357300
                    ],
                    [
                        -95.98467286500,
                        36.16006387300
                    ],
                    [
                        -95.98465369600,
                        36.16006967700
                    ],
                    [
                        -95.98467765800,
                        36.16012191100
                    ]
                ]
            }
        },
        {
            "type": "Feature",
            "properties": {
                "PRIMARY": "UNKNOWN",
                "STREET": "DETROIT AVE",
                "address": ["DETROIT AVE"],
                "OBJECTID": "5710"
            },
            "geometry": {
                "type": "Polygon",
                "coordinates": [
                    [
                        -95.98878950400,
                        36.15807990700
                    ],
                    [
                        -95.98914533700,
                        36.15795221900
                    ],
                    [
                        -95.98903990500,
                        36.15775875300
                    ],
                    [
                        -95.98868766600,
                        36.15788353900
                    ],
                    [
                        -95.98878950400,
                        36.15807990700
                    ]
                ]
            }
        },
        {
            "type": "Feature",
            "properties": {
                "buildings": [476],
                "STREET": "EXETER PL",
                "PRIMARY": "305",
                "OBJECTID": "6720",
                "address": ["305 EXETER PL"]
            },
            "geometry": {
                "type": "Polygon",
                "coordinates": [
                    [
                        -95.98884222000,
                        36.16152062000
                    ],
                    [
                        -95.98884222000,
                        36.16147225600
                    ],
                    [
                        -95.98872001500,
                        36.16147225600
                    ],
                    [
                        -95.98872001500,
                        36.16152062000
                    ],
                    [
                        -95.98884222000,
                        36.16152062000
                    ]
                ]
            }
        },
        {
            "type": "Feature",
            "properties": {
                "OBJECTID": "6216"
            },
            "geometry": {
                "type": "Polygon",
                "coordinates": [
                    [
                        -95.99313857200,
                        36.16384207300
                    ],
                    [
                        -95.99318170300,
                        36.16382659700
                    ],
                    [
                        -95.99312419500,
                        36.16371826400
                    ],
                    [
                        -95.99308346000,
                        36.16373180500
                    ],
                    [
                        -95.99313857200,
                        36.16384207300
                    ]
                ]
            }
        },
        {
            "type": "Feature",
            "properties": {
                "buildings": [797],
                "OBJECTID": "6938",
                "STREET": "HARTFORD AVE",
                "PRIMARY": "113",
                "address": ["113 HARTFORD AVE"]
            },
            "geometry": {
                "type": "Polygon",
                "coordinates": [
                    [
                        -95.98505146200,
                        36.16076549400
                    ],
                    [
                        -95.98509298800,
                        36.16075388700
                    ],
                    [
                        -95.98507063100,
                        36.16071003000
                    ],
                    [
                        -95.98502589500,
                        36.16072293300
                    ],
                    [
                        -95.98505146200,
                        36.16076549400
                    ]
                ]
            }
        },
        {
            "type": "Feature",
            "properties": {
                "PRIMARY": "11",
                "address": ["11 FRANKFORT AVE"],
                "OBJECTID": "7300",
                "STREET": "FRANKFORT AVE"
            },
            "geometry": {
                "type": "Polygon",
                "coordinates": [
                    [
                        -95.98675593700,
                        36.15897661500
                    ],
                    [
                        -95.98685257600,
                        36.15894308800
                    ],
                    [
                        -95.98682621800,
                        36.15888441000
                    ],
                    [
                        -95.98672318200,
                        36.15891793800
                    ],
                    [
                        -95.98675593700,
                        36.15897661500
                    ]
                ]
            }
        },
        {
            "type": "Feature",
            "properties": {
                "buildings": [65],
                "STREET": "BRADY ST",
                "OBJECTID": "5605",
                "address": ["412 BRADY ST"],
                "PRIMARY": "412"
            },
            "geometry": {
                "type": "Polygon",
                "coordinates": [
                    [
                        -95.98851315200,
                        36.15990974300
                    ],
                    [
                        -95.98849717000,
                        36.15988008500
                    ],
                    [
                        -95.98832943700,
                        36.15993876200
                    ],
                    [
                        -95.98834302300,
                        36.15996843900
                    ],
                    [
                        -95.98835579500,
                        36.15996391200
                    ],
                    [
                        -95.98837417400,
                        36.15999809600
                    ],
                    [
                        -95.98851554800,
                        36.15995037000
                    ],
                    [
                        -95.98849877500,
                        36.15991490800
                    ],
                    [
                        -95.98851315200,
                        36.15990974300
                    ]
                ]
            }
        },
        {
            "type": "Feature",
            "properties": {
                "PRIMARY": "UNKNOWN",
                "address": ["HARTFORD AVE"],
                "STREET": "HARTFORD AVE",
                "buildings": [287,1047,1048,1099,1100],
                "OBJECTID": "6666"
            },
            "geometry": {
                "type": "Polygon",
                "coordinates": [
                    [
                        -95.98504906600,
                        36.16170633900
                    ],
                    [
                        -95.98516168600,
                        36.16170633900
                    ],
                    [
                        -95.98516168600,
                        36.16164636700
                    ],
                    [
                        -95.98504906600,
                        36.16164636700
                    ],
                    [
                        -95.98504906600,
                        36.16170633900
                    ]
                ]
            }
        },
        {
            "type": "Feature",
            "properties": {
                "OBJECTID": "7746"
            },
            "geometry": {
                "type": "Polygon",
                "coordinates": [
                    [
                        -95.98923519400,
                        36.15618101700
                    ],
                    [
                        -95.98929030600,
                        36.15616360500
                    ],
                    [
                        -95.98923759000,
                        36.15605332700
                    ],
                    [
                        -95.98918008100,
                        36.15607073900
                    ],
                    [
                        -95.98923519400,
                        36.15618101700
                    ]
                ]
            }
        },
        {
            "type": "Feature",
            "properties": {
                "buildings": [782],
                "OBJECTID": "5592",
                "STREET": "GREENWOOD AVE",
                "PRIMARY": "116",
                "address": ["116 GREENWOOD AVE"]
            },
            "geometry": {
                "type": "Polygon",
                "coordinates": [
                    [
                        -95.98691569100,
                        36.16031150300
                    ],
                    [
                        -95.98694564300,
                        36.16025443200
                    ],
                    [
                        -95.98687136100,
                        36.16027764700
                    ],
                    [
                        -95.98683541900,
                        36.16020316500
                    ],
                    [
                        -95.98690730400,
                        36.16017704800
                    ],
                    [
                        -95.98688813400,
                        36.16014029000
                    ],
                    [
                        -95.98644244500,
                        36.16029022200
                    ],
                    [
                        -95.98651912300,
                        36.16044112100
                    ],
                    [
                        -95.98691569100,
                        36.16031150300
                    ]
                ]
            }
        },
        {
            "type": "Feature",
            "properties": {
                "PRIMARY": "517",
                "OBJECTID": "6183",
                "STREET": "EXETER PL",
                "address": ["517 EXETER PL"],
                "buildings": [519]
            },
            "geometry": {
                "type": "Polygon",
                "coordinates": [
                    [
                        -95.98871043000,
                        36.16408582100
                    ],
                    [
                        -95.98885180500,
                        36.16408582100
                    ],
                    [
                        -95.98885180500,
                        36.16402585200
                    ],
                    [
                        -95.98871043000,
                        36.16402585200
                    ],
                    [
                        -95.98871043000,
                        36.16408582100
                    ]
                ]
            }
        },
        {
            "type": "Feature",
            "properties": {
                "address": ["DEAN PL"],
                "STREET": "DEAN PL",
                "PRIMARY": "UNKNOWN",
                "OBJECTID": "6869"
            },
            "geometry": {
                "type": "Polygon",
                "coordinates": [
                    [
                        -95.98890452100,
                        36.16104471400
                    ],
                    [
                        -95.98898838700,
                        36.16101762900
                    ],
                    [
                        -95.98895723700,
                        36.16095959200
                    ],
                    [
                        -95.98887576600,
                        36.16098667600
                    ],
                    [
                        -95.98890452100,
                        36.16104471400
                    ]
                ]
            }
        },
        {
            "type": "Feature",
            "properties": {
                "PRIMARY": "416",
                "OBJECTID": "7193",
                "buildings": [26],
                "address": ["416 ARCHER ST"],
                "STREET": "ARCHER ST"
            },
            "geometry": {
                "type": "Polygon",
                "coordinates": [
                    [
                        -95.98786618300,
                        36.15950026100
                    ],
                    [
                        -95.98795244600,
                        36.15947317700
                    ],
                    [
                        -95.98790770900,
                        36.15938869200
                    ],
                    [
                        -95.98782463400,
                        36.15941513800
                    ],
                    [
                        -95.98786618300,
                        36.15950026100
                    ]
                ]
            }
        },
        {
            "type": "Feature",
            "properties": {
                "address": ["521 FRANKFORT AVE"],
                "OBJECTID": "6150",
                "PRIMARY": "521",
                "buildings": [567],
                "STREET": "FRANKFORT AVE"
            },
            "geometry": {
                "type": "Polygon",
                "coordinates": [
                    [
                        -95.98747400100,
                        36.16423091000
                    ],
                    [
                        -95.98762016800,
                        36.16423091000
                    ],
                    [
                        -95.98762016800,
                        36.16418254700
                    ],
                    [
                        -95.98747400100,
                        36.16418254700
                    ],
                    [
                        -95.98747400100,
                        36.16423091000
                    ]
                ]
            }
        },
        {
            "type": "Feature",
            "properties": {
                "STREET": "ELGIN AVE",
                "PRIMARY": "417",
                "buildings": [499],
                "address": ["417 ELGIN AVE"],
                "POI": "Mt. Zion Baptist Church",
                "OBJECTID": "6389"
            },
            "geometry": {
                "type": "Polygon",
                "coordinates": [
                    [
                        -95.98996602900,
                        36.16280129700
                    ],
                    [
                        -95.99021043900,
                        36.16271617700
                    ],
                    [
                        -95.99022242000,
                        36.16269102800
                    ],
                    [
                        -95.99015532700,
                        36.16256141300
                    ],
                    [
                        -95.98988695500,
                        36.16265233700
                    ],
                    [
                        -95.98996602900,
                        36.16280129700
                    ]
                ]
            }
        },
        {
            "type": "Feature",
            "properties": {
                "address": ["105 GREENWOOD AVE","107 GREENWOOD AVE","109 GREENWOOD AVE","111 GREENWOOD AVE"],
                "OBJECTID": "5560",
                "STREET": "GREENWOOD AVE",
                "buildings": [886],
                "PRIMARY": "105,107,109,111"
            },
            "geometry": {
                "type": "Polygon",
                "coordinates": [
                    [
                        -95.98613453600,
                        36.16023992200
                    ],
                    [
                        -95.98609739500,
                        36.16017704800
                    ],
                    [
                        -95.98603389600,
                        36.16005033100
                    ],
                    [
                        -95.98588173900,
                        36.16010353300
                    ],
                    [
                        -95.98597758600,
                        36.16029699300
                    ],
                    [
                        -95.98613453600,
                        36.16023992200
                    ]
                ]
            }
        },
        {
            "type": "Feature",
            "properties": {
                "OBJECTID": "6205",
                "buildings": [1019,1020],
                "PRIMARY": "UNKNOWN",
                "address": ["FRANKFORT AVE"],
                "STREET": "FRANKFORT AVE"
            },
            "geometry": {
                "type": "Polygon",
                "coordinates": [
                    [
                        -95.98981986200,
                        36.16392719200
                    ],
                    [
                        -95.98994206700,
                        36.16388656700
                    ],
                    [
                        -95.98992289700,
                        36.16384981100
                    ],
                    [
                        -95.98980069200,
                        36.16389043600
                    ],
                    [
                        -95.98981986200,
                        36.16392719200
                    ]
                ]
            }
        },
        {
            "type": "Feature",
            "properties": {
                "OBJECTID": "6565"
            },
            "geometry": {
                "type": "Polygon",
                "coordinates": [
                    [
                        -95.99104910200,
                        36.16206810200
                    ],
                    [
                        -95.99117130800,
                        36.16202554200
                    ],
                    [
                        -95.99114015700,
                        36.16196750500
                    ],
                    [
                        -95.99103951800,
                        36.16200232700
                    ],
                    [
                        -95.99102514100,
                        36.16202360700
                    ],
                    [
                        -95.99104910200,
                        36.16206810200
                    ]
                ]
            }
        },
        {
            "type": "Feature",
            "properties": {
                "OBJECTID": "5786"
            },
            "geometry": {
                "type": "Polygon",
                "coordinates": [
                    [
                        -95.98700595500,
                        36.15682914000
                    ],
                    [
                        -95.98607144400,
                        36.15715416700
                    ],
                    [
                        -95.98611217900,
                        36.15723606300
                    ],
                    [
                        -95.98662496200,
                        36.15706259900
                    ],
                    [
                        -95.98664252600,
                        36.15709548800
                    ],
                    [
                        -95.98703868700,
                        36.15695876500
                    ],
                    [
                        -95.98702351900,
                        36.15692523600
                    ],
                    [
                        -95.98663694300,
                        36.15705807200
                    ],
                    [
                        -95.98659699900,
                        36.15698134200
                    ],
                    [
                        -95.98700914200,
                        36.15683624100
                    ],
                    [
                        -95.98700595500,
                        36.15682914000
                    ]
                ]
            }
        },
        {
            "type": "Feature",
            "properties": {
                "address": ["416 EXETER PL"],
                "PRIMARY": "416",
                "buildings": [523],
                "STREET": "EXETER PL",
                "OBJECTID": "6345"
            },
            "geometry": {
                "type": "Polygon",
                "coordinates": [
                    [
                        -95.98917768500,
                        36.16304504800
                    ],
                    [
                        -95.98926394800,
                        36.16301603000
                    ],
                    [
                        -95.98920643900,
                        36.16290382700
                    ],
                    [
                        -95.98916330800,
                        36.16291930400
                    ],
                    [
                        -95.98913695000,
                        36.16296573200
                    ],
                    [
                        -95.98917768500,
                        36.16304504800
                    ]
                ]
            }
        },
        {
            "type": "Feature",
            "properties": {
                "address": ["420 HARTFORD AVE"],
                "STREET": "HARTFORD AVE",
                "PRIMARY": "420",
                "OBJECTID": "6312",
                "buildings": [705]
            },
            "geometry": {
                "type": "Polygon",
                "coordinates": [
                    [
                        -95.98559779100,
                        36.16322109100
                    ],
                    [
                        -95.98567686500,
                        36.16321722200
                    ],
                    [
                        -95.98567446900,
                        36.16318433500
                    ],
                    [
                        -95.98559539500,
                        36.16318820400
                    ],
                    [
                        -95.98559779100,
                        36.16322109100
                    ]
                ]
            }
        },
        {
            "type": "Feature",
            "properties": {
                "OBJECTID": "6514"
            },
            "geometry": {
                "type": "Polygon",
                "coordinates": [
                    [
                        -95.99163137400,
                        36.16221706300
                    ],
                    [
                        -95.99163137400,
                        36.16220352100
                    ],
                    [
                        -95.99161220500,
                        36.16220352100
                    ],
                    [
                        -95.99161220500,
                        36.16221706300
                    ],
                    [
                        -95.99163137400,
                        36.16221706300
                    ]
                ]
            }
        },
        {
            "type": "Feature",
            "properties": {
                "OBJECTID": "6487"
            },
            "geometry": {
                "type": "Polygon",
                "coordinates": [
                    [
                        -95.99218968500,
                        36.16233120200
                    ],
                    [
                        -95.99224958900,
                        36.16231185600
                    ],
                    [
                        -95.99223042000,
                        36.16227510000
                    ],
                    [
                        -95.99217051500,
                        36.16229444500
                    ],
                    [
                        -95.99218968500,
                        36.16233120200
                    ]
                ]
            }
        },
        {
            "type": "Feature",
            "properties": {
                "OBJECTID": "6833",
                "STREET": "DEAN PL",
                "PRIMARY": "307",
                "address": ["307 DEAN PL"]
            },
            "geometry": {
                "type": "Polygon",
                "coordinates": [
                    [
                        -95.98891410500,
                        36.16116465800
                    ],
                    [
                        -95.98894286000,
                        36.16115305000
                    ],
                    [
                        -95.98891650200,
                        36.16110662000
                    ],
                    [
                        -95.98888774700,
                        36.16111629300
                    ],
                    [
                        -95.98891410500,
                        36.16116465800
                    ]
                ]
            }
        },
        {
            "type": "Feature",
            "properties": {
                "buildings": [58],
                "address": ["314 BRADY ST"],
                "OBJECTID": "7162",
                "STREET": "BRADY ST",
                "PRIMARY": "314"
            },
            "geometry": {
                "type": "Polygon",
                "coordinates": [
                    [
                        -95.98935739900,
                        36.15964212700
                    ],
                    [
                        -95.98942449200,
                        36.15961697700
                    ],
                    [
                        -95.98937896400,
                        36.15953572300
                    ],
                    [
                        -95.98930947500,
                        36.15955893900
                    ],
                    [
                        -95.98935739900,
                        36.15964212700
                    ]
                ]
            }
        },
        {
            "type": "Feature",
            "properties": {
                "PRIMARY": "UNKNOWN",
                "address": ["EASTON ST"],
                "OBJECTID": "6274",
                "STREET": "EASTON ST"
            },
            "geometry": {
                "type": "Polygon",
                "coordinates": [
                    [
                        -95.98685099400,
                        36.16346290700
                    ],
                    [
                        -95.98690610600,
                        36.16346290700
                    ],
                    [
                        -95.98690610600,
                        36.16341841300
                    ],
                    [
                        -95.98685099400,
                        36.16341841300
                    ],
                    [
                        -95.98685099400,
                        36.16346290700
                    ]
                ]
            }
        },
        {
            "type": "Feature",
            "properties": {
                "address": ["307 HARTFORD AVE"],
                "PRIMARY": "307",
                "STREET": "HARTFORD AVE",
                "buildings": [879],
                "OBJECTID": "6699"
            },
            "geometry": {
                "type": "Polygon",
                "coordinates": [
                    [
                        -95.98520163000,
                        36.16155480400
                    ],
                    [
                        -95.98507861100,
                        36.16155093500
                    ],
                    [
                        -95.98508340300,
                        36.16158446100
                    ],
                    [
                        -95.98520002500,
                        36.16158575700
                    ],
                    [
                        -95.98520163000,
                        36.16155480400
                    ]
                ]
            }
        },
        {
            "type": "Feature",
            "properties": {
                "OBJECTID": "6416"
            },
            "geometry": {
                "type": "Polygon",
                "coordinates": [
                    [
                        -95.98968807200,
                        36.16266007500
                    ],
                    [
                        -95.98975995700,
                        36.16263299100
                    ],
                    [
                        -95.98973120300,
                        36.16257882400
                    ],
                    [
                        -95.98965931800,
                        36.16260397300
                    ],
                    [
                        -95.98968807200,
                        36.16266007500
                    ]
                ]
            }
        },
        {
            "type": "Feature",
            "properties": {
                "OBJECTID": "6781"
            },
            "geometry": {
                "type": "Polygon",
                "coordinates": [
                    [
                        -95.99019845800,
                        36.16135231200
                    ],
                    [
                        -95.99027992800,
                        36.16132329300
                    ],
                    [
                        -95.99025117400,
                        36.16126912500
                    ],
                    [
                        -95.99016970400,
                        36.16129814400
                    ],
                    [
                        -95.99019845800,
                        36.16135231200
                    ]
                ]
            }
        },
        {
            "type": "Feature",
            "properties": {
                "OBJECTID": "7084",
                "address": ["618 ARCHER ST","629 ARCHER ST"],
                "STREET": "ARCHER ST",
                "PRIMARY": "618,629"
            },
            "geometry": {
                "type": "Polygon",
                "coordinates": [
                    [
                        -95.98504427300,
                        36.16003034600
                    ],
                    [
                        -95.98511136600,
                        36.16001163900
                    ],
                    [
                        -95.98512095100,
                        36.16002905000
                    ],
                    [
                        -95.98518085600,
                        36.16000776900
                    ],
                    [
                        -95.98516887500,
                        36.15998391500
                    ],
                    [
                        -95.98519602400,
                        36.15997294600
                    ],
                    [
                        -95.98508100700,
                        36.15974789300
                    ],
                    [
                        -95.98492046300,
                        36.15980399600
                    ],
                    [
                        -95.98504427300,
                        36.16003034600
                    ]
                ]
            }
        },
        {
            "type": "Feature",
            "properties": {
                "OBJECTID": "5770"
            },
            "geometry": {
                "type": "Polygon",
                "coordinates": [
                    [
                        -95.98372637400,
                        36.15834785600
                    ],
                    [
                        -95.98359537500,
                        36.15839235300
                    ],
                    [
                        -95.98361694100,
                        36.15842911200
                    ],
                    [
                        -95.98374714900,
                        36.15838461500
                    ],
                    [
                        -95.98372637400,
                        36.15834785600
                    ]
                ]
            }
        },
        {
            "type": "Feature",
            "properties": {
                "OBJECTID": "6636",
                "buildings": [585],
                "address": ["312 FRANKFORT AVE"],
                "PRIMARY": "312",
                "STREET": "FRANKFORT AVE"
            },
            "geometry": {
                "type": "Polygon",
                "coordinates": [
                    [
                        -95.98810180000,
                        36.16183595500
                    ],
                    [
                        -95.98810180000,
                        36.16177985200
                    ],
                    [
                        -95.98794604800,
                        36.16177985200
                    ],
                    [
                        -95.98794604800,
                        36.16183595500
                    ],
                    [
                        -95.98810180000,
                        36.16183595500
                    ]
                ]
            }
        },
        {
            "type": "Feature",
            "properties": {
                "PRIMARY": "UNKNOWN",
                "address": ["GREENWOOD AVE"],
                "OBJECTID": "5574",
                "STREET": "GREENWOOD AVE",
                "buildings": [1057,1058]
            },
            "geometry": {
                "type": "Polygon",
                "coordinates": [
                    [
                        -95.98618126100,
                        36.16064909000
                    ],
                    [
                        -95.98616329000,
                        36.16061330000
                    ],
                    [
                        -95.98603988600,
                        36.16065682800
                    ],
                    [
                        -95.98605666000,
                        36.16069068400
                    ],
                    [
                        -95.98606864100,
                        36.16068681500
                    ],
                    [
                        -95.98607463100,
                        36.16069938900
                    ],
                    [
                        -95.98616209200,
                        36.16066940300
                    ],
                    [
                        -95.98615729900,
                        36.16065586100
                    ],
                    [
                        -95.98618126100,
                        36.16064909000
                    ]
                ]
            }
        },
        {
            "type": "Feature",
            "properties": {
                "OBJECTID": "7436"
            },
            "geometry": {
                "type": "Polygon",
                "coordinates": [
                    [
                        -95.98264569600,
                        36.15818921500
                    ],
                    [
                        -95.98278946700,
                        36.15813988100
                    ],
                    [
                        -95.98275951500,
                        36.15808087400
                    ],
                    [
                        -95.98261694200,
                        36.15813311000
                    ],
                    [
                        -95.98264569600,
                        36.15818921500
                    ]
                ]
            }
        },
        {
            "type": "Feature",
            "properties": {
                "STREET": "ELGIN AVE",
                "buildings": [485,981,982],
                "PRIMARY": "525",
                "address": ["525 ELGIN AVE"],
                "OBJECTID": "6225"
            },
            "geometry": {
                "type": "Polygon",
                "coordinates": [
                    [
                        -95.99057945100,
                        36.16377629900
                    ],
                    [
                        -95.99072322200,
                        36.16372600200
                    ],
                    [
                        -95.99069686400,
                        36.16367957300
                    ],
                    [
                        -95.99055309300,
                        36.16372987100
                    ],
                    [
                        -95.99057945100,
                        36.16377629900
                    ]
                ]
            }
        },
        {
            "type": "Feature",
            "properties": {
                "PRIMARY": "UNKNOWN",
                "OBJECTID": "6999",
                "address": ["GREENWOOD AVE"],
                "STREET": "GREENWOOD AVE",
                "buildings": [1057,1058]
            },
            "geometry": {
                "type": "Polygon",
                "coordinates": [
                    [
                        -95.98696960500,
                        36.16048078000
                    ],
                    [
                        -95.98704748100,
                        36.16045563000
                    ],
                    [
                        -95.98701992400,
                        36.16040436300
                    ],
                    [
                        -95.98694564300,
                        36.16043048100
                    ],
                    [
                        -95.98696960500,
                        36.16048078000
                    ]
                ]
            }
        },
        {
            "type": "Feature",
            "properties": {
                "OBJECTID": "7374"
            },
            "geometry": {
                "type": "Polygon",
                "coordinates": [
                    [
                        -95.98753989600,
                        36.15846296800
                    ],
                    [
                        -95.98751713200,
                        36.15842234000
                    ],
                    [
                        -95.98749796300,
                        36.15842911200
                    ],
                    [
                        -95.98751833000,
                        36.15847070700
                    ],
                    [
                        -95.98753989600,
                        36.15846296800
                    ]
                ]
            }
        },
        {
            "type": "Feature",
            "properties": {
                "OBJECTID": "5698"
            },
            "geometry": {
                "type": "Polygon",
                "coordinates": [
                    [
                        -95.98783342800,
                        36.15846006600
                    ],
                    [
                        -95.98784701400,
                        36.15849489000
                    ],
                    [
                        -95.98799797300,
                        36.15844265400
                    ],
                    [
                        -95.98798199100,
                        36.15841040400
                    ],
                    [
                        -95.98783342800,
                        36.15846006600
                    ]
                ]
            }
        },
        {
            "type": "Feature",
            "properties": {
                "buildings": [558,559],
                "address": ["409 FRANKFORT AVE","411 FRANKFORT AVE"],
                "PRIMARY": "409,411",
                "OBJECTID": "6368",
                "STREET": "FRANKFORT AVE"
            },
            "geometry": {
                "type": "Polygon",
                "coordinates": [
                    [
                        -95.98759860200,
                        36.16296186300
                    ],
                    [
                        -95.98761058300,
                        36.16284192200
                    ],
                    [
                        -95.98754109400,
                        36.16283611800
                    ],
                    [
                        -95.98752911300,
                        36.16295799400
                    ],
                    [
                        -95.98759860200,
                        36.16296186300
                    ]
                ]
            }
        },
        {
            "type": "Feature",
            "properties": {
                "OBJECTID": "5519"
            },
            "geometry": {
                "type": "Polygon",
                "coordinates": [
                    [
                        -95.99106268900,
                        36.16237699300
                    ],
                    [
                        -95.99108344000,
                        36.16236795800
                    ],
                    [
                        -95.99105629100,
                        36.16232216700
                    ],
                    [
                        -95.99103872700,
                        36.16232862900
                    ],
                    [
                        -95.99102034800,
                        36.16229895300
                    ],
                    [
                        -95.99094925400,
                        36.16232539800
                    ],
                    [
                        -95.99100278400,
                        36.16242922600
                    ],
                    [
                        -95.99107625100,
                        36.16240341800
                    ],
                    [
                        -95.99106268900,
                        36.16237699300
                    ]
                ]
            }
        },
        {
            "type": "Feature",
            "properties": {
                "OBJECTID": "6186"
            },
            "geometry": {
                "type": "Polygon",
                "coordinates": [
                    [
                        -95.99361301600,
                        36.16408388700
                    ],
                    [
                        -95.99372563600,
                        36.16404519700
                    ],
                    [
                        -95.99369688200,
                        36.16399103000
                    ],
                    [
                        -95.99358426200,
                        36.16402778600
                    ],
                    [
                        -95.99361301600,
                        36.16408388700
                    ]
                ]
            }
        },
        {
            "type": "Feature",
            "properties": {
                "OBJECTID": "6910",
                "buildings": [751],
                "STREET": "HARTFORD AVE",
                "PRIMARY": "118",
                "address": ["118 HARTFORD AVE"]
            },
            "geometry": {
                "type": "Polygon",
                "coordinates": [
                    [
                        -95.98546719900,
                        36.16085899300
                    ],
                    [
                        -95.98545282200,
                        36.16083287600
                    ],
                    [
                        -95.98539052100,
                        36.16085222200
                    ],
                    [
                        -95.98540489900,
                        36.16088027400
                    ],
                    [
                        -95.98546719900,
                        36.16085899300
                    ]
                ]
            }
        },
        {
            "type": "Feature",
            "properties": {
                "PRIMARY": "UNKNOWN",
                "STREET": "DETROIT AVE",
                "OBJECTID": "7251",
                "address": ["DETROIT AVE"]
            },
            "geometry": {
                "type": "Polygon",
                "coordinates": [
                    [
                        -95.98957664900,
                        36.15920393500
                    ],
                    [
                        -95.98974078800,
                        36.15914492900
                    ],
                    [
                        -95.98972042000,
                        36.15910333400
                    ],
                    [
                        -95.98955628200,
                        36.15916040600
                    ],
                    [
                        -95.98957664900,
                        36.15920393500
                    ]
                ]
            }
        },
        {
            "type": "Feature",
            "properties": {
                "POI": "BOOKER T. WASHINGTON HS",
                "OBJECTID": "6177"
            },
            "geometry": {
                "type": "Polygon",
                "coordinates": [
                    [
                        -95.98908423400,
                        36.16413611900
                    ],
                    [
                        -95.98917289300,
                        36.16413611900
                    ],
                    [
                        -95.98917289300,
                        36.16397555400
                    ],
                    [
                        -95.98908423400,
                        36.16397555400
                    ],
                    [
                        -95.98908423400,
                        36.16413611900
                    ]
                ]
            }
        },
        {
            "type": "Feature",
            "properties": {
                "OBJECTID": "6392"
            },
            "geometry": {
                "type": "Polygon",
                "coordinates": [
                    [
                        -95.99340934100,
                        36.16280323100
                    ],
                    [
                        -95.99352675300,
                        36.16276454000
                    ],
                    [
                        -95.99346924500,
                        36.16264846800
                    ],
                    [
                        -95.99335183200,
                        36.16268715900
                    ],
                    [
                        -95.99340934100,
                        36.16280323100
                    ]
                ]
            }
        },
        {
            "type": "Feature",
            "properties": {
                "STREET": "ELGIN AVE",
                "address": ["509 ELGIN AVE"],
                "PRIMARY": "509",
                "OBJECTID": "6294",
                "buildings": [502]
            },
            "geometry": {
                "type": "Polygon",
                "coordinates": [
                    [
                        -95.99033983300,
                        36.16327138900
                    ],
                    [
                        -95.99044526500,
                        36.16323269800
                    ],
                    [
                        -95.99041651100,
                        36.16317853100
                    ],
                    [
                        -95.99030868300,
                        36.16321722200
                    ],
                    [
                        -95.99033983300,
                        36.16327138900
                    ]
                ]
            }
        },
        {
            "type": "Feature",
            "properties": {
                "OBJECTID": "6601",
                "PRIMARY": "UNKNOWN",
                "STREET": "EXETER PL",
                "address": ["EXETER PL"]
            },
            "geometry": {
                "type": "Polygon",
                "coordinates": [
                    [
                        -95.98871282600,
                        36.16195202800
                    ],
                    [
                        -95.98883023900,
                        36.16195202800
                    ],
                    [
                        -95.98883023900,
                        36.16190366400
                    ],
                    [
                        -95.98871282600,
                        36.16190366400
                    ],
                    [
                        -95.98871282600,
                        36.16195202800
                    ]
                ]
            }
        },
        {
            "type": "Feature",
            "properties": {
                "POI": "Tulsa Brick Plant",
                "OBJECTID": "6136"
            },
            "geometry": {
                "type": "Polygon",
                "coordinates": [
                    [
                        -95.98822400500,
                        36.16464876200
                    ],
                    [
                        -95.98824077900,
                        36.16454429900
                    ],
                    [
                        -95.98813534700,
                        36.16453269200
                    ],
                    [
                        -95.98811857300,
                        36.16463715500
                    ],
                    [
                        -95.98822400500,
                        36.16464876200
                    ]
                ]
            }
        },
        {
            "type": "Feature",
            "properties": {
                "PRIMARY": "407",
                "STREET": "EASTON ST",
                "OBJECTID": "6354",
                "buildings": [538],
                "address": ["407 EASTON ST"]
            },
            "geometry": {
                "type": "Polygon",
                "coordinates": [
                    [
                        -95.99011938400,
                        36.16302376900
                    ],
                    [
                        -95.99018647700,
                        36.16300055400
                    ],
                    [
                        -95.99015532700,
                        36.16294058400
                    ],
                    [
                        -95.99008823400,
                        36.16296573200
                    ],
                    [
                        -95.99011938400,
                        36.16302376900
                    ]
                ]
            }
        },
        {
            "type": "Feature",
            "properties": {
                "OBJECTID": "6810"
            },
            "geometry": {
                "type": "Polygon",
                "coordinates": [
                    [
                        -95.99073280700,
                        36.16128460200
                    ],
                    [
                        -95.99078791900,
                        36.16126719000
                    ],
                    [
                        -95.99075676800,
                        36.16120334900
                    ],
                    [
                        -95.99070165600,
                        36.16122076100
                    ],
                    [
                        -95.99073280700,
                        36.16128460200
                    ]
                ]
            }
        },
        {
            "type": "Feature",
            "properties": {
                "buildings": [793],
                "address": ["12 HARTFORD AVE"],
                "STREET": "HARTFORD AVE",
                "PRIMARY": "12",
                "OBJECTID": "7128"
            },
            "geometry": {
                "type": "Polygon",
                "coordinates": [
                    [
                        -95.98479746700,
                        36.15981367000
                    ],
                    [
                        -95.98489491900,
                        36.15977884600
                    ],
                    [
                        -95.98487016600,
                        36.15973435000
                    ],
                    [
                        -95.98477192300,
                        36.15976660000
                    ],
                    [
                        -95.98479746700,
                        36.15981367000
                    ]
                ]
            }
        },
        {
            "type": "Feature",
            "properties": {
                "PRIMARY": "UNKNOWN",
                "address": ["EASTON ST"],
                "OBJECTID": "6263",
                "STREET": "EASTON ST"
            },
            "geometry": {
                "type": "Polygon",
                "coordinates": [
                    [
                        -95.98863854500,
                        36.16350159700
                    ],
                    [
                        -95.98875116500,
                        36.16350159700
                    ],
                    [
                        -95.98875116500,
                        36.16343388900
                    ],
                    [
                        -95.98863854500,
                        36.16343388900
                    ],
                    [
                        -95.98863854500,
                        36.16350159700
                    ]
                ]
            }
        },
        {
            "type": "Feature",
            "properties": {
                "OBJECTID": "6541",
                "address": ["313 FRANKFORT AVE"],
                "STREET": "FRANKFORT AVE",
                "PRIMARY": "313"
            },
            "geometry": {
                "type": "Polygon",
                "coordinates": [
                    [
                        -95.98749796300,
                        36.16214355000
                    ],
                    [
                        -95.98760579100,
                        36.16214355000
                    ],
                    [
                        -95.98760579100,
                        36.16207584000
                    ],
                    [
                        -95.98749796300,
                        36.16207584000
                    ],
                    [
                        -95.98749796300,
                        36.16214355000
                    ]
                ]
            }
        },
        {
            "type": "Feature",
            "properties": {
                "OBJECTID": "598"
            },
            "geometry": {
                "type": "Polygon",
                "coordinates": [
                    [
                        -95.98133448100,
                        36.15951141000
                    ],
                    [
                        -95.98133448100,
                        36.15949377100
                    ],
                    [
                        -95.98126893800,
                        36.15949377100
                    ],
                    [
                        -95.98126893800,
                        36.15951141000
                    ],
                    [
                        -95.98133448100,
                        36.15951141000
                    ]
                ]
            }
        },
        {
            "type": "Feature",
            "properties": {
                "PRIMARY": "UNKNOWN",
                "address": ["GREENWOOD AVE"],
                "OBJECTID": "6493",
                "STREET": "GREENWOOD AVE",
                "buildings": [1057,1058]
            },
            "geometry": {
                "type": "Polygon",
                "coordinates": [
                    [
                        -95.98621361000,
                        36.16229638000
                    ],
                    [
                        -95.98613693200,
                        36.16229638000
                    ],
                    [
                        -95.98613693200,
                        36.16231379100
                    ],
                    [
                        -95.98621361000,
                        36.16231379100
                    ],
                    [
                        -95.98621361000,
                        36.16229638000
                    ]
                ]
            }
        },
        {
            "type": "Feature",
            "properties": {
                "OBJECTID": "6761"
            },
            "geometry": {
                "type": "Polygon",
                "coordinates": [
                    [
                        -95.99214176100,
                        36.16142002200
                    ],
                    [
                        -95.99228553200,
                        36.16137165800
                    ],
                    [
                        -95.99225438100,
                        36.16130975100
                    ],
                    [
                        -95.99211061100,
                        36.16135811600
                    ],
                    [
                        -95.99214176100,
                        36.16142002200
                    ]
                ]
            }
        },
        {
            "type": "Feature",
            "properties": {
                "PRIMARY": "UNKNOWN",
                "address": ["GREENWOOD AVE"],
                "OBJECTID": "7041",
                "STREET": "GREENWOOD AVE",
                "buildings": [1057,1058]
            },
            "geometry": {
                "type": "Polygon",
                "coordinates": [
                    [
                        -95.98688094600,
                        36.16026410500
                    ],
                    [
                        -95.98692887000,
                        36.16024862800
                    ],
                    [
                        -95.98689891700,
                        36.16018962300
                    ],
                    [
                        -95.98684739900,
                        36.16020703400
                    ],
                    [
                        -95.98688094600,
                        36.16026410500
                    ]
                ]
            }
        },
        {
            "type": "Feature",
            "properties": {
                "OBJECTID": "5715"
            },
            "geometry": {
                "type": "Polygon",
                "coordinates": [
                    [
                        -95.98945485100,
                        36.15767589100
                    ],
                    [
                        -95.98933343700,
                        36.15771779600
                    ],
                    [
                        -95.98935979500,
                        36.15776682000
                    ],
                    [
                        -95.98948279100,
                        36.15772553500
                    ],
                    [
                        -95.98945485100,
                        36.15767589100
                    ]
                ]
            }
        },
        {
            "type": "Feature",
            "properties": {
                "buildings": [1019,1020],
                "PRIMARY": "UNKNOWN",
                "OBJECTID": "6704",
                "address": ["FRANKFORT AVE"],
                "STREET": "FRANKFORT AVE"
            },
            "geometry": {
                "type": "Polygon",
                "coordinates": [
                    [
                        -95.98820004300,
                        36.16156705000
                    ],
                    [
                        -95.98820004300,
                        36.16155157300
                    ],
                    [
                        -95.98813534700,
                        36.16155157300
                    ],
                    [
                        -95.98813534700,
                        36.16156705000
                    ],
                    [
                        -95.98820004300,
                        36.16156705000
                    ]
                ]
            }
        },
        {
            "type": "Feature",
            "properties": {
                "OBJECTID": "6439",
                "address": ["321 EXETER PL"],
                "PRIMARY": "321",
                "STREET": "EXETER PL",
                "buildings": [507]
            },
            "geometry": {
                "type": "Polygon",
                "coordinates": [
                    [
                        -95.98885659700,
                        36.16252465700
                    ],
                    [
                        -95.98874158000,
                        36.16252465700
                    ],
                    [
                        -95.98874158000,
                        36.16254400200
                    ],
                    [
                        -95.98885659700,
                        36.16254400200
                    ],
                    [
                        -95.98885659700,
                        36.16252465700
                    ]
                ]
            }
        },
        {
            "type": "Feature",
            "properties": {
                "OBJECTID": "6942"
            },
            "geometry": {
                "type": "Polygon",
                "coordinates": [
                    [
                        -95.98708342300,
                        36.16075065600
                    ],
                    [
                        -95.98716729000,
                        36.16072357200
                    ],
                    [
                        -95.98715051600,
                        36.16069261800
                    ],
                    [
                        -95.98706904600,
                        36.16071970300
                    ],
                    [
                        -95.98708342300,
                        36.16075065600
                    ]
                ]
            }
        },
        {
            "type": "Feature",
            "properties": {
                "OBJECTID": "7328"
            },
            "geometry": {
                "type": "Polygon",
                "coordinates": [
                    [
                        -95.98638373800,
                        36.15878315200
                    ],
                    [
                        -95.98642207700,
                        36.15877154400
                    ],
                    [
                        -95.98639092700,
                        36.15870963500
                    ],
                    [
                        -95.98635258800,
                        36.15872124300
                    ],
                    [
                        -95.98638373800,
                        36.15878315200
                    ]
                ]
            }
        },
        {
            "type": "Feature",
            "properties": {
                "STREET": "ELGIN AVE",
                "address": ["123 ELGIN AVE"],
                "OBJECTID": "5606",
                "PRIMARY": "123",
                "buildings": [40,1072,1073]
            },
            "geometry": {
                "type": "Polygon",
                "coordinates": [
                    [
                        -95.98866809000,
                        36.15985880400
                    ],
                    [
                        -95.98863296100,
                        36.15978915800
                    ],
                    [
                        -95.98854509400,
                        36.15981753900
                    ],
                    [
                        -95.98856426300,
                        36.15985363900
                    ],
                    [
                        -95.98858662000,
                        36.15984462300
                    ],
                    [
                        -95.98860739400,
                        36.15987815000
                    ],
                    [
                        -95.98866809000,
                        36.15985880400
                    ]
                ]
            }
        },
        {
            "type": "Feature",
            "properties": {
                "OBJECTID": "6649"
            },
            "geometry": {
                "type": "Polygon",
                "coordinates": [
                    [
                        -95.99065133600,
                        36.16178178700
                    ],
                    [
                        -95.99072322200,
                        36.16175470300
                    ],
                    [
                        -95.99067769400,
                        36.16167538600
                    ],
                    [
                        -95.99060580900,
                        36.16170247000
                    ],
                    [
                        -95.99065133600,
                        36.16178178700
                    ]
                ]
            }
        },
        {
            "type": "Feature",
            "properties": {
                "OBJECTID": "7567"
            },
            "geometry": {
                "type": "Polygon",
                "coordinates": [
                    [
                        -95.98640290800,
                        36.15753079100
                    ],
                    [
                        -95.98644203800,
                        36.15751595200
                    ],
                    [
                        -95.98638771600,
                        36.15741405300
                    ],
                    [
                        -95.98634698100,
                        36.15742889200
                    ],
                    [
                        -95.98640290800,
                        36.15753079100
                    ]
                ]
            }
        },
        {
            "type": "Feature",
            "properties": {
                "OBJECTID": "5581",
                "PRIMARY": "623",
                "address": ["623 ELMIRA AVE"],
                "STREET": "ELMIRA AVE"
            },
            "geometry": {
                "type": "Polygon",
                "coordinates": [
                    [
                        -95.98943647300,
                        36.16518268100
                    ],
                    [
                        -95.98946043500,
                        36.16520396000
                    ],
                    [
                        -95.98956826300,
                        36.16520396000
                    ],
                    [
                        -95.98956826300,
                        36.16514786000
                    ],
                    [
                        -95.98943647300,
                        36.16514786000
                    ],
                    [
                        -95.98943647300,
                        36.16518268100
                    ]
                ]
            }
        },
        {
            "type": "Feature",
            "properties": {
                "PRIMARY": "506",
                "address": ["506"],
                "OBJECTID": "6246"
            },
            "geometry": {
                "type": "Polygon",
                "coordinates": [
                    [
                        -95.98673118500,
                        36.16361186500
                    ],
                    [
                        -95.98681984300,
                        36.16361186500
                    ],
                    [
                        -95.98681984300,
                        36.16355963300
                    ],
                    [
                        -95.98673118500,
                        36.16355963300
                    ],
                    [
                        -95.98673118500,
                        36.16361186500
                    ]
                ]
            }
        },
        {
            "type": "Feature",
            "properties": {
                "PRIMARY": "UNKNOWN",
                "address": ["HARTFORD AVE"],
                "STREET": "HARTFORD AVE",
                "buildings": [287,1047,1048,1099,1100],
                "OBJECTID": "6875"
            },
            "geometry": {
                "type": "Polygon",
                "coordinates": [
                    [
                        -95.98501472800,
                        36.16105051700
                    ],
                    [
                        -95.98502431300,
                        36.16101826800
                    ],
                    [
                        -95.98498757900,
                        36.16101439900
                    ],
                    [
                        -95.98498278700,
                        36.16104277900
                    ],
                    [
                        -95.98501472800,
                        36.16105051700
                    ]
                ]
            }
        },
        {
            "type": "Feature",
            "properties": {
                "buildings": [1133,1134],
                "PRIMARY": "UNKNOWN",
                "OBJECTID": "7199",
                "STREET": "ARCHER ST",
                "address": ["ARCHER ST"]
            },
            "geometry": {
                "type": "Polygon",
                "coordinates": [
                    [
                        -95.98800995400,
                        36.15946156900
                    ],
                    [
                        -95.98805469100,
                        36.15944351900
                    ],
                    [
                        -95.98802433100,
                        36.15937774100
                    ],
                    [
                        -95.98797480200,
                        36.15939321800
                    ],
                    [
                        -95.98800995400,
                        36.15946156900
                    ]
                ]
            }
        },
        {
            "type": "Feature",
            "properties": {
                "PRIMARY": "UNKNOWN",
                "STREET": "HASKELL ST",
                "OBJECTID": "6155",
                "address": ["HASKELL ST"]
            },
            "geometry": {
                "type": "Polygon",
                "coordinates": [
                    [
                        -95.98733502200,
                        36.16422123700
                    ],
                    [
                        -95.98739971900,
                        36.16422123700
                    ],
                    [
                        -95.98739971900,
                        36.16413805300
                    ],
                    [
                        -95.98733502200,
                        36.16413805300
                    ],
                    [
                        -95.98733502200,
                        36.16422123700
                    ]
                ]
            }
        },
        {
            "type": "Feature",
            "properties": {
                "OBJECTID": "6371"
            },
            "geometry": {
                "type": "Polygon",
                "coordinates": [
                    [
                        -95.99342132100,
                        36.16294638700
                    ],
                    [
                        -95.99346684900,
                        36.16292897600
                    ],
                    [
                        -95.99344528300,
                        36.16288835100
                    ],
                    [
                        -95.99339975600,
                        36.16290382700
                    ],
                    [
                        -95.99342132100,
                        36.16294638700
                    ]
                ]
            }
        },
        {
            "type": "Feature",
            "properties": {
                "OBJECTID": "5522"
            },
            "geometry": {
                "type": "Polygon",
                "coordinates": [
                    [
                        -95.99214974000,
                        36.16145484400
                    ],
                    [
                        -95.99214097000,
                        36.16144066400
                    ],
                    [
                        -95.99211619400,
                        36.16144967900
                    ],
                    [
                        -95.99212338200,
                        36.16146194400
                    ],
                    [
                        -95.99214974000,
                        36.16145484400
                    ]
                ]
            }
        },
        {
            "type": "Feature",
            "properties": {
                "address": ["514"],
                "OBJECTID": "6210",
                "PRIMARY": "514"
            },
            "geometry": {
                "type": "Polygon",
                "coordinates": [
                    [
                        -95.98680786200,
                        36.16386915600
                    ],
                    [
                        -95.98680786200,
                        36.16385174500
                    ],
                    [
                        -95.98672878800,
                        36.16385174500
                    ],
                    [
                        -95.98672878800,
                        36.16386915600
                    ],
                    [
                        -95.98680786200,
                        36.16386915600
                    ]
                ]
            }
        },
        {
            "type": "Feature",
            "properties": {
                "address": ["ELGIN AVE"],
                "STREET": "ELGIN AVE",
                "PRIMARY": "UNKNOWN",
                "OBJECTID": "6918"
            },
            "geometry": {
                "type": "Polygon",
                "coordinates": [
                    [
                        -95.98896202900,
                        36.16083771300
                    ],
                    [
                        -95.98898359500,
                        36.16079321700
                    ],
                    [
                        -95.98895484000,
                        36.16078354400
                    ],
                    [
                        -95.98893327500,
                        36.16082804000
                    ],
                    [
                        -95.98896202900,
                        36.16083771300
                    ]
                ]
            }
        },
        {
            "type": "Feature",
            "properties": {
                "OBJECTID": "5779"
            },
            "geometry": {
                "type": "Polygon",
                "coordinates": [
                    [
                        -95.98688513900,
                        36.15731474600
                    ],
                    [
                        -95.98682403700,
                        36.15733651100
                    ],
                    [
                        -95.98678989100,
                        36.15727460100
                    ],
                    [
                        -95.98662695100,
                        36.15733022300
                    ],
                    [
                        -95.98676173600,
                        36.15758801800
                    ],
                    [
                        -95.98698577900,
                        36.15751014800
                    ],
                    [
                        -95.98688513900,
                        36.15731474600
                    ]
                ]
            }
        },
        {
            "type": "Feature",
            "properties": {
                "OBJECTID": "6330"
            },
            "geometry": {
                "type": "Polygon",
                "coordinates": [
                    [
                        -95.99240773700,
                        36.16312243000
                    ],
                    [
                        -95.99249399900,
                        36.16309341200
                    ],
                    [
                        -95.99243888700,
                        36.16298120900
                    ],
                    [
                        -95.99235262500,
                        36.16301022700
                    ],
                    [
                        -95.99240773700,
                        36.16312243000
                    ]
                ]
            }
        },
        {
            "type": "Feature",
            "properties": {
                "PRIMARY": "UNKNOWN",
                "address": ["GREENWOOD AVE"],
                "STREET": "GREENWOOD AVE",
                "OBJECTID": "6313",
                "buildings": [1057,1058]
            },
            "geometry": {
                "type": "Polygon",
                "coordinates": [
                    [
                        -95.98701633000,
                        36.16320368000
                    ],
                    [
                        -95.98709540400,
                        36.16320368000
                    ],
                    [
                        -95.98709540400,
                        36.16314371000
                    ],
                    [
                        -95.98701633000,
                        36.16314371000
                    ],
                    [
                        -95.98701633000,
                        36.16320368000
                    ]
                ]
            }
        },
        {
            "type": "Feature",
            "properties": {
                "OBJECTID": "6616",
                "buildings": [726,727,934,935],
                "STREET": "GREENWOOD AVE",
                "PRIMARY": "309,311",
                "address": ["309 GREENWOOD AVE","311 GREENWOOD AVE"]
            },
            "geometry": {
                "type": "Polygon",
                "coordinates": [
                    [
                        -95.98632623000,
                        36.16189786100
                    ],
                    [
                        -95.98639571900,
                        36.16189786100
                    ],
                    [
                        -95.98639571900,
                        36.16175663700
                    ],
                    [
                        -95.98632623000,
                        36.16175663700
                    ],
                    [
                        -95.98632623000,
                        36.16189786100
                    ]
                ]
            }
        },
        {
            "type": "Feature",
            "properties": {
                "PRIMARY": "318",
                "STREET": "GREENWOOD AVE",
                "address": ["318 GREENWOOD AVE"],
                "OBJECTID": "6477",
                "buildings": [606]
            },
            "geometry": {
                "type": "Polygon",
                "coordinates": [
                    [
                        -95.98671441100,
                        36.16235828500
                    ],
                    [
                        -95.98677431600,
                        36.16235828500
                    ],
                    [
                        -95.98677431600,
                        36.16232539800
                    ],
                    [
                        -95.98671441100,
                        36.16232539800
                    ],
                    [
                        -95.98671441100,
                        36.16235828500
                    ]
                ]
            }
        },
        {
            "type": "Feature",
            "properties": {
                "OBJECTID": "6847"
            },
            "geometry": {
                "type": "Polygon",
                "coordinates": [
                    [
                        -95.98701872600,
                        36.16111242400
                    ],
                    [
                        -95.98709540400,
                        36.16108340500
                    ],
                    [
                        -95.98705946100,
                        36.16102536800
                    ],
                    [
                        -95.98698278400,
                        36.16105632100
                    ],
                    [
                        -95.98701872600,
                        36.16111242400
                    ]
                ]
            }
        },
        {
            "type": "Feature",
            "properties": {
                "STREET": "ELGIN AVE",
                "PRIMARY": "122.5",
                "OBJECTID": "7163",
                "address": ["122.5 ELGIN AVE"],
                "buildings": [50]
            },
            "geometry": {
                "type": "Polygon",
                "coordinates": [
                    [
                        -95.98891770000,
                        36.15963729100
                    ],
                    [
                        -95.98907225300,
                        36.15958505600
                    ],
                    [
                        -95.98905068800,
                        36.15955120000
                    ],
                    [
                        -95.98889733200,
                        36.15960150000
                    ],
                    [
                        -95.98891770000,
                        36.15963729100
                    ]
                ]
            }
        },
        {
            "type": "Feature",
            "properties": {
                "STREET": "ELGIN AVE",
                "OBJECTID": "6281",
                "buildings": [503,971,972],
                "address": ["511 ELGIN AVE"],
                "PRIMARY": "511"
            },
            "geometry": {
                "type": "Polygon",
                "coordinates": [
                    [
                        -95.99040213400,
                        36.16337585300
                    ],
                    [
                        -95.99048839600,
                        36.16334490100
                    ],
                    [
                        -95.99045485000,
                        36.16328299600
                    ],
                    [
                        -95.99037098300,
                        36.16331201400
                    ],
                    [
                        -95.99040213400,
                        36.16337585300
                    ]
                ]
            }
        },
        {
            "type": "Feature",
            "properties": {
                "OBJECTID": "6550"
            },
            "geometry": {
                "type": "Polygon",
                "coordinates": [
                    [
                        -95.99174399500,
                        36.16212033500
                    ],
                    [
                        -95.99184463400,
                        36.16208744800
                    ],
                    [
                        -95.99179191900,
                        36.16198104700
                    ],
                    [
                        -95.99169127900,
                        36.16201393400
                    ],
                    [
                        -95.99174399500,
                        36.16212033500
                    ]
                ]
            }
        },
        {
            "type": "Feature",
            "properties": {
                "OBJECTID": "6422"
            },
            "geometry": {
                "type": "Polygon",
                "coordinates": [
                    [
                        -95.99201476300,
                        36.16263299100
                    ],
                    [
                        -95.99212978000,
                        36.16259236600
                    ],
                    [
                        -95.99209863000,
                        36.16253433000
                    ],
                    [
                        -95.99198121700,
                        36.16257495500
                    ],
                    [
                        -95.99201476300,
                        36.16263299100
                    ]
                ]
            }
        },
        {
            "type": "Feature",
            "properties": {
                "PRIMARY": "306",
                "address": ["306 HARTFORD AVE"],
                "STREET": "HARTFORD AVE",
                "buildings": [721],
                "OBJECTID": "6765"
            },
            "geometry": {
                "type": "Polygon",
                "coordinates": [
                    [
                        -95.98557382900,
                        36.16139293800
                    ],
                    [
                        -95.98557382900,
                        36.16137939600
                    ],
                    [
                        -95.98549235900,
                        36.16137939600
                    ],
                    [
                        -95.98549235900,
                        36.16139293800
                    ],
                    [
                        -95.98557382900,
                        36.16139293800
                    ]
                ]
            }
        },
        {
            "type": "Feature",
            "properties": {
                "OBJECTID": "7108"
            },
            "geometry": {
                "type": "Polygon",
                "coordinates": [
                    [
                        -95.99012417700,
                        36.15988202000
                    ],
                    [
                        -95.99010021500,
                        36.15983558900
                    ],
                    [
                        -95.99009063000,
                        36.15983752400
                    ],
                    [
                        -95.99011698800,
                        36.15988588900
                    ],
                    [
                        -95.99012417700,
                        36.15988202000
                    ]
                ]
            }
        },
        {
            "type": "Feature",
            "properties": {
                "OBJECTID": "5718"
            },
            "geometry": {
                "type": "Polygon",
                "coordinates": [
                    [
                        -95.98947960400,
                        36.15800155300
                    ],
                    [
                        -95.98949398100,
                        36.15802800000
                    ],
                    [
                        -95.98977673000,
                        36.15792933200
                    ],
                    [
                        -95.98976235300,
                        36.15790158900
                    ],
                    [
                        -95.98947960400,
                        36.15800155300
                    ]
                ]
            }
        },
        {
            "type": "Feature",
            "properties": {
                "PRIMARY": "308",
                "buildings": [720],
                "address": ["308 HARTFORD AVE"],
                "STREET": "HARTFORD AVE",
                "OBJECTID": "6740"
            },
            "geometry": {
                "type": "Polygon",
                "coordinates": [
                    [
                        -95.98556903700,
                        36.16145097500
                    ],
                    [
                        -95.98556903700,
                        36.16143163000
                    ],
                    [
                        -95.98548996300,
                        36.16143163000
                    ],
                    [
                        -95.98548996300,
                        36.16145097500
                    ],
                    [
                        -95.98556903700,
                        36.16145097500
                    ]
                ]
            }
        },
        {
            "type": "Feature",
            "properties": {
                "OBJECTID": "7467"
            },
            "geometry": {
                "type": "Polygon",
                "coordinates": [
                    [
                        -95.98524315600,
                        36.15801122600
                    ],
                    [
                        -95.98530785300,
                        36.15798801000
                    ],
                    [
                        -95.98521919500,
                        36.15783517200
                    ],
                    [
                        -95.98515689400,
                        36.15785838800
                    ],
                    [
                        -95.98524315600,
                        36.15801122600
                    ]
                ]
            }
        },
        {
            "type": "Feature",
            "properties": {
                "OBJECTID": "5562"
            },
            "geometry": {
                "type": "Polygon",
                "coordinates": [
                    [
                        -95.98590450200,
                        36.16015673400
                    ],
                    [
                        -95.98586856000,
                        36.16017027600
                    ],
                    [
                        -95.98588413500,
                        36.16020896900
                    ],
                    [
                        -95.98592247400,
                        36.16019349200
                    ],
                    [
                        -95.98590450200,
                        36.16015673400
                    ]
                ]
            }
        },
        {
            "type": "Feature",
            "properties": {
                "OBJECTID": "6227",
                "PRIMARY": "UNKNOWN",
                "buildings": [1092,1093],
                "address": ["FRANKFORT AVE"],
                "STREET": "FRANKFORT AVE"
            },
            "geometry": {
                "type": "Polygon",
                "coordinates": [
                    [
                        -95.98806106500,
                        36.16376662700
                    ],
                    [
                        -95.98814972400,
                        36.16376662700
                    ],
                    [
                        -95.98814972400,
                        36.16372987100
                    ],
                    [
                        -95.98806106500,
                        36.16372987100
                    ],
                    [
                        -95.98806106500,
                        36.16376662700
                    ]
                ]
            }
        },
        {
            "type": "Feature",
            "properties": {
                "buildings": [1019,1020],
                "PRIMARY": "UNKNOWN",
                "OBJECTID": "6967",
                "address": ["FRANKFORT AVE"],
                "STREET": "FRANKFORT AVE"
            },
            "geometry": {
                "type": "Polygon",
                "coordinates": [
                    [
                        -95.98812097000,
                        36.16066166500
                    ],
                    [
                        -95.98819045900,
                        36.16063845000
                    ],
                    [
                        -95.98815212000,
                        36.16057267400
                    ],
                    [
                        -95.98808502700,
                        36.16059782300
                    ],
                    [
                        -95.98812097000,
                        36.16066166500
                    ]
                ]
            }
        },
        {
            "type": "Feature",
            "properties": {
                "address": ["ELGIN AVE"],
                "STREET": "ELGIN AVE",
                "PRIMARY": "UNKNOWN",
                "OBJECTID": "7346"
            },
            "geometry": {
                "type": "Polygon",
                "coordinates": [
                    [
                        -95.98840252100,
                        36.15864289000
                    ],
                    [
                        -95.98854269700,
                        36.15859549100
                    ],
                    [
                        -95.98851394300,
                        36.15853938700
                    ],
                    [
                        -95.98837376700,
                        36.15858678500
                    ],
                    [
                        -95.98840252100,
                        36.15864289000
                    ]
                ]
            }
        },
        {
            "type": "Feature",
            "properties": {
                "buildings": [66],
                "address": ["311 ARCHER ST"],
                "PRIMARY": "311",
                "STREET": "ARCHER ST",
                "OBJECTID": "5613"
            },
            "geometry": {
                "type": "Polygon",
                "coordinates": [
                    [
                        -95.98922002600,
                        36.15891987200
                    ],
                    [
                        -95.98918487400,
                        36.15885602900
                    ],
                    [
                        -95.98915851600,
                        36.15886247200
                    ],
                    [
                        -95.98915053600,
                        36.15884956800
                    ],
                    [
                        -95.98911778100,
                        36.15886247200
                    ],
                    [
                        -95.98912096800,
                        36.15887537600
                    ],
                    [
                        -95.98910819600,
                        36.15888118000
                    ],
                    [
                        -95.98912736500,
                        36.15892180700
                    ],
                    [
                        -95.98916170300,
                        36.15891083800
                    ],
                    [
                        -95.98917210200,
                        36.15893405300
                    ],
                    [
                        -95.98922002600,
                        36.15891987200
                    ]
                ]
            }
        },
        {
            "type": "Feature",
            "properties": {
                "buildings": [670],
                "PRIMARY": "308",
                "address": ["308 GREENWOOD AVE"],
                "STREET": "GREENWOOD AVE",
                "OBJECTID": "6681"
            },
            "geometry": {
                "type": "Polygon",
                "coordinates": [
                    [
                        -95.98675514600,
                        36.16165410500
                    ],
                    [
                        -95.98688693600,
                        36.16165410500
                    ],
                    [
                        -95.98688693600,
                        36.16158639500
                    ],
                    [
                        -95.98675514600,
                        36.16158639500
                    ],
                    [
                        -95.98675514600,
                        36.16165410500
                    ]
                ]
            }
        },
        {
            "type": "Feature",
            "properties": {
                "OBJECTID": "627"
            },
            "geometry": {
                "type": "Polygon",
                "coordinates": [
                    [
                        -95.98231034700,
                        36.15931149700
                    ],
                    [
                        -95.98230306500,
                        36.15928797800
                    ],
                    [
                        -95.98219382600,
                        36.15930561700
                    ],
                    [
                        -95.98220110800,
                        36.15932913700
                    ],
                    [
                        -95.98231034700,
                        36.15931149700
                    ]
                ]
            }
        },
        {
            "type": "Feature",
            "properties": {
                "PRIMARY": "UNKNOWN",
                "OBJECTID": "6192",
                "buildings": [1092,1093],
                "address": ["FRANKFORT AVE"],
                "STREET": "FRANKFORT AVE"
            },
            "geometry": {
                "type": "Polygon",
                "coordinates": [
                    [
                        -95.98987976600,
                        36.16402972100
                    ],
                    [
                        -95.98995404800,
                        36.16400263800
                    ],
                    [
                        -95.98993008600,
                        36.16395427500
                    ],
                    [
                        -95.98985340800,
                        36.16398135800
                    ],
                    [
                        -95.98987976600,
                        36.16402972100
                    ]
                ]
            }
        },
        {
            "type": "Feature",
            "properties": {
                "OBJECTID": "6881"
            },
            "geometry": {
                "type": "Polygon",
                "coordinates": [
                    [
                        -95.99184703100,
                        36.16100215300
                    ],
                    [
                        -95.99213457200,
                        36.16097506800
                    ],
                    [
                        -95.99212978000,
                        36.16093444200
                    ],
                    [
                        -95.99184223800,
                        36.16096152600
                    ],
                    [
                        -95.99184703100,
                        36.16100215300
                    ]
                ]
            }
        },
        {
            "type": "Feature",
            "properties": {
                "buildings": [1133,1134],
                "PRIMARY": "UNKNOWN",
                "OBJECTID": "7212",
                "STREET": "ARCHER ST",
                "address": ["ARCHER ST"]
            },
            "geometry": {
                "type": "Polygon",
                "coordinates": [
                    [
                        -95.98757864200,
                        36.15939320000
                    ],
                    [
                        -95.98756747500,
                        36.15937385300
                    ],
                    [
                        -95.98752913600,
                        36.15938675700
                    ],
                    [
                        -95.98754190800,
                        36.15940610300
                    ],
                    [
                        -95.98757864200,
                        36.15939320000
                    ]
                ]
            }
        },
        {
            "type": "Feature",
            "properties": {
                "OBJECTID": "6159"
            },
            "geometry": {
                "type": "Polygon",
                "coordinates": [
                    [
                        -95.99336860500,
                        36.16419608800
                    ],
                    [
                        -95.99336141700,
                        36.16419028500
                    ],
                    [
                        -95.99335902100,
                        36.16419221900
                    ],
                    [
                        -95.99336620900,
                        36.16419802300
                    ],
                    [
                        -95.99336860500,
                        36.16419608800
                    ]
                ]
            }
        },
        {
            "type": "Feature",
            "properties": {
                "OBJECTID": "6397"
            },
            "geometry": {
                "type": "Polygon",
                "coordinates": [
                    [
                        -95.99095085900,
                        36.16277227900
                    ],
                    [
                        -95.99101555600,
                        36.16275099900
                    ],
                    [
                        -95.99096763200,
                        36.16266394400
                    ],
                    [
                        -95.99090533200,
                        36.16268522400
                    ],
                    [
                        -95.99095085900,
                        36.16277227900
                    ]
                ]
            }
        },
        {
            "type": "Feature",
            "properties": {
                "OBJECTID": "6287"
            },
            "geometry": {
                "type": "Polygon",
                "coordinates": [
                    [
                        -95.99299240500,
                        36.16329847200
                    ],
                    [
                        -95.99299000900,
                        36.16329460300
                    ],
                    [
                        -95.99296365100,
                        36.16330621000
                    ],
                    [
                        -95.99296604700,
                        36.16331007900
                    ],
                    [
                        -95.99299240500,
                        36.16329847200
                    ]
                ]
            }
        },
        {
            "type": "Feature",
            "properties": {
                "buildings": [552],
                "OBJECTID": "6581",
                "PRIMARY": "311",
                "address": ["311 FRANKFORT AVE"],
                "STREET": "FRANKFORT AVE"
            },
            "geometry": {
                "type": "Polygon",
                "coordinates": [
                    [
                        -95.98749317000,
                        36.16200232700
                    ],
                    [
                        -95.98761058300,
                        36.16200232700
                    ],
                    [
                        -95.98761058300,
                        36.16192301000
                    ],
                    [
                        -95.98749317000,
                        36.16192301000
                    ],
                    [
                        -95.98749317000,
                        36.16200232700
                    ]
                ]
            }
        },
        {
            "type": "Feature",
            "properties": {
                "OBJECTID": "5794"
            },
            "geometry": {
                "type": "Polygon",
                "coordinates": [
                    [
                        -95.98891489600,
                        36.15653764100
                    ],
                    [
                        -95.98906825200,
                        36.15684204500
                    ],
                    [
                        -95.98915132700,
                        36.15681172800
                    ],
                    [
                        -95.98899557600,
                        36.15650734300
                    ],
                    [
                        -95.98891489600,
                        36.15653764100
                    ]
                ]
            }
        },
        {
            "type": "Feature",
            "properties": {
                "address": ["411 EXETER PL"],
                "PRIMARY": "411",
                "buildings": [512],
                "STREET": "EXETER PL",
                "OBJECTID": "6355"
            },
            "geometry": {
                "type": "Polygon",
                "coordinates": [
                    [
                        -95.98876793800,
                        36.16301216100
                    ],
                    [
                        -95.98883742800,
                        36.16301216100
                    ],
                    [
                        -95.98883742800,
                        36.16298314300
                    ],
                    [
                        -95.98876793800,
                        36.16298314300
                    ],
                    [
                        -95.98876793800,
                        36.16301216100
                    ]
                ]
            }
        },
        {
            "type": "Feature",
            "properties": {
                "PRIMARY": "UNKNOWN",
                "buildings": [1092,1093],
                "OBJECTID": "6252",
                "address": ["FRANKFORT AVE"],
                "STREET": "FRANKFORT AVE"
            },
            "geometry": {
                "type": "Polygon",
                "coordinates": [
                    [
                        -95.98966411000,
                        36.16354802600
                    ],
                    [
                        -95.98974318400,
                        36.16352094300
                    ],
                    [
                        -95.98971203400,
                        36.16346290700
                    ],
                    [
                        -95.98963535600,
                        36.16348805600
                    ],
                    [
                        -95.98966411000,
                        36.16354802600
                    ]
                ]
            }
        },
        {
            "type": "Feature",
            "properties": {
                "buildings": [608],
                "OBJECTID": "6529",
                "STREET": "GREENWOOD AVE",
                "address": ["314 GREENWOOD AVE"],
                "PRIMARY": "314"
            },
            "geometry": {
                "type": "Polygon",
                "coordinates": [
                    [
                        -95.98687974800,
                        36.16216096100
                    ],
                    [
                        -95.98672399600,
                        36.16215709200
                    ],
                    [
                        -95.98672160000,
                        36.16217643700
                    ],
                    [
                        -95.98687735200,
                        36.16217837200
                    ],
                    [
                        -95.98687974800,
                        36.16216096100
                    ]
                ]
            }
        },
        {
            "type": "Feature",
            "properties": {
                "OBJECTID": "572"
            },
            "geometry": {
                "type": "Polygon",
                "coordinates": [
                    [
                        -95.98154567600,
                        36.15967604400
                    ],
                    [
                        -95.98152382800,
                        36.15962900600
                    ],
                    [
                        -95.98150198000,
                        36.15963488600
                    ],
                    [
                        -95.98151654500,
                        36.15968192400
                    ],
                    [
                        -95.98154567600,
                        36.15967604400
                    ]
                ]
            }
        },
        {
            "type": "Feature",
            "properties": {
                "PRIMARY": "317",
                "STREET": "HARTFORD AVE",
                "address": ["317 HARTFORD AVE"],
                "OBJECTID": "6499",
                "buildings": [816]
            },
            "geometry": {
                "type": "Polygon",
                "coordinates": [
                    [
                        -95.98503468900,
                        36.16229444500
                    ],
                    [
                        -95.98517606300,
                        36.16225382000
                    ],
                    [
                        -95.98514730900,
                        36.16218611000
                    ],
                    [
                        -95.98502750000,
                        36.16222093200
                    ],
                    [
                        -95.98501312300,
                        36.16224414700
                    ],
                    [
                        -95.98503468900,
                        36.16229444500
                    ]
                ]
            }
        },
        {
            "type": "Feature",
            "properties": {
                "OBJECTID": "6852"
            },
            "geometry": {
                "type": "Polygon",
                "coordinates": [
                    [
                        -95.98724157100,
                        36.16109888200
                    ],
                    [
                        -95.98727272200,
                        36.16109694700
                    ],
                    [
                        -95.98726553300,
                        36.16105632100
                    ],
                    [
                        -95.98723677900,
                        36.16106019000
                    ],
                    [
                        -95.98724157100,
                        36.16109888200
                    ]
                ]
            }
        },
        {
            "type": "Feature",
            "properties": {
                "PRIMARY": "518",
                "buildings": [33],
                "OBJECTID": "7177",
                "address": ["518 ARCHER ST"],
                "STREET": "ARCHER ST"
            },
            "geometry": {
                "type": "Polygon",
                "coordinates": [
                    [
                        -95.98632623000,
                        36.15958151500
                    ],
                    [
                        -95.98637015200,
                        36.15956474200
                    ],
                    [
                        -95.98631822700,
                        36.15946930700
                    ],
                    [
                        -95.98627270000,
                        36.15948414600
                    ],
                    [
                        -95.98632623000,
                        36.15958151500
                    ]
                ]
            }
        },
        {
            "type": "Feature",
            "properties": {
                "address": ["ELGIN AVE"],
                "STREET": "ELGIN AVE",
                "PRIMARY": "UNKNOWN",
                "OBJECTID": "5700"
            },
            "geometry": {
                "type": "Polygon",
                "coordinates": [
                    [
                        -95.98845483000,
                        36.15870963500
                    ],
                    [
                        -95.98852034100,
                        36.15868705800
                    ],
                    [
                        -95.98850117100,
                        36.15865416900
                    ],
                    [
                        -95.98843726500,
                        36.15867610800
                    ],
                    [
                        -95.98845483000,
                        36.15870963500
                    ]
                ]
            }
        },
        {
            "type": "Feature",
            "properties": {
                "OBJECTID": "6710"
            },
            "geometry": {
                "type": "Polygon",
                "coordinates": [
                    [
                        -95.99223681700,
                        36.16156318100
                    ],
                    [
                        -95.99238777700,
                        36.16151224300
                    ],
                    [
                        -95.99235104300,
                        36.16144002500
                    ],
                    [
                        -95.99219847800,
                        36.16149162000
                    ],
                    [
                        -95.99223681700,
                        36.16156318100
                    ]
                ]
            }
        },
        {
            "type": "Feature",
            "properties": {
                "OBJECTID": "6425",
                "buildings": [579],
                "address": ["402 FRANKFORT AVE"],
                "PRIMARY": "402",
                "STREET": "FRANKFORT AVE"
            },
            "geometry": {
                "type": "Polygon",
                "coordinates": [
                    [
                        -95.98792448300,
                        36.16260977700
                    ],
                    [
                        -95.98804189600,
                        36.16260977700
                    ],
                    [
                        -95.98804189600,
                        36.16255367500
                    ],
                    [
                        -95.98792448300,
                        36.16255367500
                    ],
                    [
                        -95.98792448300,
                        36.16260977700
                    ]
                ]
            }
        },
        {
            "type": "Feature",
            "properties": {
                "buildings": [676],
                "address": ["511 CAMERON ST"],
                "STREET": "CAMERON ST",
                "OBJECTID": "6791",
                "PRIMARY": "511"
            },
            "geometry": {
                "type": "Polygon",
                "coordinates": [
                    [
                        -95.98735179500,
                        36.16131749000
                    ],
                    [
                        -95.98743566200,
                        36.16131749000
                    ],
                    [
                        -95.98743566200,
                        36.16125364800
                    ],
                    [
                        -95.98735179500,
                        36.16125364800
                    ],
                    [
                        -95.98735179500,
                        36.16131749000
                    ]
                ]
            }
        },
        {
            "type": "Feature",
            "properties": {
                "POI": "RAILROAD BUILDING",
                "OBJECTID": "7115"
            },
            "geometry": {
                "type": "Polygon",
                "coordinates": [
                    [
                        -95.98695163300,
                        36.15985687000
                    ],
                    [
                        -95.98698158600,
                        36.15981430800
                    ],
                    [
                        -95.98687855000,
                        36.15977077900
                    ],
                    [
                        -95.98685339000,
                        36.15981624300
                    ],
                    [
                        -95.98695163300,
                        36.15985687000
                    ]
                ]
            }
        },
        {
            "type": "Feature",
            "properties": {
                "PRIMARY": "108,110",
                "OBJECTID": "5595",
                "STREET": "GREENWOOD AVE",
                "address": ["108 GREENWOOD AVE","110 GREENWOOD AVE"]
            },
            "geometry": {
                "type": "Polygon",
                "coordinates": [
                    [
                        -95.98652750900,
                        36.15993522100
                    ],
                    [
                        -95.98630226800,
                        36.16000970400
                    ],
                    [
                        -95.98634300300,
                        36.16009676100
                    ],
                    [
                        -95.98657183900,
                        36.16002227900
                    ],
                    [
                        -95.98652750900,
                        36.15993522100
                    ]
                ]
            }
        },
        {
            "type": "Feature",
            "properties": {
                "OBJECTID": "6654"
            },
            "geometry": {
                "type": "Polygon",
                "coordinates": [
                    [
                        -95.99237898300,
                        36.16177985200
                    ],
                    [
                        -95.99252275400,
                        36.16172181500
                    ],
                    [
                        -95.99248681100,
                        36.16166184400
                    ],
                    [
                        -95.99234304000,
                        36.16171988100
                    ],
                    [
                        -95.99237898300,
                        36.16177985200
                    ]
                ]
            }
        },
        {
            "type": "Feature",
            "properties": {
                "PRIMARY": "UNKNOWN",
                "OBJECTID": "5582",
                "STREET": "EXETER PL",
                "address": ["EXETER PL"]
            },
            "geometry": {
                "type": "Polygon",
                "coordinates": [
                    [
                        -95.98910819600,
                        36.16519041900
                    ],
                    [
                        -95.98918247800,
                        36.16519041900
                    ],
                    [
                        -95.98918247800,
                        36.16511884300
                    ],
                    [
                        -95.98910819600,
                        36.16511884300
                    ],
                    [
                        -95.98910819600,
                        36.16519041900
                    ]
                ]
            }
        },
        {
            "type": "Feature",
            "properties": {
                "OBJECTID": "7502"
            },
            "geometry": {
                "type": "Polygon",
                "coordinates": [
                    [
                        -95.98975995700,
                        36.15782936800
                    ],
                    [
                        -95.98975037200,
                        36.15782356400
                    ],
                    [
                        -95.98974797600,
                        36.15782743300
                    ],
                    [
                        -95.98975756100,
                        36.15783130300
                    ],
                    [
                        -95.98975995700,
                        36.15782936800
                    ]
                ]
            }
        },
        {
            "type": "Feature",
            "properties": {
                "PRIMARY": "UNKNOWN",
                "buildings": [1092,1093],
                "address": ["FRANKFORT AVE"],
                "OBJECTID": "6234",
                "STREET": "FRANKFORT AVE"
            },
            "geometry": {
                "type": "Polygon",
                "coordinates": [
                    [
                        -95.98743086900,
                        36.16368150800
                    ],
                    [
                        -95.98745722700,
                        36.16368150800
                    ],
                    [
                        -95.98745722700,
                        36.16364475200
                    ],
                    [
                        -95.98743086900,
                        36.16364475200
                    ],
                    [
                        -95.98743086900,
                        36.16368150800
                    ]
                ]
            }
        },
        {
            "type": "Feature",
            "properties": {
                "OBJECTID": "7019"
            },
            "geometry": {
                "type": "Polygon",
                "coordinates": [
                    [
                        -95.98990612400,
                        36.16035599800
                    ],
                    [
                        -95.98989174700,
                        36.16034245600
                    ],
                    [
                        -95.98988695500,
                        36.16034826000
                    ],
                    [
                        -95.98989893600,
                        36.16035986800
                    ],
                    [
                        -95.98990612400,
                        36.16035599800
                    ]
                ]
            }
        },
        {
            "type": "Feature",
            "properties": {
                "OBJECTID": "7395"
            },
            "geometry": {
                "type": "Polygon",
                "coordinates": [
                    [
                        -95.98973359900,
                        36.15835753000
                    ],
                    [
                        -95.98983184300,
                        36.15832270600
                    ],
                    [
                        -95.98980308800,
                        36.15826853600
                    ],
                    [
                        -95.98970484500,
                        36.15830142500
                    ],
                    [
                        -95.98973359900,
                        36.15835753000
                    ]
                ]
            }
        },
        {
            "type": "Feature",
            "properties": {
                "POI": "Booker T. Washington HS",
                "OBJECTID": "6148"
            },
            "geometry": {
                "type": "Polygon",
                "coordinates": [
                    [
                        -95.98949877300,
                        36.16435084900
                    ],
                    [
                        -95.98949637700,
                        36.16433537300
                    ],
                    [
                        -95.98913695000,
                        36.16434311100
                    ],
                    [
                        -95.98913934600,
                        36.16435665200
                    ],
                    [
                        -95.98949877300,
                        36.16435084900
                    ]
                ]
            }
        },
        {
            "type": "Feature",
            "properties": {
                "address": ["411 GREENWOOD AVE"],
                "STREET": "GREENWOOD AVE",
                "PRIMARY": "411",
                "OBJECTID": "6377",
                "buildings": [738]
            },
            "geometry": {
                "type": "Polygon",
                "coordinates": [
                    [
                        -95.98628070300,
                        36.16288641600
                    ],
                    [
                        -95.98640770000,
                        36.16288641600
                    ],
                    [
                        -95.98640770000,
                        36.16286513600
                    ],
                    [
                        -95.98628070300,
                        36.16286513600
                    ],
                    [
                        -95.98628070300,
                        36.16288641600
                    ]
                ]
            }
        },
        {
            "type": "Feature",
            "properties": {
                "OBJECTID": "5545"
            },
            "geometry": {
                "type": "Polygon",
                "coordinates": [
                    [
                        -95.99117130800,
                        36.16090478500
                    ],
                    [
                        -95.99166012900,
                        36.16088801200
                    ],
                    [
                        -95.99165373100,
                        36.16074742600
                    ],
                    [
                        -95.99116491000,
                        36.16075903300
                    ],
                    [
                        -95.99117130800,
                        36.16090478500
                    ]
                ]
            }
        },
        {
            "type": "Feature",
            "properties": {
                "PRIMARY": "515",
                "OBJECTID": "6195",
                "buildings": [565],
                "address": ["515 FRANKFORT AVE"],
                "STREET": "FRANKFORT AVE"
            },
            "geometry": {
                "type": "Polygon",
                "coordinates": [
                    [
                        -95.98752911300,
                        36.16399683400
                    ],
                    [
                        -95.98762256400,
                        36.16399683400
                    ],
                    [
                        -95.98762256400,
                        36.16394847100
                    ],
                    [
                        -95.98752911300,
                        36.16394847100
                    ],
                    [
                        -95.98752911300,
                        36.16399683400
                    ]
                ]
            }
        },
        {
            "type": "Feature",
            "properties": {
                "OBJECTID": "6931",
                "buildings": [903,904],
                "STREET": "BRADY ST",
                "PRIMARY": "519",
                "address": ["519 BRADY ST"]
            },
            "geometry": {
                "type": "Polygon",
                "coordinates": [
                    [
                        -95.98694923700,
                        36.16079515200
                    ],
                    [
                        -95.98703070700,
                        36.16076806700
                    ],
                    [
                        -95.98701393400,
                        36.16073711400
                    ],
                    [
                        -95.98693246400,
                        36.16076613300
                    ],
                    [
                        -95.98694923700,
                        36.16079515200
                    ]
                ]
            }
        },
        {
            "type": "Feature",
            "properties": {
                "OBJECTID": "7279"
            },
            "geometry": {
                "type": "Polygon",
                "coordinates": [
                    [
                        -95.98643326700,
                        36.15907205100
                    ],
                    [
                        -95.98641809900,
                        36.15904755800
                    ],
                    [
                        -95.98640451300,
                        36.15905336200
                    ],
                    [
                        -95.98641649400,
                        36.15907915100
                    ],
                    [
                        -95.98643326700,
                        36.15907205100
                    ]
                ]
            }
        },
        {
            "type": "Feature",
            "properties": {
                "OBJECTID": "5784"
            },
            "geometry": {
                "type": "Polygon",
                "coordinates": [
                    [
                        -95.98676173600,
                        36.15758801800
                    ],
                    [
                        -95.98662695100,
                        36.15733022300
                    ],
                    [
                        -95.98653589600,
                        36.15736262900
                    ],
                    [
                        -95.98667187900,
                        36.15761897300
                    ],
                    [
                        -95.98676173600,
                        36.15758801800
                    ]
                ]
            }
        },
        {
            "type": "Feature",
            "properties": {
                "PRIMARY": "507",
                "STREET": "ELGIN AVE",
                "address": ["507 ELGIN AVE"],
                "buildings": [501],
                "OBJECTID": "6320"
            },
            "geometry": {
                "type": "Polygon",
                "coordinates": [
                    [
                        -95.99023200500,
                        36.16313016800
                    ],
                    [
                        -95.99025836300,
                        36.16318046600
                    ],
                    [
                        -95.99042369900,
                        36.16312243000
                    ],
                    [
                        -95.99039494500,
                        36.16307019700
                    ],
                    [
                        -95.99023200500,
                        36.16313016800
                    ]
                ]
            }
        },
        {
            "type": "Feature",
            "properties": {
                "buildings": [543],
                "address": ["423 EASTON ST"],
                "STREET": "EASTON ST",
                "OBJECTID": "6302",
                "PRIMARY": "423"
            },
            "geometry": {
                "type": "Polygon",
                "coordinates": [
                    [
                        -95.98939813400,
                        36.16323463300
                    ],
                    [
                        -95.98947241500,
                        36.16321141800
                    ],
                    [
                        -95.98945803800,
                        36.16318433500
                    ],
                    [
                        -95.98938615300,
                        36.16320754900
                    ],
                    [
                        -95.98939813400,
                        36.16323463300
                    ]
                ]
            }
        },
        {
            "type": "Feature",
            "properties": {
                "OBJECTID": "6619"
            },
            "geometry": {
                "type": "Polygon",
                "coordinates": [
                    [
                        -95.99011938400,
                        36.16190173000
                    ],
                    [
                        -95.99021523200,
                        36.16187077700
                    ],
                    [
                        -95.99019606200,
                        36.16183015100
                    ],
                    [
                        -95.99010021500,
                        36.16186110400
                    ],
                    [
                        -95.99011938400,
                        36.16190173000
                    ]
                ]
            }
        },
        {
            "type": "Feature",
            "properties": {
                "OBJECTID": "6456"
            },
            "geometry": {
                "type": "Polygon",
                "coordinates": [
                    [
                        -95.99191891600,
                        36.16245888200
                    ],
                    [
                        -95.99207466800,
                        36.16240471500
                    ],
                    [
                        -95.99204591400,
                        36.16235054700
                    ],
                    [
                        -95.99201476300,
                        36.16233894000
                    ],
                    [
                        -95.99188057700,
                        36.16238536900
                    ],
                    [
                        -95.99191891600,
                        36.16245888200
                    ]
                ]
            }
        },
        {
            "type": "Feature",
            "properties": {
                "OBJECTID": "6830"
            },
            "geometry": {
                "type": "Polygon",
                "coordinates": [
                    [
                        -95.99066092100,
                        36.16119367600
                    ],
                    [
                        -95.99069207200,
                        36.16118787300
                    ],
                    [
                        -95.99073280700,
                        36.16113177000
                    ],
                    [
                        -95.99067290200,
                        36.16110275100
                    ],
                    [
                        -95.99062018600,
                        36.16117626500
                    ],
                    [
                        -95.99066092100,
                        36.16119367600
                    ]
                ]
            }
        },
        {
            "type": "Feature",
            "properties": {
                "OBJECTID": "7141",
                "STREET": "HARTFORD AVE",
                "PRIMARY": "12 Rear",
                "address": ["12 Rear HARTFORD AVE"]
            },
            "geometry": {
                "type": "Polygon",
                "coordinates": [
                    [
                        -95.98493086200,
                        36.15976530400
                    ],
                    [
                        -95.98498518300,
                        36.15974531900
                    ],
                    [
                        -95.98496201200,
                        36.15969952700
                    ],
                    [
                        -95.98490371300,
                        36.15971757700
                    ],
                    [
                        -95.98493086200,
                        36.15976530400
                    ]
                ]
            }
        },
        {
            "type": "Feature",
            "properties": {
                "address": ["502"],
                "OBJECTID": "6271",
                "PRIMARY": "502"
            },
            "geometry": {
                "type": "Polygon",
                "coordinates": [
                    [
                        -95.98666648800,
                        36.16347451400
                    ],
                    [
                        -95.98678869300,
                        36.16347451400
                    ],
                    [
                        -95.98678869300,
                        36.16341841300
                    ],
                    [
                        -95.98666648800,
                        36.16341841300
                    ],
                    [
                        -95.98666648800,
                        36.16347451400
                    ]
                ]
            }
        },
        {
            "type": "Feature",
            "properties": {
                "OBJECTID": "6558"
            },
            "geometry": {
                "type": "Polygon",
                "coordinates": [
                    [
                        -95.99212978000,
                        36.16207777500
                    ],
                    [
                        -95.99211779900,
                        36.16206423300
                    ],
                    [
                        -95.99210821400,
                        36.16207003700
                    ],
                    [
                        -95.99212019500,
                        36.16208357900
                    ],
                    [
                        -95.99212978000,
                        36.16207777500
                    ]
                ]
            }
        },
        {
            "type": "Feature",
            "properties": {
                "PRIMARY": "UNKNOWN",
                "buildings": [1092,1093],
                "OBJECTID": "6398",
                "address": ["FRANKFORT AVE"],
                "STREET": "FRANKFORT AVE"
            },
            "geometry": {
                "type": "Polygon",
                "coordinates": [
                    [
                        -95.98729668300,
                        36.16276647500
                    ],
                    [
                        -95.98735898400,
                        36.16275293300
                    ],
                    [
                        -95.98734939900,
                        36.16271811100
                    ],
                    [
                        -95.98728709900,
                        36.16272971900
                    ],
                    [
                        -95.98729668300,
                        36.16276647500
                    ]
                ]
            }
        },
        {
            "type": "Feature",
            "properties": {
                "OBJECTID": "6778"
            },
            "geometry": {
                "type": "Polygon",
                "coordinates": [
                    [
                        -95.98845164200,
                        36.16134457400
                    ],
                    [
                        -95.98844924600,
                        36.16134457400
                    ],
                    [
                        -95.98844924600,
                        36.16134844300
                    ],
                    [
                        -95.98845164200,
                        36.16134844300
                    ],
                    [
                        -95.98845164200,
                        36.16134457400
                    ]
                ]
            }
        },
        {
            "type": "Feature",
            "properties": {
                "OBJECTID": "7077"
            },
            "geometry": {
                "type": "Polygon",
                "coordinates": [
                    [
                        -95.98975995700,
                        36.16004452700
                    ],
                    [
                        -95.98975516500,
                        36.16003678900
                    ],
                    [
                        -95.98975276900,
                        36.16003678900
                    ],
                    [
                        -95.98975756100,
                        36.16004452700
                    ],
                    [
                        -95.98975995700,
                        36.16004452700
                    ]
                ]
            }
        },
        {
            "type": "Feature",
            "properties": {
                "OBJECTID": "5723"
            },
            "geometry": {
                "type": "Polygon",
                "coordinates": [
                    [
                        -95.98982784100,
                        36.15768943400
                    ],
                    [
                        -95.98968807200,
                        36.15773843900
                    ],
                    [
                        -95.98974876700,
                        36.15784354900
                    ],
                    [
                        -95.98988535000,
                        36.15779647900
                    ],
                    [
                        -95.98982784100,
                        36.15768943400
                    ]
                ]
            }
        },
        {
            "type": "Feature",
            "properties": {
                "buildings": [719],
                "address": ["310 HARTFORD AVE"],
                "STREET": "HARTFORD AVE",
                "PRIMARY": "310",
                "OBJECTID": "6721"
            },
            "geometry": {
                "type": "Polygon",
                "coordinates": [
                    [
                        -95.98558820600,
                        36.16151094700
                    ],
                    [
                        -95.98558581000,
                        36.16149160100
                    ],
                    [
                        -95.98548996300,
                        36.16149547000
                    ],
                    [
                        -95.98549235900,
                        36.16151481600
                    ],
                    [
                        -95.98558820600,
                        36.16151094700
                    ]
                ]
            }
        },
        {
            "type": "Feature",
            "properties": {
                "OBJECTID": "6213"
            },
            "geometry": {
                "type": "Polygon",
                "coordinates": [
                    [
                        -95.99119766600,
                        36.16386722200
                    ],
                    [
                        -95.99132705900,
                        36.16382079300
                    ],
                    [
                        -95.99130070100,
                        36.16377049600
                    ],
                    [
                        -95.99116891200,
                        36.16381499000
                    ],
                    [
                        -95.99119766600,
                        36.16386722200
                    ]
                ]
            }
        },
        {
            "type": "Feature",
            "properties": {
                "buildings": [754,1049,1050],
                "STREET": "HARTFORD AVE",
                "PRIMARY": "114",
                "address": ["114 HARTFORD AVE"],
                "OBJECTID": "6972"
            },
            "geometry": {
                "type": "Polygon",
                "coordinates": [
                    [
                        -95.98529467400,
                        36.16065779600
                    ],
                    [
                        -95.98533780600,
                        36.16064328600
                    ],
                    [
                        -95.98531024900,
                        36.16059395400
                    ],
                    [
                        -95.98526711800,
                        36.16060846400
                    ],
                    [
                        -95.98529467400,
                        36.16065779600
                    ]
                ]
            }
        },
        {
            "type": "Feature",
            "properties": {
                "OBJECTID": "7363"
            },
            "geometry": {
                "type": "Polygon",
                "coordinates": [
                    [
                        -95.98779348400,
                        36.15855035600
                    ],
                    [
                        -95.98777110400,
                        36.15850458200
                    ],
                    [
                        -95.98772797200,
                        36.15851876300
                    ],
                    [
                        -95.98775114300,
                        36.15856389800
                    ],
                    [
                        -95.98779348400,
                        36.15855035600
                    ]
                ]
            }
        },
        {
            "type": "Feature",
            "properties": {
                "buildings": [68],
                "STREET": "DETROIT AVE",
                "address": ["101 DETROIT AVE"],
                "PRIMARY": "101",
                "OBJECTID": "5614"
            },
            "geometry": {
                "type": "Polygon",
                "coordinates": [
                    [
                        -95.98954830200,
                        36.15886183300
                    ],
                    [
                        -95.98954430100,
                        36.15884892900
                    ],
                    [
                        -95.98955946900,
                        36.15884248700
                    ],
                    [
                        -95.98955228000,
                        36.15883087900
                    ],
                    [
                        -95.98953711200,
                        36.15883796000
                    ],
                    [
                        -95.98952992400,
                        36.15882828700
                    ],
                    [
                        -95.98948439600,
                        36.15884312500
                    ],
                    [
                        -95.98946762300,
                        36.15881023700
                    ],
                    [
                        -95.98939413200,
                        36.15883861800
                    ],
                    [
                        -95.98942209600,
                        36.15888955700
                    ],
                    [
                        -95.98945724700,
                        36.15887988400
                    ],
                    [
                        -95.98946204000,
                        36.15889085300
                    ],
                    [
                        -95.98954830200,
                        36.15886183300
                    ]
                ]
            }
        },
        {
            "type": "Feature",
            "properties": {
                "STREET": "HARTFORD AVE",
                "OBJECTID": "6661",
                "PRIMARY": "316",
                "address": ["316 HARTFORD AVE"],
                "buildings": [716]
            },
            "geometry": {
                "type": "Polygon",
                "coordinates": [
                    [
                        -95.98558341400,
                        36.16171601200
                    ],
                    [
                        -95.98554986800,
                        36.16171407700
                    ],
                    [
                        -95.98554747100,
                        36.16171794600
                    ],
                    [
                        -95.98558101800,
                        36.16172181500
                    ],
                    [
                        -95.98558341400,
                        36.16171601200
                    ]
                ]
            }
        },
        {
            "type": "Feature",
            "properties": {
                "OBJECTID": "7716"
            },
            "geometry": {
                "type": "Polygon",
                "coordinates": [
                    [
                        -95.98865052500,
                        36.15638803000
                    ],
                    [
                        -95.98907225300,
                        36.15624486200
                    ],
                    [
                        -95.98887576600,
                        36.15587146400
                    ],
                    [
                        -95.98845403900,
                        36.15601656700
                    ],
                    [
                        -95.98865052500,
                        36.15638803000
                    ]
                ]
            }
        },
        {
            "type": "Feature",
            "properties": {
                "STREET": "GREENWOOD AVE",
                "address": ["126 GREENWOOD AVE"],
                "PRIMARY": "126",
                "OBJECTID": "5589"
            },
            "geometry": {
                "type": "Polygon",
                "coordinates": [
                    [
                        -95.98657064100,
                        36.16053978500
                    ],
                    [
                        -95.98660778100,
                        36.16060459400
                    ],
                    [
                        -95.98679588200,
                        36.16054172000
                    ],
                    [
                        -95.98676473100,
                        36.16047594400
                    ],
                    [
                        -95.98657064100,
                        36.16053978500
                    ]
                ]
            }
        },
        {
            "type": "Feature",
            "properties": {
                "address": ["ELGIN AVE"],
                "STREET": "ELGIN AVE",
                "PRIMARY": "UNKNOWN",
                "OBJECTID": "6184"
            },
            "geometry": {
                "type": "Polygon",
                "coordinates": [
                    [
                        -95.99043807600,
                        36.16408582100
                    ],
                    [
                        -95.99050277300,
                        36.16406454200
                    ],
                    [
                        -95.99046922700,
                        36.16399876900
                    ],
                    [
                        -95.99040453000,
                        36.16402004800
                    ],
                    [
                        -95.99043807600,
                        36.16408582100
                    ]
                ]
            }
        },
        {
            "type": "Feature",
            "properties": {
                "address": ["222.5 FRANKFORT AVE"],
                "PRIMARY": "222.5",
                "STREET": "FRANKFORT AVE",
                "OBJECTID": "6897"
            },
            "geometry": {
                "type": "Polygon",
                "coordinates": [
                    [
                        -95.98857624400,
                        36.16092863800
                    ],
                    [
                        -95.98866250600,
                        36.16090155400
                    ],
                    [
                        -95.98863375200,
                        36.16084158200
                    ],
                    [
                        -95.98854749000,
                        36.16086866600
                    ],
                    [
                        -95.98857624400,
                        36.16092863800
                    ]
                ]
            }
        },
        {
            "type": "Feature",
            "properties": {
                "PRIMARY": "UNKNOWN",
                "address": ["GREENWOOD AVE"],
                "POI": "SHED",
                "STREET": "GREENWOOD AVE",
                "OBJECTID": "7215",
                "buildings": [1057,1058]
            },
            "geometry": {
                "type": "Polygon",
                "coordinates": [
                    [
                        -95.98564811100,
                        36.15936160700
                    ],
                    [
                        -95.98549396400,
                        36.15930678000
                    ],
                    [
                        -95.98548277400,
                        36.15932806100
                    ],
                    [
                        -95.98563692100,
                        36.15938352600
                    ],
                    [
                        -95.98564811100,
                        36.15936160700
                    ]
                ]
            }
        },
        {
            "type": "Feature",
            "properties": {
                "OBJECTID": "6166"
            },
            "geometry": {
                "type": "Polygon",
                "coordinates": [
                    [
                        -95.99191172800,
                        36.16417094000
                    ],
                    [
                        -95.99189016200,
                        36.16413225000
                    ],
                    [
                        -95.99187818100,
                        36.16413611900
                    ],
                    [
                        -95.99189974700,
                        36.16417480900
                    ],
                    [
                        -95.99191172800,
                        36.16417094000
                    ]
                ]
            }
        },
        {
            "type": "Feature",
            "properties": {
                "PRIMARY": "408",
                "address": ["408 FRANKFORT AVE"],
                "OBJECTID": "6380",
                "buildings": [578],
                "STREET": "FRANKFORT AVE"
            },
            "geometry": {
                "type": "Polygon",
                "coordinates": [
                    [
                        -95.98792448300,
                        36.16285739800
                    ],
                    [
                        -95.98802751800,
                        36.16285739800
                    ],
                    [
                        -95.98802751800,
                        36.16281677300
                    ],
                    [
                        -95.98792448300,
                        36.16281677300
                    ],
                    [
                        -95.98792448300,
                        36.16285739800
                    ]
                ]
            }
        },
        {
            "type": "Feature",
            "properties": {
                "OBJECTID": "5548"
            },
            "geometry": {
                "type": "Polygon",
                "coordinates": [
                    [
                        -95.99057705500,
                        36.15963825800
                    ],
                    [
                        -95.99064295000,
                        36.15976400800
                    ],
                    [
                        -95.99087058700,
                        36.15968855800
                    ],
                    [
                        -95.99080349400,
                        36.15955893900
                    ],
                    [
                        -95.99057705500,
                        36.15963825800
                    ]
                ]
            }
        },
        {
            "type": "Feature",
            "properties": {
                "address": ["ELGIN AVE"],
                "STREET": "ELGIN AVE",
                "PRIMARY": "UNKNOWN",
                "OBJECTID": "6292"
            },
            "geometry": {
                "type": "Polygon",
                "coordinates": [
                    [
                        -95.99012178000,
                        36.16326945400
                    ],
                    [
                        -95.99015293100,
                        36.16328106100
                    ],
                    [
                        -95.99023440100,
                        36.16325204300
                    ],
                    [
                        -95.99020804300,
                        36.16319981100
                    ],
                    [
                        -95.99010261100,
                        36.16323656700
                    ],
                    [
                        -95.99012178000,
                        36.16326945400
                    ]
                ]
            }
        },
        {
            "type": "Feature",
            "properties": {
                "PRIMARY": "318",
                "address": ["318"],
                "OBJECTID": "6566"
            },
            "geometry": {
                "type": "Polygon",
                "coordinates": [
                    [
                        -95.98560018700,
                        36.16205842900
                    ],
                    [
                        -95.98560018700,
                        36.16202554200
                    ],
                    [
                        -95.98550194400,
                        36.16202554200
                    ],
                    [
                        -95.98550194400,
                        36.16205842900
                    ],
                    [
                        -95.98560018700,
                        36.16205842900
                    ]
                ]
            }
        },
        {
            "type": "Feature",
            "properties": {
                "OBJECTID": "5787"
            },
            "geometry": {
                "type": "Polygon",
                "coordinates": [
                    [
                        -95.98663694300,
                        36.15705807200
                    ],
                    [
                        -95.98706744100,
                        36.15690846300
                    ],
                    [
                        -95.98707702600,
                        36.15692264400
                    ],
                    [
                        -95.98716649900,
                        36.15689362400
                    ],
                    [
                        -95.98714014100,
                        36.15684332200
                    ],
                    [
                        -95.98715291200,
                        36.15683817500
                    ],
                    [
                        -95.98710019600,
                        36.15673691400
                    ],
                    [
                        -95.98708821600,
                        36.15674078300
                    ],
                    [
                        -95.98705785600,
                        36.15668597300
                    ],
                    [
                        -95.98696680100,
                        36.15671629000
                    ],
                    [
                        -95.98702272800,
                        36.15682333600
                    ],
                    [
                        -95.98700595500,
                        36.15682914000
                    ],
                    [
                        -95.98700914200,
                        36.15683624100
                    ],
                    [
                        -95.98659699900,
                        36.15698134200
                    ],
                    [
                        -95.98663694300,
                        36.15705807200
                    ]
                ]
            }
        },
        {
            "type": "Feature",
            "properties": {
                "address": ["406 HARTFORD AVE"],
                "buildings": [707],
                "PRIMARY": "406",
                "STREET": "HARTFORD AVE",
                "OBJECTID": "6340"
            },
            "geometry": {
                "type": "Polygon",
                "coordinates": [
                    [
                        -95.98553309400,
                        36.16309728100
                    ],
                    [
                        -95.98566488400,
                        36.16309728100
                    ],
                    [
                        -95.98566488400,
                        36.16303344100
                    ],
                    [
                        -95.98553309400,
                        36.16303344100
                    ],
                    [
                        -95.98553309400,
                        36.16309728100
                    ]
                ]
            }
        },
        {
            "type": "Feature",
            "properties": {
                "PRIMARY": "504",
                "OBJECTID": "6253",
                "address": ["504 FRANKFORT AVE"],
                "STREET": "FRANKFORT AVE"
            },
            "geometry": {
                "type": "Polygon",
                "coordinates": [
                    [
                        -95.98791969000,
                        36.16353835300
                    ],
                    [
                        -95.98799876400,
                        36.16353835300
                    ],
                    [
                        -95.98799876400,
                        36.16351320500
                    ],
                    [
                        -95.98791969000,
                        36.16351320500
                    ],
                    [
                        -95.98791969000,
                        36.16353835300
                    ]
                ]
            }
        },
        {
            "type": "Feature",
            "properties": {
                "OBJECTID": "6506"
            },
            "geometry": {
                "type": "Polygon",
                "coordinates": [
                    [
                        -95.99204351700,
                        36.16225382000
                    ],
                    [
                        -95.99203632900,
                        36.16223834300
                    ],
                    [
                        -95.99200997100,
                        36.16224414700
                    ],
                    [
                        -95.99201716000,
                        36.16226155800
                    ],
                    [
                        -95.99204351700,
                        36.16225382000
                    ]
                ]
            }
        },
        {
            "type": "Feature",
            "properties": {
                "address": ["415 FOURTH ST"],
                "STREET": "FOURTH ST",
                "PRIMARY": "415",
                "buildings": [959,960],
                "OBJECTID": "6489"
            },
            "geometry": {
                "type": "Polygon",
                "coordinates": [
                    [
                        -95.98936219100,
                        36.16231959400
                    ],
                    [
                        -95.98943407700,
                        36.16229444500
                    ],
                    [
                        -95.98938615300,
                        36.16220739000
                    ],
                    [
                        -95.98931426800,
                        36.16223253900
                    ],
                    [
                        -95.98936219100,
                        36.16231959400
                    ]
                ]
            }
        },
        {
            "type": "Feature",
            "properties": {
                "PRIMARY": "121",
                "STREET": "HARTFORD AVE",
                "address": ["121 HARTFORD AVE"],
                "buildings": [803],
                "OBJECTID": "6861"
            },
            "geometry": {
                "type": "Polygon",
                "coordinates": [
                    [
                        -95.98517606300,
                        36.16109307800
                    ],
                    [
                        -95.98524634300,
                        36.16107115900
                    ],
                    [
                        -95.98519842000,
                        36.16098087200
                    ],
                    [
                        -95.98512972200,
                        36.16100538300
                    ],
                    [
                        -95.98517606300,
                        36.16109307800
                    ]
                ]
            }
        },
        {
            "type": "Feature",
            "properties": {
                "OBJECTID": "7180",
                "STREET": "HARTFORD AVE",
                "PRIMARY": "516.5",
                "address": ["516.5 HARTFORD AVE"]
            },
            "geometry": {
                "type": "Polygon",
                "coordinates": [
                    [
                        -95.98637415400,
                        36.15956087300
                    ],
                    [
                        -95.98644683000,
                        36.15953701900
                    ],
                    [
                        -95.98638853100,
                        36.15943318800
                    ],
                    [
                        -95.98631664500,
                        36.15945704200
                    ],
                    [
                        -95.98637415400,
                        36.15956087300
                    ]
                ]
            }
        },
        {
            "type": "Feature",
            "properties": {
                "buildings": [1133,1134],
                "PRIMARY": "UNKNOWN",
                "OBJECTID": "5705",
                "STREET": "ARCHER ST",
                "address": ["ARCHER ST"]
            },
            "geometry": {
                "type": "Polygon",
                "coordinates": [
                    [
                        -95.98883103000,
                        36.15862451100
                    ],
                    [
                        -95.98886857800,
                        36.15869738900
                    ],
                    [
                        -95.98890133400,
                        36.15868512300
                    ],
                    [
                        -95.98885101400,
                        36.15858775300
                    ],
                    [
                        -95.98881746700,
                        36.15859872200
                    ],
                    [
                        -95.98883103000,
                        36.15862451100
                    ]
                ]
            }
        },
        {
            "type": "Feature",
            "properties": {
                "OBJECTID": "6686"
            },
            "geometry": {
                "type": "Polygon",
                "coordinates": [
                    [
                        -95.99202434800,
                        36.16163476000
                    ],
                    [
                        -95.99201315800,
                        36.16161798700
                    ],
                    [
                        -95.99198440400,
                        36.16162829800
                    ],
                    [
                        -95.99199398900,
                        36.16164507100
                    ],
                    [
                        -95.99202434800,
                        36.16163476000
                    ]
                ]
            }
        },
        {
            "type": "Feature",
            "properties": {
                "STREET": "GREENWOOD AVE",
                "address": ["402 GREENWOOD AVE"],
                "buildings": [614],
                "PRIMARY": "402",
                "OBJECTID": "6435"
            },
            "geometry": {
                "type": "Polygon",
                "coordinates": [
                    [
                        -95.98670243000,
                        36.16253819900
                    ],
                    [
                        -95.98675035400,
                        36.16255754400
                    ],
                    [
                        -95.98684380500,
                        36.16255754400
                    ],
                    [
                        -95.98684380500,
                        36.16250531100
                    ],
                    [
                        -95.98670243000,
                        36.16250531100
                    ],
                    [
                        -95.98670243000,
                        36.16253819900
                    ]
                ]
            }
        },
        {
            "type": "Feature",
            "properties": {
                "buildings": [882],
                "STREET": "HARTFORD AVE",
                "OBJECTID": "6782",
                "address": ["304 HARTFORD AVE"],
                "PRIMARY": "304"
            },
            "geometry": {
                "type": "Polygon",
                "coordinates": [
                    [
                        -95.98549235900,
                        36.16133683500
                    ],
                    [
                        -95.98561456400,
                        36.16133683500
                    ],
                    [
                        -95.98561456400,
                        36.16131555500
                    ],
                    [
                        -95.98549235900,
                        36.16131555500
                    ],
                    [
                        -95.98549235900,
                        36.16133683500
                    ]
                ]
            }
        },
        {
            "type": "Feature",
            "properties": {
                "OBJECTID": "7122"
            },
            "geometry": {
                "type": "Polygon",
                "coordinates": [
                    [
                        -95.98619923300,
                        36.15981237400
                    ],
                    [
                        -95.98619923300,
                        36.15979689700
                    ],
                    [
                        -95.98617766700,
                        36.15979689700
                    ],
                    [
                        -95.98617766700,
                        36.15981237400
                    ],
                    [
                        -95.98619923300,
                        36.15981237400
                    ]
                ]
            }
        },
        {
            "type": "Feature",
            "properties": {
                "OBJECTID": "5771"
            },
            "geometry": {
                "type": "Polygon",
                "coordinates": [
                    [
                        -95.98387254100,
                        36.15860580300
                    ],
                    [
                        -95.98375433700,
                        36.15838204100
                    ],
                    [
                        -95.98360735600,
                        36.15843168500
                    ],
                    [
                        -95.98372716500,
                        36.15865546500
                    ],
                    [
                        -95.98387254100,
                        36.15860580300
                    ]
                ]
            }
        },
        {
            "type": "Feature",
            "properties": {
                "address": ["312 GREENWOOD AVE"],
                "STREET": "GREENWOOD AVE",
                "PRIMARY": "312",
                "OBJECTID": "6630"
            },
            "geometry": {
                "type": "Polygon",
                "coordinates": [
                    [
                        -95.98686537100,
                        36.16185336600
                    ],
                    [
                        -95.98687016300,
                        36.16179726300
                    ],
                    [
                        -95.98675275000,
                        36.16179146000
                    ],
                    [
                        -95.98674795800,
                        36.16184756200
                    ],
                    [
                        -95.98686537100,
                        36.16185336600
                    ]
                ]
            }
        },
        {
            "type": "Feature",
            "properties": {
                "OBJECTID": "7547"
            },
            "geometry": {
                "type": "Polygon",
                "coordinates": [
                    [
                        -95.98788854000,
                        36.15766492200
                    ],
                    [
                        -95.99002593300,
                        36.15693361400
                    ],
                    [
                        -95.98996123600,
                        36.15680979400
                    ],
                    [
                        -95.98782384300,
                        36.15754110300
                    ],
                    [
                        -95.98788854000,
                        36.15766492200
                    ]
                ]
            }
        },
        {
            "type": "Feature",
            "properties": {
                "buildings": [771],
                "PRIMARY": "121",
                "OBJECTID": "5571",
                "address": ["121 GREENWOOD AVE"],
                "STREET": "GREENWOOD AVE"
            },
            "geometry": {
                "type": "Polygon",
                "coordinates": [
                    [
                        -95.98603749000,
                        36.16057751000
                    ],
                    [
                        -95.98606025400,
                        36.16062200600
                    ],
                    [
                        -95.98604467900,
                        36.16062877700
                    ],
                    [
                        -95.98605066900,
                        36.16064328600
                    ],
                    [
                        -95.98630346600,
                        36.16056300100
                    ],
                    [
                        -95.98626632600,
                        36.16049819200
                    ],
                    [
                        -95.98603749000,
                        36.16057751000
                    ]
                ]
            }
        },
        {
            "type": "Feature",
            "properties": {
                "buildings": [562],
                "PRIMARY": "505",
                "OBJECTID": "6235",
                "address": ["505 FRANKFORT AVE"],
                "STREET": "FRANKFORT AVE"
            },
            "geometry": {
                "type": "Polygon",
                "coordinates": [
                    [
                        -95.98754588600,
                        36.16367763900
                    ],
                    [
                        -95.98764413000,
                        36.16367763900
                    ],
                    [
                        -95.98764413000,
                        36.16364862100
                    ],
                    [
                        -95.98754588600,
                        36.16364862100
                    ],
                    [
                        -95.98754588600,
                        36.16367763900
                    ]
                ]
            }
        },
        {
            "type": "Feature",
            "properties": {
                "OBJECTID": "6995"
            },
            "geometry": {
                "type": "Polygon",
                "coordinates": [
                    [
                        -95.98346519000,
                        36.16049142000
                    ],
                    [
                        -95.98349634100,
                        36.16050109300
                    ],
                    [
                        -95.98355864100,
                        36.16047981300
                    ],
                    [
                        -95.98352988700,
                        36.16041984000
                    ],
                    [
                        -95.98344362500,
                        36.16044885900
                    ],
                    [
                        -95.98346519000,
                        36.16049142000
                    ]
                ]
            }
        },
        {
            "type": "Feature",
            "properties": {
                "STREET": "ELGIN AVE",
                "buildings": [24],
                "address": ["3 ELGIN AVE"],
                "PRIMARY": "3",
                "OBJECTID": "7377"
            },
            "geometry": {
                "type": "Polygon",
                "coordinates": [
                    [
                        -95.98783342800,
                        36.15846006600
                    ],
                    [
                        -95.98798438700,
                        36.15840589600
                    ],
                    [
                        -95.98784780500,
                        36.15816019500
                    ],
                    [
                        -95.98769524000,
                        36.15821243100
                    ],
                    [
                        -95.98783342800,
                        36.15846006600
                    ]
                ]
            }
        },
        {
            "type": "Feature",
            "properties": {
                "OBJECTID": "5621",
                "PRIMARY": "318",
                "buildings": [48],
                "STREET": "BRADY ST",
                "address": ["318 BRADY ST"]
            },
            "geometry": {
                "type": "Polygon",
                "coordinates": [
                    [
                        -95.98922879600,
                        36.15966017700
                    ],
                    [
                        -95.98923598500,
                        36.15965437400
                    ],
                    [
                        -95.98920085600,
                        36.15958859600
                    ],
                    [
                        -95.98911617500,
                        36.15961891200
                    ],
                    [
                        -95.98915132700,
                        36.15968532700
                    ],
                    [
                        -95.98916091200,
                        36.15968082000
                    ],
                    [
                        -95.98916810100,
                        36.15969693500
                    ],
                    [
                        -95.98923679900,
                        36.15967372000
                    ],
                    [
                        -95.98922879600,
                        36.15966017700
                    ]
                ]
            }
        },
        {
            "type": "Feature",
            "properties": {
                "buildings": [576],
                "PRIMARY": "410",
                "address": ["410 FRANKFORT AVE"],
                "STREET": "FRANKFORT AVE",
                "OBJECTID": "6369"
            },
            "geometry": {
                "type": "Polygon",
                "coordinates": [
                    [
                        -95.98791969000,
                        36.16295219100
                    ],
                    [
                        -95.98801314100,
                        36.16295219100
                    ],
                    [
                        -95.98801314100,
                        36.16289995800
                    ],
                    [
                        -95.98791969000,
                        36.16289995800
                    ],
                    [
                        -95.98791969000,
                        36.16295219100
                    ]
                ]
            }
        },
        {
            "type": "Feature",
            "properties": {
                "OBJECTID": "5520"
            },
            "geometry": {
                "type": "Polygon",
                "coordinates": [
                    [
                        -95.99214336600,
                        36.16117369200
                    ],
                    [
                        -95.99213775900,
                        36.16115949300
                    ],
                    [
                        -95.99215295100,
                        36.16115175400
                    ],
                    [
                        -95.99213936500,
                        36.16112403100
                    ],
                    [
                        -95.99212338200,
                        36.16113047400
                    ],
                    [
                        -95.99211300700,
                        36.16110985100
                    ],
                    [
                        -95.99204591400,
                        36.16112983500
                    ],
                    [
                        -95.99208504300,
                        36.16119625000
                    ],
                    [
                        -95.99214336600,
                        36.16117369200
                    ]
                ]
            }
        },
        {
            "type": "Feature",
            "properties": {
                "OBJECTID": "6200"
            },
            "geometry": {
                "type": "Polygon",
                "coordinates": [
                    [
                        -95.99210581800,
                        36.16395620900
                    ],
                    [
                        -95.99223521200,
                        36.16391945300
                    ],
                    [
                        -95.99221604300,
                        36.16387689400
                    ],
                    [
                        -95.99208664900,
                        36.16391365000
                    ],
                    [
                        -95.99210581800,
                        36.16395620900
                    ]
                ]
            }
        },
        {
            "type": "Feature",
            "properties": {
                "address": ["ELGIN AVE"],
                "STREET": "ELGIN AVE",
                "PRIMARY": "UNKNOWN",
                "OBJECTID": "6900"
            },
            "geometry": {
                "type": "Polygon",
                "coordinates": [
                    [
                        -95.98895963300,
                        36.16091509600
                    ],
                    [
                        -95.98910340400,
                        36.16086866600
                    ],
                    [
                        -95.98908423400,
                        36.16082804000
                    ],
                    [
                        -95.98894046300,
                        36.16087447000
                    ],
                    [
                        -95.98895963300,
                        36.16091509600
                    ]
                ]
            }
        },
        {
            "type": "Feature",
            "properties": {
                "PRIMARY": "UNKNOWN",
                "address": ["GREENWOOD AVE"],
                "STREET": "GREENWOOD AVE",
                "OBJECTID": "7244",
                "buildings": [1057,1058]
            },
            "geometry": {
                "type": "Polygon",
                "coordinates": [
                    [
                        -95.98588214600,
                        36.15923585600
                    ],
                    [
                        -95.98604908700,
                        36.15917717900
                    ],
                    [
                        -95.98588933400,
                        36.15887150600
                    ],
                    [
                        -95.98571999600,
                        36.15893148000
                    ],
                    [
                        -95.98588214600,
                        36.15923585600
                    ]
                ]
            }
        },
        {
            "type": "Feature",
            "properties": {
                "OBJECTID": "6169"
            },
            "geometry": {
                "type": "Polygon",
                "coordinates": [
                    [
                        -95.99203393300,
                        36.16417480900
                    ],
                    [
                        -95.99212498800,
                        36.16414385700
                    ],
                    [
                        -95.99209383700,
                        36.16408775600
                    ],
                    [
                        -95.99200517900,
                        36.16412064300
                    ],
                    [
                        -95.99203393300,
                        36.16417480900
                    ]
                ]
            }
        },
        {
            "type": "Feature",
            "properties": {
                "OBJECTID": "6327"
            },
            "geometry": {
                "type": "Polygon",
                "coordinates": [
                    [
                        -95.98919685500,
                        36.16313210300
                    ],
                    [
                        -95.98919685500,
                        36.16311469200
                    ],
                    [
                        -95.98918008100,
                        36.16311469200
                    ],
                    [
                        -95.98918008100,
                        36.16313210300
                    ],
                    [
                        -95.98919685500,
                        36.16313210300
                    ]
                ]
            }
        },
        {
            "type": "Feature",
            "properties": {
                "OBJECTID": "6295"
            },
            "geometry": {
                "type": "Polygon",
                "coordinates": [
                    [
                        -95.99170326000,
                        36.16324430500
                    ],
                    [
                        -95.99183025700,
                        36.16319981100
                    ],
                    [
                        -95.99179431500,
                        36.16313403700
                    ],
                    [
                        -95.99166971300,
                        36.16317853100
                    ],
                    [
                        -95.99170326000,
                        36.16324430500
                    ]
                ]
            }
        },
        {
            "type": "Feature",
            "properties": {
                "OBJECTID": "6598"
            },
            "geometry": {
                "type": "Polygon",
                "coordinates": [
                    [
                        -95.99303074400,
                        36.16187464600
                    ],
                    [
                        -95.99305710200,
                        36.16192881400
                    ],
                    [
                        -95.99308106400,
                        36.16192301000
                    ],
                    [
                        -95.99309783700,
                        36.16195783200
                    ],
                    [
                        -95.99326557000,
                        36.16190366400
                    ],
                    [
                        -95.99322723100,
                        36.16183015100
                    ],
                    [
                        -95.99317691100,
                        36.16182628200
                    ],
                    [
                        -95.99303074400,
                        36.16187464600
                    ]
                ]
            }
        },
        {
            "type": "Feature",
            "properties": {
                "OBJECTID": "6133"
            },
            "geometry": {
                "type": "Polygon",
                "coordinates": [
                    [
                        -95.99104670600,
                        36.16472227300
                    ],
                    [
                        -95.99111379900,
                        36.16469712400
                    ],
                    [
                        -95.99109942200,
                        36.16467391000
                    ],
                    [
                        -95.99103232900,
                        36.16469905900
                    ],
                    [
                        -95.99104670600,
                        36.16472227300
                    ]
                ]
            }
        },
        {
            "type": "Feature",
            "properties": {
                "OBJECTID": "6457"
            },
            "geometry": {
                "type": "Polygon",
                "coordinates": [
                    [
                        -95.99072322200,
                        36.16243953700
                    ],
                    [
                        -95.99071843000,
                        36.16242599500
                    ],
                    [
                        -95.99070644900,
                        36.16242986400
                    ],
                    [
                        -95.99071363700,
                        36.16244340600
                    ],
                    [
                        -95.99072322200,
                        36.16243953700
                    ]
                ]
            }
        },
        {
            "type": "Feature",
            "properties": {
                "OBJECTID": "6805"
            },
            "geometry": {
                "type": "Polygon",
                "coordinates": [
                    [
                        -95.99309184700,
                        36.16129911100
                    ],
                    [
                        -95.99312778900,
                        36.16128556900
                    ],
                    [
                        -95.99311221400,
                        36.16125364800
                    ],
                    [
                        -95.99307507300,
                        36.16126525600
                    ],
                    [
                        -95.99309184700,
                        36.16129911100
                    ]
                ]
            }
        },
        {
            "type": "Feature",
            "properties": {
                "OBJECTID": "7129"
            },
            "geometry": {
                "type": "Polygon",
                "coordinates": [
                    [
                        -95.98688933300,
                        36.15979302700
                    ],
                    [
                        -95.98688454000,
                        36.15979109300
                    ],
                    [
                        -95.98688214400,
                        36.15980076600
                    ],
                    [
                        -95.98688693600,
                        36.15980270000
                    ],
                    [
                        -95.98688933300,
                        36.15979302700
                    ]
                ]
            }
        },
        {
            "type": "Feature",
            "properties": {
                "PRIMARY": "UNKNOWN",
                "address": ["EASTON ST"],
                "OBJECTID": "6260",
                "STREET": "EASTON ST"
            },
            "geometry": {
                "type": "Polygon",
                "coordinates": [
                    [
                        -95.98727272200,
                        36.16351707400
                    ],
                    [
                        -95.98735179500,
                        36.16351707400
                    ],
                    [
                        -95.98735179500,
                        36.16342615100
                    ],
                    [
                        -95.98727272200,
                        36.16342615100
                    ],
                    [
                        -95.98727272200,
                        36.16351707400
                    ]
                ]
            }
        },
        {
            "type": "Feature",
            "properties": {
                "STREET": "HARTFORD AVE",
                "PRIMARY": "315",
                "OBJECTID": "6543",
                "buildings": [815],
                "address": ["315 HARTFORD AVE"]
            },
            "geometry": {
                "type": "Polygon",
                "coordinates": [
                    [
                        -95.98516168600,
                        36.16214161500
                    ],
                    [
                        -95.98516887500,
                        36.16208164400
                    ],
                    [
                        -95.98509459300,
                        36.16207777500
                    ],
                    [
                        -95.98508980100,
                        36.16213774600
                    ],
                    [
                        -95.98516168600,
                        36.16214161500
                    ]
                ]
            }
        },
        {
            "type": "Feature",
            "properties": {
                "OBJECTID": "609"
            },
            "geometry": {
                "type": "Polygon",
                "coordinates": [
                    [
                        -95.98247056400,
                        36.15947613200
                    ],
                    [
                        -95.98246328100,
                        36.15945849200
                    ],
                    [
                        -95.98240502100,
                        36.15947613200
                    ],
                    [
                        -95.98241230300,
                        36.15949377100
                    ],
                    [
                        -95.98247056400,
                        36.15947613200
                    ]
                ]
            }
        },
        {
            "type": "Feature",
            "properties": {
                "PRIMARY": "UNKNOWN",
                "OBJECTID": "6406",
                "buildings": [1092,1093],
                "address": ["FRANKFORT AVE"],
                "STREET": "FRANKFORT AVE"
            },
            "geometry": {
                "type": "Polygon",
                "coordinates": [
                    [
                        -95.98751713200,
                        36.16270263500
                    ],
                    [
                        -95.98757703600,
                        36.16270263500
                    ],
                    [
                        -95.98757703600,
                        36.16267748600
                    ],
                    [
                        -95.98751713200,
                        36.16267748600
                    ],
                    [
                        -95.98751713200,
                        36.16270263500
                    ]
                ]
            }
        },
        {
            "type": "Feature",
            "properties": {
                "OBJECTID": "6751"
            },
            "geometry": {
                "type": "Polygon",
                "coordinates": [
                    [
                        -95.99177833200,
                        36.16142839900
                    ],
                    [
                        -95.99176395500,
                        36.16140131500
                    ],
                    [
                        -95.99174639100,
                        36.16140841500
                    ],
                    [
                        -95.99175916300,
                        36.16143420300
                    ],
                    [
                        -95.99177833200,
                        36.16142839900
                    ]
                ]
            }
        },
        {
            "type": "Feature",
            "properties": {
                "OBJECTID": "7032"
            },
            "geometry": {
                "type": "Polygon",
                "coordinates": [
                    [
                        -95.98575114700,
                        36.16029892800
                    ],
                    [
                        -95.98574156200,
                        36.16027958200
                    ],
                    [
                        -95.98567686500,
                        36.16030086200
                    ],
                    [
                        -95.98568405400,
                        36.16031827400
                    ],
                    [
                        -95.98575114700,
                        36.16029892800
                    ]
                ]
            }
        },
        {
            "type": "Feature",
            "properties": {
                "STREET": "ELGIN AVE",
                "buildings": [22],
                "address": ["22 ELGIN AVE"],
                "PRIMARY": "22",
                "OBJECTID": "5708"
            },
            "geometry": {
                "type": "Polygon",
                "coordinates": [
                    [
                        -95.98849398300,
                        36.15882635200
                    ],
                    [
                        -95.98863454300,
                        36.15877798600
                    ],
                    [
                        -95.98859701900,
                        36.15870706200
                    ],
                    [
                        -95.98845643500,
                        36.15875349300
                    ],
                    [
                        -95.98849398300,
                        36.15882635200
                    ]
                ]
            }
        },
        {
            "type": "Feature",
            "properties": {
                "PRIMARY": "UNKNOWN",
                "buildings": [1092,1093],
                "OBJECTID": "6727",
                "address": ["FRANKFORT AVE"],
                "STREET": "FRANKFORT AVE"
            },
            "geometry": {
                "type": "Polygon",
                "coordinates": [
                    [
                        -95.98733502200,
                        36.16149547000
                    ],
                    [
                        -95.98740930400,
                        36.16149547000
                    ],
                    [
                        -95.98740930400,
                        36.16147032100
                    ],
                    [
                        -95.98733502200,
                        36.16147032100
                    ],
                    [
                        -95.98733502200,
                        36.16149547000
                    ]
                ]
            }
        },
        {
            "type": "Feature",
            "properties": {
                "address": ["401 GREENWOOD AVE"],
                "buildings": [733],
                "STREET": "GREENWOOD AVE",
                "OBJECTID": "6440",
                "PRIMARY": "401"
            },
            "geometry": {
                "type": "Polygon",
                "coordinates": [
                    [
                        -95.98640530400,
                        36.16254980600
                    ],
                    [
                        -95.98641009600,
                        36.16252272200
                    ],
                    [
                        -95.98630466400,
                        36.16250918000
                    ],
                    [
                        -95.98629987200,
                        36.16253819900
                    ],
                    [
                        -95.98640530400,
                        36.16254980600
                    ]
                ]
            }
        },
        {
            "type": "Feature",
            "properties": {
                "OBJECTID": "6935",
                "PRIMARY": "212",
                "address": ["212 FRANKFORT AVE"],
                "buildings": [545,1001,1002],
                "STREET": "FRANKFORT AVE"
            },
            "geometry": {
                "type": "Polygon",
                "coordinates": [
                    [
                        -95.98817368500,
                        36.16077000200
                    ],
                    [
                        -95.98825994800,
                        36.16074291800
                    ],
                    [
                        -95.98823119400,
                        36.16068294500
                    ],
                    [
                        -95.98814493100,
                        36.16071196400
                    ],
                    [
                        -95.98817368500,
                        36.16077000200
                    ]
                ]
            }
        },
        {
            "type": "Feature",
            "properties": {
                "PRIMARY": "UNKNOWN",
                "STREET": "DETROIT AVE",
                "OBJECTID": "7284",
                "address": ["DETROIT AVE"]
            },
            "geometry": {
                "type": "Polygon",
                "coordinates": [
                    [
                        -95.98962816700,
                        36.15904916400
                    ],
                    [
                        -95.98968088300,
                        36.15903078500
                    ],
                    [
                        -95.98967129900,
                        36.15900757000
                    ],
                    [
                        -95.98961618600,
                        36.15902788300
                    ],
                    [
                        -95.98962816700,
                        36.15904916400
                    ]
                ]
            }
        },
        {
            "type": "Feature",
            "properties": {
                "PRIMARY": "UNKNOWN",
                "buildings": [1019,1020,1092,1093],
                "address": ["FRANKFORT AVE"],
                "OBJECTID": "5603",
                "STREET": "FRANKFORT AVE"
            },
            "geometry": {
                "type": "Polygon",
                "coordinates": [
                    [
                        -95.98710379100,
                        36.15961697700
                    ],
                    [
                        -95.98713134700,
                        36.15967598300
                    ],
                    [
                        -95.98710738500,
                        36.15968468900
                    ],
                    [
                        -95.98713374300,
                        36.15974176000
                    ],
                    [
                        -95.98721161900,
                        36.15971467500
                    ],
                    [
                        -95.98720203400,
                        36.15969823100
                    ],
                    [
                        -95.98724995800,
                        36.15968178700
                    ],
                    [
                        -95.98719844000,
                        36.15958505600
                    ],
                    [
                        -95.98710379100,
                        36.15961697700
                    ]
                ]
            }
        },
        {
            "type": "Feature",
            "properties": {
                "OBJECTID": "6662"
            },
            "geometry": {
                "type": "Polygon",
                "coordinates": [
                    [
                        -95.99298042400,
                        36.16171407700
                    ],
                    [
                        -95.99310981800,
                        36.16166764700
                    ],
                    [
                        -95.99307387500,
                        36.16160187200
                    ],
                    [
                        -95.99294448100,
                        36.16164830200
                    ],
                    [
                        -95.99298042400,
                        36.16171407700
                    ]
                ]
            }
        },
        {
            "type": "Feature",
            "properties": {
                "PRIMARY": "UNKNOWN",
                "address": ["GREENWOOD AVE"],
                "STREET": "GREENWOOD AVE",
                "OBJECTID": "5590",
                "buildings": [1057,1058]
            },
            "geometry": {
                "type": "Polygon",
                "coordinates": [
                    [
                        -95.98657064100,
                        36.16053978500
                    ],
                    [
                        -95.98683901300,
                        36.16045176100
                    ],
                    [
                        -95.98687615400,
                        36.16038405000
                    ],
                    [
                        -95.98654548100,
                        36.16049238800
                    ],
                    [
                        -95.98657064100,
                        36.16053978500
                    ]
                ]
            }
        },
        {
            "type": "Feature",
            "properties": {
                "OBJECTID": "7610"
            },
            "geometry": {
                "type": "Polygon",
                "coordinates": [
                    [
                        -95.98768726100,
                        36.15728185600
                    ],
                    [
                        -95.98805387600,
                        36.15715223300
                    ],
                    [
                        -95.98791250200,
                        36.15689105100
                    ],
                    [
                        -95.98754588600,
                        36.15702067400
                    ],
                    [
                        -95.98768726100,
                        36.15728185600
                    ]
                ]
            }
        },
        {
            "type": "Feature",
            "properties": {
                "STREET": "ELGIN AVE",
                "buildings": [484,977,978],
                "PRIMARY": "521",
                "OBJECTID": "6243",
                "address": ["521 ELGIN AVE"]
            },
            "geometry": {
                "type": "Polygon",
                "coordinates": [
                    [
                        -95.99054590400,
                        36.16362734100
                    ],
                    [
                        -95.99064894000,
                        36.16359252000
                    ],
                    [
                        -95.99061779000,
                        36.16353448400
                    ],
                    [
                        -95.99051475400,
                        36.16356930600
                    ],
                    [
                        -95.99054590400,
                        36.16362734100
                    ]
                ]
            }
        },
        {
            "type": "Feature",
            "properties": {
                "OBJECTID": "6876"
            },
            "geometry": {
                "type": "Polygon",
                "coordinates": [
                    [
                        -95.98965212900,
                        36.16103117100
                    ],
                    [
                        -95.98971682600,
                        36.16101182600
                    ],
                    [
                        -95.98968807200,
                        36.16094605000
                    ],
                    [
                        -95.98962097900,
                        36.16096346100
                    ],
                    [
                        -95.98965212900,
                        36.16103117100
                    ]
                ]
            }
        },
        {
            "type": "Feature",
            "properties": {
                "buildings": [1133,1134],
                "PRIMARY": "UNKNOWN",
                "OBJECTID": "7186",
                "STREET": "ARCHER ST",
                "address": ["ARCHER ST"]
            },
            "geometry": {
                "type": "Polygon",
                "coordinates": [
                    [
                        -95.98741570100,
                        36.15951831100
                    ],
                    [
                        -95.98737894400,
                        36.15945383000
                    ],
                    [
                        -95.98735019000,
                        36.15946414200
                    ],
                    [
                        -95.98738534200,
                        36.15952734600
                    ],
                    [
                        -95.98741570100,
                        36.15951831100
                    ]
                ]
            }
        },
        {
            "type": "Feature",
            "properties": {
                "PRIMARY": "UNKNOWN",
                "STREET": "HASKELL ST",
                "OBJECTID": "6156",
                "address": ["HASKELL ST"]
            },
            "geometry": {
                "type": "Polygon",
                "coordinates": [
                    [
                        -95.98706904600,
                        36.16421736800
                    ],
                    [
                        -95.98711457400,
                        36.16421736800
                    ],
                    [
                        -95.98711457400,
                        36.16416513600
                    ],
                    [
                        -95.98706904600,
                        36.16416513600
                    ],
                    [
                        -95.98706904600,
                        36.16421736800
                    ]
                ]
            }
        },
        {
            "type": "Feature",
            "properties": {
                "OBJECTID": "6387"
            },
            "geometry": {
                "type": "Polygon",
                "coordinates": [
                    [
                        -95.99084782300,
                        36.16280516600
                    ],
                    [
                        -95.99091252000,
                        36.16278388600
                    ],
                    [
                        -95.99086938900,
                        36.16269876600
                    ],
                    [
                        -95.99080469200,
                        36.16272004600
                    ],
                    [
                        -95.99084782300,
                        36.16280516600
                    ]
                ]
            }
        },
        {
            "type": "Feature",
            "properties": {
                "PRIMARY": "UNKNOWN",
                "address": ["HARTFORD AVE"],
                "STREET": "HARTFORD AVE",
                "buildings": [287,1047,1048,1099,1100],
                "OBJECTID": "5558"
            },
            "geometry": {
                "type": "Polygon",
                "coordinates": [
                    [
                        -95.98582943000,
                        36.16096410000
                    ],
                    [
                        -95.98579746500,
                        36.16090606200
                    ],
                    [
                        -95.98575275200,
                        36.16092153900
                    ],
                    [
                        -95.98576391900,
                        36.16094734600
                    ],
                    [
                        -95.98577671400,
                        36.16094218100
                    ],
                    [
                        -95.98579588300,
                        36.16097570700
                    ],
                    [
                        -95.98582943000,
                        36.16096410000
                    ]
                ]
            }
        },
        {
            "type": "Feature",
            "properties": {
                "POI": "BOOKER T. WASHINGTON HS",
                "OBJECTID": "6203"
            },
            "geometry": {
                "type": "Polygon",
                "coordinates": [
                    [
                        -95.98908423400,
                        36.16393686400
                    ],
                    [
                        -95.98917289300,
                        36.16393686400
                    ],
                    [
                        -95.98917289300,
                        36.16376856100
                    ],
                    [
                        -95.98908423400,
                        36.16376856100
                    ],
                    [
                        -95.98908423400,
                        36.16393686400
                    ]
                ]
            }
        },
        {
            "type": "Feature",
            "properties": {
                "OBJECTID": "6578"
            },
            "geometry": {
                "type": "Polygon",
                "coordinates": [
                    [
                        -95.99220166500,
                        36.16202747600
                    ],
                    [
                        -95.99219208100,
                        36.16201780400
                    ],
                    [
                        -95.99218968500,
                        36.16201973800
                    ],
                    [
                        -95.99219926900,
                        36.16202941100
                    ],
                    [
                        -95.99220166500,
                        36.16202747600
                    ]
                ]
            }
        },
        {
            "type": "Feature",
            "properties": {
                "OBJECTID": "5792"
            },
            "geometry": {
                "type": "Polygon",
                "coordinates": [
                    [
                        -95.98914253300,
                        36.15645961400
                    ],
                    [
                        -95.98922160700,
                        36.15661245500
                    ],
                    [
                        -95.98930389200,
                        36.15658343500
                    ],
                    [
                        -95.98922160700,
                        36.15642865900
                    ],
                    [
                        -95.98914253300,
                        36.15645961400
                    ]
                ]
            }
        },
        {
            "type": "Feature",
            "properties": {
                "OBJECTID": "6331"
            },
            "geometry": {
                "type": "Polygon",
                "coordinates": [
                    [
                        -95.98909381900,
                        36.16311662600
                    ],
                    [
                        -95.98909381900,
                        36.16310308500
                    ],
                    [
                        -95.98907704600,
                        36.16310308500
                    ],
                    [
                        -95.98907704600,
                        36.16311662600
                    ],
                    [
                        -95.98909381900,
                        36.16311662600
                    ]
                ]
            }
        },
        {
            "type": "Feature",
            "properties": {
                "PRIMARY": "UNKNOWN",
                "address": ["GREENWOOD AVE"],
                "STREET": "GREENWOOD AVE",
                "OBJECTID": "6310",
                "buildings": [1057,1058]
            },
            "geometry": {
                "type": "Polygon",
                "coordinates": [
                    [
                        -95.98670003400,
                        36.16322496000
                    ],
                    [
                        -95.98676952400,
                        36.16322496000
                    ],
                    [
                        -95.98676952400,
                        36.16313016800
                    ],
                    [
                        -95.98681744700,
                        36.16312823300
                    ],
                    [
                        -95.98681744700,
                        36.16305278700
                    ],
                    [
                        -95.98670003400,
                        36.16305278700
                    ],
                    [
                        -95.98670003400,
                        36.16322496000
                    ]
                ]
            }
        },
        {
            "type": "Feature",
            "properties": {
                "STREET": "ELGIN AVE",
                "PRIMARY": "405",
                "buildings": [497],
                "OBJECTID": "6507",
                "address": ["405 ELGIN AVE"]
            },
            "geometry": {
                "type": "Polygon",
                "coordinates": [
                    [
                        -95.98987018200,
                        36.16225575400
                    ],
                    [
                        -95.98995884000,
                        36.16222286700
                    ],
                    [
                        -95.98993487800,
                        36.16217837200
                    ],
                    [
                        -95.98984382400,
                        36.16221125900
                    ],
                    [
                        -95.98987018200,
                        36.16225575400
                    ]
                ]
            }
        },
        {
            "type": "Feature",
            "properties": {
                "PRIMARY": "UNKNOWN",
                "OBJECTID": "6473"
            },
            "geometry": {
                "type": "Polygon",
                "coordinates": [
                    [
                        -95.98844685000,
                        36.16237376200
                    ],
                    [
                        -95.98849237800,
                        36.16237376200
                    ],
                    [
                        -95.98849237800,
                        36.16233700500
                    ],
                    [
                        -95.98844685000,
                        36.16233700500
                    ],
                    [
                        -95.98844685000,
                        36.16237376200
                    ]
                ]
            }
        },
        {
            "type": "Feature",
            "properties": {
                "OBJECTID": "6850"
            },
            "geometry": {
                "type": "Polygon",
                "coordinates": [
                    [
                        -95.99291333100,
                        36.16110855500
                    ],
                    [
                        -95.99301397100,
                        36.16107760100
                    ],
                    [
                        -95.99298282000,
                        36.16101376000
                    ],
                    [
                        -95.99288218100,
                        36.16104471400
                    ],
                    [
                        -95.99291333100,
                        36.16110855500
                    ]
                ]
            }
        },
        {
            "type": "Feature",
            "properties": {
                "address": ["ELGIN AVE"],
                "STREET": "ELGIN AVE",
                "PRIMARY": "UNKNOWN",
                "OBJECTID": "7158"
            },
            "geometry": {
                "type": "Polygon",
                "coordinates": [
                    [
                        -95.98891410500,
                        36.15965567000
                    ],
                    [
                        -95.98888894500,
                        36.15960730400
                    ],
                    [
                        -95.98886738000,
                        36.15961504300
                    ],
                    [
                        -95.98889613400,
                        36.15966340800
                    ],
                    [
                        -95.98891410500,
                        36.15965567000
                    ]
                ]
            }
        },
        {
            "type": "Feature",
            "properties": {
                "OBJECTID": "6282"
            },
            "geometry": {
                "type": "Polygon",
                "coordinates": [
                    [
                        -95.99092929300,
                        36.16336231200
                    ],
                    [
                        -95.99104670600,
                        36.16332168700
                    ],
                    [
                        -95.99101795200,
                        36.16326752000
                    ],
                    [
                        -95.99090053900,
                        36.16330621000
                    ],
                    [
                        -95.99092929300,
                        36.16336231200
                    ]
                ]
            }
        },
        {
            "type": "Feature",
            "properties": {
                "OBJECTID": "6696"
            },
            "geometry": {
                "type": "Polygon",
                "coordinates": [
                    [
                        -95.99003072600,
                        36.16160187200
                    ],
                    [
                        -95.99014574200,
                        36.16156124600
                    ],
                    [
                        -95.99011219600,
                        36.16149934000
                    ],
                    [
                        -95.98999717900,
                        36.16153996600
                    ],
                    [
                        -95.99003072600,
                        36.16160187200
                    ]
                ]
            }
        },
        {
            "type": "Feature",
            "properties": {
                "OBJECTID": "6413"
            },
            "geometry": {
                "type": "Polygon",
                "coordinates": [
                    [
                        -95.98922321300,
                        36.16265814000
                    ],
                    [
                        -95.98921842000,
                        36.16265040200
                    ],
                    [
                        -95.98920404300,
                        36.16265620600
                    ],
                    [
                        -95.98920883600,
                        36.16266394400
                    ],
                    [
                        -95.98922321300,
                        36.16265814000
                    ]
                ]
            }
        },
        {
            "type": "Feature",
            "properties": {
                "OBJECTID": "6788"
            },
            "geometry": {
                "type": "Polygon",
                "coordinates": [
                    [
                        -95.98830547500,
                        36.16134070400
                    ],
                    [
                        -95.98836777600,
                        36.16131555500
                    ],
                    [
                        -95.98831506000,
                        36.16122269500
                    ],
                    [
                        -95.98825275900,
                        36.16124591000
                    ],
                    [
                        -95.98830547500,
                        36.16134070400
                    ]
                ]
            }
        },
        {
            "type": "Feature",
            "properties": {
                "OBJECTID": "7109"
            },
            "geometry": {
                "type": "Polygon",
                "coordinates": [
                    [
                        -95.98968088300,
                        36.15989169300
                    ],
                    [
                        -95.98974797600,
                        36.15986847700
                    ],
                    [
                        -95.98971682600,
                        36.15980657000
                    ],
                    [
                        -95.98964733700,
                        36.15982785000
                    ],
                    [
                        -95.98968088300,
                        36.15989169300
                    ]
                ]
            }
        },
        {
            "type": "Feature",
            "properties": {
                "OBJECTID": "5776"
            },
            "geometry": {
                "type": "Polygon",
                "coordinates": [
                    [
                        -95.98493524700,
                        36.15847312500
                    ],
                    [
                        -95.98498257200,
                        36.15856163500
                    ],
                    [
                        -95.98508500800,
                        36.15852681100
                    ],
                    [
                        -95.98503588700,
                        36.15843588300
                    ],
                    [
                        -95.98493524700,
                        36.15847312500
                    ]
                ]
            }
        },
        {
            "type": "Feature",
            "properties": {
                "PRIMARY": "306",
                "address": ["306 FRANKFORT AVE"],
                "OBJECTID": "6741",
                "STREET": "FRANKFORT AVE"
            },
            "geometry": {
                "type": "Polygon",
                "coordinates": [
                    [
                        -95.98814253500,
                        36.16144904100
                    ],
                    [
                        -95.98821202400,
                        36.16144904100
                    ],
                    [
                        -95.98821202400,
                        36.16142389100
                    ],
                    [
                        -95.98814253500,
                        36.16142389100
                    ],
                    [
                        -95.98814253500,
                        36.16144904100
                    ]
                ]
            }
        },
        {
            "type": "Feature",
            "properties": {
                "OBJECTID": "7419"
            },
            "geometry": {
                "type": "Polygon",
                "coordinates": [
                    [
                        -95.98329625900,
                        36.15826176400
                    ],
                    [
                        -95.98362094200,
                        36.15814762000
                    ],
                    [
                        -95.98357661300,
                        36.15806056000
                    ],
                    [
                        -95.98325073200,
                        36.15817277000
                    ],
                    [
                        -95.98329625900,
                        36.15826176400
                    ]
                ]
            }
        },
        {
            "type": "Feature",
            "properties": {
                "OBJECTID": "5563"
            },
            "geometry": {
                "type": "Polygon",
                "coordinates": [
                    [
                        -95.98594643500,
                        36.16023605300
                    ],
                    [
                        -95.98592367200,
                        36.16019542600
                    ],
                    [
                        -95.98575833500,
                        36.16025249700
                    ],
                    [
                        -95.98577630700,
                        36.16029022200
                    ],
                    [
                        -95.98594643500,
                        36.16023605300
                    ]
                ]
            }
        },
        {
            "type": "Feature",
            "properties": {
                "OBJECTID": "6221"
            },
            "geometry": {
                "type": "Polygon",
                "coordinates": [
                    [
                        -95.99321525000,
                        36.16381112100
                    ],
                    [
                        -95.99329192800,
                        36.16378403700
                    ],
                    [
                        -95.99323681600,
                        36.16368150800
                    ],
                    [
                        -95.99316013800,
                        36.16370859100
                    ],
                    [
                        -95.99321525000,
                        36.16381112100
                    ]
                ]
            }
        },
        {
            "type": "Feature",
            "properties": {
                "OBJECTID": "6997",
                "address": ["110 HARTFORD AVE"],
                "buildings": [756,1051,1052,1101,1102],
                "PRIMARY": "110",
                "STREET": "HARTFORD AVE"
            },
            "geometry": {
                "type": "Polygon",
                "coordinates": [
                    [
                        -95.98528988200,
                        36.16047981300
                    ],
                    [
                        -95.98533540900,
                        36.16046530300
                    ],
                    [
                        -95.98534020200,
                        36.16048078000
                    ],
                    [
                        -95.98540370000,
                        36.16045950000
                    ],
                    [
                        -95.98537614400,
                        36.16041210200
                    ],
                    [
                        -95.98527430700,
                        36.16044499000
                    ],
                    [
                        -95.98528988200,
                        36.16047981300
                    ]
                ]
            }
        },
        {
            "type": "Feature",
            "properties": {
                "OBJECTID": "7391"
            },
            "geometry": {
                "type": "Polygon",
                "coordinates": [
                    [
                        -95.98486456000,
                        36.15838654900
                    ],
                    [
                        -95.98506583900,
                        36.15831496700
                    ],
                    [
                        -95.98506823500,
                        36.15827240500
                    ],
                    [
                        -95.98502270800,
                        36.15818921500
                    ],
                    [
                        -95.98479986300,
                        36.15826660100
                    ],
                    [
                        -95.98486456000,
                        36.15838654900
                    ]
                ]
            }
        },
        {
            "type": "Feature",
            "properties": {
                "PRIMARY": "UNKNOWN",
                "OBJECTID": "5696",
                "address": ["HARTFORD AVE"],
                "STREET": "HARTFORD AVE",
                "buildings": [287,1047,1048,1099,1100]
            },
            "geometry": {
                "type": "Polygon",
                "coordinates": [
                    [
                        -95.98481982300,
                        36.15946027300
                    ],
                    [
                        -95.98481184400,
                        36.15944415700
                    ],
                    [
                        -95.98485018300,
                        36.15942868000
                    ],
                    [
                        -95.98481503100,
                        36.15935773800
                    ],
                    [
                        -95.98483022200,
                        36.15933839100
                    ],
                    [
                        -95.98478788200,
                        36.15931840700
                    ],
                    [
                        -95.98462973400,
                        36.15950993400
                    ],
                    [
                        -95.98463931900,
                        36.15952541100
                    ],
                    [
                        -95.98481982300,
                        36.15946027300
                    ]
                ]
            }
        },
        {
            "type": "Feature",
            "properties": {
                "buildings": [524],
                "address": ["310 EXETER PL"],
                "PRIMARY": "310",
                "STREET": "EXETER PL",
                "OBJECTID": "6676"
            },
            "geometry": {
                "type": "Polygon",
                "coordinates": [
                    [
                        -95.98916570400,
                        36.16168312400
                    ],
                    [
                        -95.98931426800,
                        36.16166377800
                    ],
                    [
                        -95.98929509800,
                        36.16157672300
                    ],
                    [
                        -95.98914653500,
                        36.16159800300
                    ],
                    [
                        -95.98916570400,
                        36.16168312400
                    ]
                ]
            }
        },
        {
            "type": "Feature",
            "properties": {
                "OBJECTID": "618"
            },
            "geometry": {
                "type": "Polygon",
                "coordinates": [
                    [
                        -95.98223752100,
                        36.15944085300
                    ],
                    [
                        -95.98234676000,
                        36.15941733400
                    ],
                    [
                        -95.98231763000,
                        36.15933501600
                    ],
                    [
                        -95.98221567400,
                        36.15935853600
                    ],
                    [
                        -95.98223752100,
                        36.15944085300
                    ]
                ]
            }
        },
        {
            "type": "Feature",
            "properties": {
                "OBJECTID": "6193"
            },
            "geometry": {
                "type": "Polygon",
                "coordinates": [
                    [
                        -95.99272642900,
                        36.16402004800
                    ],
                    [
                        -95.99278873000,
                        36.16399876900
                    ],
                    [
                        -95.99280071100,
                        36.16401617900
                    ],
                    [
                        -95.99283905000,
                        36.16400070300
                    ],
                    [
                        -95.99277914500,
                        36.16389043600
                    ],
                    [
                        -95.99265454400,
                        36.16393299500
                    ],
                    [
                        -95.99268809000,
                        36.16399489900
                    ],
                    [
                        -95.99271205200,
                        36.16398909600
                    ],
                    [
                        -95.99272642900,
                        36.16402004800
                    ]
                ]
            }
        },
        {
            "type": "Feature",
            "properties": {
                "buildings": [1019,1020],
                "PRIMARY": "UNKNOWN",
                "OBJECTID": "6907",
                "address": ["FRANKFORT AVE"],
                "STREET": "FRANKFORT AVE"
            },
            "geometry": {
                "type": "Polygon",
                "coordinates": [
                    [
                        -95.98841809600,
                        36.16087640500
                    ],
                    [
                        -95.98856186700,
                        36.16082804000
                    ],
                    [
                        -95.98854749000,
                        36.16080095600
                    ],
                    [
                        -95.98840371900,
                        36.16084932000
                    ],
                    [
                        -95.98841809600,
                        36.16087640500
                    ]
                ]
            }
        },
        {
            "type": "Feature",
            "properties": {
                "OBJECTID": "7245"
            },
            "geometry": {
                "type": "Polygon",
                "coordinates": [
                    [
                        -95.98264569600,
                        36.15923585600
                    ],
                    [
                        -95.98277509000,
                        36.15919459000
                    ],
                    [
                        -95.98273195900,
                        36.15910689300
                    ],
                    [
                        -95.98260096000,
                        36.15914945500
                    ],
                    [
                        -95.98264569600,
                        36.15923585600
                    ]
                ]
            }
        },
        {
            "type": "Feature",
            "properties": {
                "OBJECTID": "6174"
            },
            "geometry": {
                "type": "Polygon",
                "coordinates": [
                    [
                        -95.99333745500,
                        36.16415739800
                    ],
                    [
                        -95.99341892500,
                        36.16413031500
                    ],
                    [
                        -95.99339017100,
                        36.16406841100
                    ],
                    [
                        -95.99330630500,
                        36.16409356000
                    ],
                    [
                        -95.99333745500,
                        36.16415739800
                    ]
                ]
            }
        },
        {
            "type": "Feature",
            "properties": {
                "OBJECTID": "6390"
            },
            "geometry": {
                "type": "Polygon",
                "coordinates": [
                    [
                        -95.98796521800,
                        36.16279162400
                    ],
                    [
                        -95.98796521800,
                        36.16276067100
                    ],
                    [
                        -95.98794844500,
                        36.16276067100
                    ],
                    [
                        -95.98794844500,
                        36.16279162400
                    ],
                    [
                        -95.98796521800,
                        36.16279162400
                    ]
                ]
            }
        },
        {
            "type": "Feature",
            "properties": {
                "OBJECTID": "6300"
            },
            "geometry": {
                "type": "Polygon",
                "coordinates": [
                    [
                        -95.99293729300,
                        36.16322689500
                    ],
                    [
                        -95.99293010400,
                        36.16321335300
                    ],
                    [
                        -95.99290614300,
                        36.16322302600
                    ],
                    [
                        -95.99291333100,
                        36.16323656700
                    ],
                    [
                        -95.99293729300,
                        36.16322689500
                    ]
                ]
            }
        },
        {
            "type": "Feature",
            "properties": {
                "buildings": [729],
                "STREET": "GREENWOOD AVE",
                "OBJECTID": "6582",
                "address": ["313 GREENWOOD AVE"],
                "PRIMARY": "313"
            },
            "geometry": {
                "type": "Polygon",
                "coordinates": [
                    [
                        -95.98631904200,
                        36.16199652300
                    ],
                    [
                        -95.98639332300,
                        36.16199652300
                    ],
                    [
                        -95.98639332300,
                        36.16193655200
                    ],
                    [
                        -95.98631904200,
                        36.16193655200
                    ],
                    [
                        -95.98631904200,
                        36.16199652300
                    ]
                ]
            }
        },
        {
            "type": "Feature",
            "properties": {
                "PRIMARY": "UNKNOWN",
                "STREET": "EXETER PL",
                "address": ["EXETER PL"],
                "OBJECTID": "6125"
            },
            "geometry": {
                "type": "Polygon",
                "coordinates": [
                    [
                        -95.98932145600,
                        36.16483447300
                    ],
                    [
                        -95.98932145600,
                        36.16476289700
                    ],
                    [
                        -95.98929749400,
                        36.16476289700
                    ],
                    [
                        -95.98929749400,
                        36.16483447300
                    ],
                    [
                        -95.98932145600,
                        36.16483447300
                    ]
                ]
            }
        },
        {
            "type": "Feature",
            "properties": {
                "OBJECTID": "6351",
                "address": ["413 FRANKFORT AVE"],
                "PRIMARY": "413",
                "STREET": "FRANKFORT AVE"
            },
            "geometry": {
                "type": "Polygon",
                "coordinates": [
                    [
                        -95.98747639700,
                        36.16302957200
                    ],
                    [
                        -95.98760818700,
                        36.16302957200
                    ],
                    [
                        -95.98760818700,
                        36.16298120900
                    ],
                    [
                        -95.98747639700,
                        36.16298120900
                    ],
                    [
                        -95.98747639700,
                        36.16302957200
                    ]
                ]
            }
        },
        {
            "type": "Feature",
            "properties": {
                "OBJECTID": "6806",
                "STREET": "HARTFORD AVE",
                "PRIMARY": "301",
                "buildings": [805],
                "address": ["301 HARTFORD AVE"]
            },
            "geometry": {
                "type": "Polygon",
                "coordinates": [
                    [
                        -95.98518883500,
                        36.16129944000
                    ],
                    [
                        -95.98518564800,
                        36.16122722200
                    ],
                    [
                        -95.98504667000,
                        36.16122592600
                    ],
                    [
                        -95.98504667000,
                        36.16129686700
                    ],
                    [
                        -95.98518883500,
                        36.16129944000
                    ]
                ]
            }
        },
        {
            "type": "Feature",
            "properties": {
                "OBJECTID": "7139"
            },
            "geometry": {
                "type": "Polygon",
                "coordinates": [
                    [
                        -95.99005708400,
                        36.15975820400
                    ],
                    [
                        -95.99003312200,
                        36.15971177300
                    ],
                    [
                        -95.99002593300,
                        36.15971370800
                    ],
                    [
                        -95.99005229100,
                        36.15976013900
                    ],
                    [
                        -95.99005708400,
                        36.15975820400
                    ]
                ]
            }
        },
        {
            "type": "Feature",
            "properties": {
                "address": ["ELGIN AVE"],
                "STREET": "ELGIN AVE",
                "PRIMARY": "UNKNOWN",
                "OBJECTID": "6261"
            },
            "geometry": {
                "type": "Polygon",
                "coordinates": [
                    [
                        -95.99014095000,
                        36.16351707400
                    ],
                    [
                        -95.99023200500,
                        36.16348612100
                    ],
                    [
                        -95.99020804300,
                        36.16344549600
                    ],
                    [
                        -95.99011938400,
                        36.16347644900
                    ],
                    [
                        -95.99014095000,
                        36.16351707400
                    ]
                ]
            }
        },
        {
            "type": "Feature",
            "properties": {
                "OBJECTID": "6525"
            },
            "geometry": {
                "type": "Polygon",
                "coordinates": [
                    [
                        -95.99062018600,
                        36.16220448800
                    ],
                    [
                        -95.99073041000,
                        36.16216579700
                    ],
                    [
                        -95.99070165600,
                        36.16211066200
                    ],
                    [
                        -95.99059263000,
                        36.16215032100
                    ],
                    [
                        -95.99062018600,
                        36.16220448800
                    ]
                ]
            }
        },
        {
            "type": "Feature",
            "properties": {
                "OBJECTID": "522"
            },
            "geometry": {
                "type": "Polygon",
                "coordinates": [
                    [
                        -95.98091937400,
                        36.16026402100
                    ],
                    [
                        -95.98091937400,
                        36.16025226100
                    ],
                    [
                        -95.98091209100,
                        36.16025226100
                    ],
                    [
                        -95.98091209100,
                        36.16026402100
                    ],
                    [
                        -95.98091937400,
                        36.16026402100
                    ]
                ]
            }
        },
        {
            "type": "Feature",
            "properties": {
                "buildings": [581],
                "PRIMARY": "320",
                "address": ["320 FRANKFORT AVE"],
                "STREET": "FRANKFORT AVE",
                "OBJECTID": "6501"
            },
            "geometry": {
                "type": "Polygon",
                "coordinates": [
                    [
                        -95.98792927500,
                        36.16227316500
                    ],
                    [
                        -95.98803231100,
                        36.16227316500
                    ],
                    [
                        -95.98803231100,
                        36.16221706300
                    ],
                    [
                        -95.98792927500,
                        36.16221706300
                    ],
                    [
                        -95.98792927500,
                        36.16227316500
                    ]
                ]
            }
        },
        {
            "type": "Feature",
            "properties": {
                "OBJECTID": "6757",
                "PRIMARY": "303.5",
                "STREET": "GREENWOOD AVE",
                "buildings": [724],
                "address": ["303.5 GREENWOOD AVE"]
            },
            "geometry": {
                "type": "Polygon",
                "coordinates": [
                    [
                        -95.98618725200,
                        36.16141421800
                    ],
                    [
                        -95.98618964800,
                        36.16135811600
                    ],
                    [
                        -95.98612495100,
                        36.16135618100
                    ],
                    [
                        -95.98612255500,
                        36.16141228400
                    ],
                    [
                        -95.98618725200,
                        36.16141421800
                    ]
                ]
            }
        },
        {
            "type": "Feature",
            "properties": {
                "PRIMARY": "UNKNOWN",
                "address": ["GREENWOOD AVE"],
                "STREET": "GREENWOOD AVE",
                "OBJECTID": "7036",
                "buildings": [1057,1058]
            },
            "geometry": {
                "type": "Polygon",
                "coordinates": [
                    [
                        -95.98641488900,
                        36.16023024900
                    ],
                    [
                        -95.98644364300,
                        36.16028345100
                    ],
                    [
                        -95.98656345200,
                        36.16024089000
                    ],
                    [
                        -95.98653110400,
                        36.16018962300
                    ],
                    [
                        -95.98641488900,
                        36.16023024900
                    ]
                ]
            }
        },
        {
            "type": "Feature",
            "properties": {
                "OBJECTID": "5713"
            },
            "geometry": {
                "type": "Polygon",
                "coordinates": [
                    [
                        -95.98935579400,
                        36.15763332800
                    ],
                    [
                        -95.98929910000,
                        36.15765461000
                    ],
                    [
                        -95.98931826900,
                        36.15769007200
                    ],
                    [
                        -95.98937417200,
                        36.15766815200
                    ],
                    [
                        -95.98935579400,
                        36.15763332800
                    ]
                ]
            }
        },
        {
            "type": "Feature",
            "properties": {
                "OBJECTID": "6700",
                "buildings": [718],
                "STREET": "HARTFORD AVE",
                "PRIMARY": "312",
                "address": ["312 HARTFORD AVE"]
            },
            "geometry": {
                "type": "Polygon",
                "coordinates": [
                    [
                        -95.98561216800,
                        36.16157478800
                    ],
                    [
                        -95.98561216800,
                        36.16155737700
                    ],
                    [
                        -95.98548996300,
                        36.16155737700
                    ],
                    [
                        -95.98548996300,
                        36.16157478800
                    ],
                    [
                        -95.98561216800,
                        36.16157478800
                    ]
                ]
            }
        },
        {
            "type": "Feature",
            "properties": {
                "OBJECTID": "6447",
                "STREET": "GREENWOOD AVE",
                "PRIMARY": "400",
                "address": ["400 GREENWOOD AVE"]
            },
            "geometry": {
                "type": "Polygon",
                "coordinates": [
                    [
                        -95.98681744700,
                        36.16248790000
                    ],
                    [
                        -95.98681984300,
                        36.16243953700
                    ],
                    [
                        -95.98671201500,
                        36.16243566800
                    ],
                    [
                        -95.98670961900,
                        36.16248403100
                    ],
                    [
                        -95.98681744700,
                        36.16248790000
                    ]
                ]
            }
        },
        {
            "type": "Feature",
            "properties": {
                "address": ["302 FRANKFORT AVE"],
                "OBJECTID": "6792",
                "STREET": "FRANKFORT AVE",
                "PRIMARY": "302"
            },
            "geometry": {
                "type": "Polygon",
                "coordinates": [
                    [
                        -95.98808023400,
                        36.16131749000
                    ],
                    [
                        -95.98808263100,
                        36.16126138700
                    ],
                    [
                        -95.98787895500,
                        36.16125558300
                    ],
                    [
                        -95.98787655900,
                        36.16131168600
                    ],
                    [
                        -95.98808023400,
                        36.16131749000
                    ]
                ]
            }
        },
        {
            "type": "Feature",
            "properties": {
                "OBJECTID": "7311"
            },
            "geometry": {
                "type": "Polygon",
                "coordinates": [
                    [
                        -95.98292204800,
                        36.15888891800
                    ],
                    [
                        -95.98301950100,
                        36.15885409500
                    ],
                    [
                        -95.98290767100,
                        36.15864258000
                    ],
                    [
                        -95.98281021900,
                        36.15867610800
                    ],
                    [
                        -95.98292204800,
                        36.15888891800
                    ]
                ]
            }
        },
        {
            "type": "Feature",
            "properties": {
                "PRIMARY": "UNKNOWN",
                "address": ["GREENWOOD AVE"],
                "OBJECTID": "5596",
                "STREET": "GREENWOOD AVE",
                "buildings": [1057,1058]
            },
            "geometry": {
                "type": "Polygon",
                "coordinates": [
                    [
                        -95.98652750900,
                        36.15993522100
                    ],
                    [
                        -95.98651792500,
                        36.15991877700
                    ],
                    [
                        -95.98649396300,
                        36.15992651600
                    ],
                    [
                        -95.98648437800,
                        36.15991394100
                    ],
                    [
                        -95.98644484100,
                        36.15992554800
                    ],
                    [
                        -95.98646041600,
                        36.15995650200
                    ],
                    [
                        -95.98652750900,
                        36.15993522100
                    ]
                ]
            }
        },
        {
            "type": "Feature",
            "properties": {
                "OBJECTID": "6646",
                "PRIMARY": "UNKNOWN",
                "buildings": [1092,1093],
                "address": ["FRANKFORT AVE"],
                "STREET": "FRANKFORT AVE"
            },
            "geometry": {
                "type": "Polygon",
                "coordinates": [
                    [
                        -95.98734939900,
                        36.16178565600
                    ],
                    [
                        -95.98742847300,
                        36.16178565600
                    ],
                    [
                        -95.98742847300,
                        36.16176050700
                    ],
                    [
                        -95.98734939900,
                        36.16176050700
                    ],
                    [
                        -95.98734939900,
                        36.16178565600
                    ]
                ]
            }
        },
        {
            "type": "Feature",
            "properties": {
                "OBJECTID": "7667"
            },
            "geometry": {
                "type": "Polygon",
                "coordinates": [
                    [
                        -95.98744285000,
                        36.15680399000
                    ],
                    [
                        -95.98786457800,
                        36.15665308400
                    ],
                    [
                        -95.98773758100,
                        36.15642479000
                    ],
                    [
                        -95.98731585300,
                        36.15657763100
                    ],
                    [
                        -95.98744285000,
                        36.15680399000
                    ]
                ]
            }
        },
        {
            "type": "Feature",
            "properties": {
                "POI": "Tulsa Brick Plant",
                "OBJECTID": "5579"
            },
            "geometry": {
                "type": "Polygon",
                "coordinates": [
                    [
                        -95.98725355200,
                        36.16539160500
                    ],
                    [
                        -95.98737575700,
                        36.16466423800
                    ],
                    [
                        -95.98709780000,
                        36.16463328600
                    ],
                    [
                        -95.98697559500,
                        36.16536065300
                    ],
                    [
                        -95.98725355200,
                        36.16539160500
                    ]
                ]
            }
        },
        {
            "type": "Feature",
            "properties": {
                "PRIMARY": "UNKNOWN",
                "buildings": [1092,1093],
                "OBJECTID": "6244",
                "address": ["FRANKFORT AVE"],
                "STREET": "FRANKFORT AVE"
            },
            "geometry": {
                "type": "Polygon",
                "coordinates": [
                    [
                        -95.98727991000,
                        36.16361960300
                    ],
                    [
                        -95.98736377600,
                        36.16361960300
                    ],
                    [
                        -95.98736377600,
                        36.16357897800
                    ],
                    [
                        -95.98727991000,
                        36.16357897800
                    ],
                    [
                        -95.98727991000,
                        36.16361960300
                    ]
                ]
            }
        },
        {
            "type": "Feature",
            "properties": {
                "OBJECTID": "7011"
            },
            "geometry": {
                "type": "Polygon",
                "coordinates": [
                    [
                        -95.99035900200,
                        36.16041790600
                    ],
                    [
                        -95.99041171800,
                        36.16039662500
                    ],
                    [
                        -95.99036619100,
                        36.16032117600
                    ],
                    [
                        -95.99031347500,
                        36.16034245600
                    ],
                    [
                        -95.99035900200,
                        36.16041790600
                    ]
                ]
            }
        },
        {
            "type": "Feature",
            "properties": {
                "OBJECTID": "7402"
            },
            "geometry": {
                "type": "Polygon",
                "coordinates": [
                    [
                        -95.98311534800,
                        36.15831883700
                    ],
                    [
                        -95.98313212100,
                        36.15828014300
                    ],
                    [
                        -95.98297636900,
                        36.15823564600
                    ],
                    [
                        -95.98295959600,
                        36.15827434000
                    ],
                    [
                        -95.98311534800,
                        36.15831883700
                    ]
                ]
            }
        },
        {
            "type": "Feature",
            "properties": {
                "STREET": "HASKELL ST",
                "PRIMARY": "411",
                "buildings": [91],
                "OBJECTID": "6144",
                "address": ["411 HASKELL ST"]
            },
            "geometry": {
                "type": "Polygon",
                "coordinates": [
                    [
                        -95.99060341300,
                        36.16444757400
                    ],
                    [
                        -95.99067769400,
                        36.16444757400
                    ],
                    [
                        -95.99067769400,
                        36.16438373500
                    ],
                    [
                        -95.99060341300,
                        36.16438373500
                    ],
                    [
                        -95.99060341300,
                        36.16444757400
                    ]
                ]
            }
        },
        {
            "type": "Feature",
            "properties": {
                "address": ["412 EASTON ST"],
                "buildings": [535],
                "STREET": "EASTON ST",
                "OBJECTID": "6378",
                "PRIMARY": "412"
            },
            "geometry": {
                "type": "Polygon",
                "coordinates": [
                    [
                        -95.98965452500,
                        36.16288641600
                    ],
                    [
                        -95.98972641100,
                        36.16285933300
                    ],
                    [
                        -95.98965692100,
                        36.16273552200
                    ],
                    [
                        -95.98958503600,
                        36.16276067100
                    ],
                    [
                        -95.98965452500,
                        36.16288641600
                    ]
                ]
            }
        },
        {
            "type": "Feature",
            "properties": {
                "OBJECTID": "5546"
            },
            "geometry": {
                "type": "Polygon",
                "coordinates": [
                    [
                        -95.99034941800,
                        36.15969339500
                    ],
                    [
                        -95.99042489700,
                        36.15984429500
                    ],
                    [
                        -95.99064774200,
                        36.15977271400
                    ],
                    [
                        -95.99056627200,
                        36.15961601000
                    ],
                    [
                        -95.99034941800,
                        36.15969339500
                    ]
                ]
            }
        },
        {
            "type": "Feature",
            "properties": {
                "PRIMARY": "UNKNOWN",
                "OBJECTID": "6208",
                "STREET": "EXETER PL",
                "address": ["EXETER PL"]
            },
            "geometry": {
                "type": "Polygon",
                "coordinates": [
                    [
                        -95.98884940800,
                        36.16389430500
                    ],
                    [
                        -95.98885180500,
                        36.16384981100
                    ],
                    [
                        -95.98871522200,
                        36.16384594200
                    ],
                    [
                        -95.98871282600,
                        36.16389043600
                    ],
                    [
                        -95.98884940800,
                        36.16389430500
                    ]
                ]
            }
        },
        {
            "type": "Feature",
            "properties": {
                "address": ["DEAN PL"],
                "STREET": "DEAN PL",
                "PRIMARY": "UNKNOWN",
                "OBJECTID": "6913"
            },
            "geometry": {
                "type": "Polygon",
                "coordinates": [
                    [
                        -95.98878950400,
                        36.16085512400
                    ],
                    [
                        -95.98887576600,
                        36.16082610500
                    ],
                    [
                        -95.98882784300,
                        36.16073131000
                    ],
                    [
                        -95.98876554200,
                        36.16075259100
                    ],
                    [
                        -95.98874876900,
                        36.16077774000
                    ],
                    [
                        -95.98878950400,
                        36.16085512400
                    ]
                ]
            }
        },
        {
            "type": "Feature",
            "properties": {
                "address": ["416,416.5 ARCHER ST"],
                "buildings": [27],
                "OBJECTID": "7274",
                "PRIMARY": "416,416.5",
                "STREET": "ARCHER ST"
            },
            "geometry": {
                "type": "Polygon",
                "coordinates": [
                    [
                        -95.98759500800,
                        36.15912171300
                    ],
                    [
                        -95.98765371400,
                        36.15910043200
                    ],
                    [
                        -95.98757104600,
                        36.15894469400
                    ],
                    [
                        -95.98751234000,
                        36.15896597500
                    ],
                    [
                        -95.98759500800,
                        36.15912171300
                    ]
                ]
            }
        },
        {
            "type": "Feature",
            "properties": {
                "OBJECTID": "5777"
            },
            "geometry": {
                "type": "Polygon",
                "coordinates": [
                    [
                        -95.98508500800,
                        36.15852681100
                    ],
                    [
                        -95.98521679800,
                        36.15848038000
                    ],
                    [
                        -95.98516887500,
                        36.15839041900
                    ],
                    [
                        -95.98503588700,
                        36.15843588300
                    ],
                    [
                        -95.98508500800,
                        36.15852681100
                    ]
                ]
            }
        },
        {
            "type": "Feature",
            "properties": {
                "OBJECTID": "6338"
            },
            "geometry": {
                "type": "Polygon",
                "coordinates": [
                    [
                        -95.99263058200,
                        36.16301990000
                    ],
                    [
                        -95.99267131700,
                        36.16304698300
                    ],
                    [
                        -95.99269527900,
                        36.16309728100
                    ],
                    [
                        -95.99277195600,
                        36.16307213200
                    ],
                    [
                        -95.99273122100,
                        36.16298894700
                    ],
                    [
                        -95.99263058200,
                        36.16301990000
                    ]
                ]
            }
        },
        {
            "type": "Feature",
            "properties": {
                "PRIMARY": "UNKNOWN",
                "address": ["EASTON PL"],
                "STREET": "EASTON PL",
                "OBJECTID": "6303"
            },
            "geometry": {
                "type": "Polygon",
                "coordinates": [
                    [
                        -95.98857864000,
                        36.16322689500
                    ],
                    [
                        -95.98857864000,
                        36.16320948400
                    ],
                    [
                        -95.98851873600,
                        36.16320948400
                    ],
                    [
                        -95.98851873600,
                        36.16322689500
                    ],
                    [
                        -95.98857864000,
                        36.16322689500
                    ]
                ]
            }
        },
        {
            "type": "Feature",
            "properties": {
                "OBJECTID": "6609"
            },
            "geometry": {
                "type": "Polygon",
                "coordinates": [
                    [
                        -95.99100357500,
                        36.16194042100
                    ],
                    [
                        -95.99110900700,
                        36.16190559900
                    ],
                    [
                        -95.99107306400,
                        36.16183982400
                    ],
                    [
                        -95.99097002800,
                        36.16187464600
                    ],
                    [
                        -95.99100357500,
                        36.16194042100
                    ]
                ]
            }
        },
        {
            "type": "Feature",
            "properties": {
                "PRIMARY": "319",
                "address": ["319 HARTFORD AVE"],
                "STREET": "HARTFORD AVE",
                "OBJECTID": "6474",
                "buildings": [813]
            },
            "geometry": {
                "type": "Polygon",
                "coordinates": [
                    [
                        -95.98506823500,
                        36.16235441600
                    ],
                    [
                        -95.98511376300,
                        36.16237376200
                    ],
                    [
                        -95.98517606300,
                        36.16237376200
                    ],
                    [
                        -95.98517606300,
                        36.16230605300
                    ],
                    [
                        -95.98506823500,
                        36.16230605300
                    ],
                    [
                        -95.98506823500,
                        36.16235441600
                    ]
                ]
            }
        },
        {
            "type": "Feature",
            "properties": {
                "OBJECTID": "6825"
            },
            "geometry": {
                "type": "Polygon",
                "coordinates": [
                    [
                        -95.99297083900,
                        36.16120141500
                    ],
                    [
                        -95.99304991300,
                        36.16117626500
                    ],
                    [
                        -95.99301876300,
                        36.16111435900
                    ],
                    [
                        -95.99294208500,
                        36.16113757400
                    ],
                    [
                        -95.99297083900,
                        36.16120141500
                    ]
                ]
            }
        },
        {
            "type": "Feature",
            "properties": {
                "buildings": [38,1071],
                "STREET": "ELGIN AVE",
                "address": ["117 ELGIN AVE"],
                "OBJECTID": "7142",
                "PRIMARY": "117"
            },
            "geometry": {
                "type": "Polygon",
                "coordinates": [
                    [
                        -95.98848919000,
                        36.15975690800
                    ],
                    [
                        -95.98859781000,
                        36.15972208500
                    ],
                    [
                        -95.98856586800,
                        36.15966275100
                    ],
                    [
                        -95.98845883100,
                        36.15969500000
                    ],
                    [
                        -95.98848919000,
                        36.15975690800
                    ]
                ]
            }
        },
        {
            "type": "Feature",
            "properties": {
                "PRIMARY": "UNKNOWN",
                "address": ["EASTON ST"],
                "STREET": "EASTON ST",
                "OBJECTID": "6268"
            },
            "geometry": {
                "type": "Polygon",
                "coordinates": [
                    [
                        -95.98834381400,
                        36.16349579400
                    ],
                    [
                        -95.98834381400,
                        36.16343582400
                    ],
                    [
                        -95.98832464500,
                        36.16343582400
                    ],
                    [
                        -95.98832464500,
                        36.16349579400
                    ],
                    [
                        -95.98834381400,
                        36.16349579400
                    ]
                ]
            }
        },
        {
            "type": "Feature",
            "properties": {
                "buildings": [1019,1020],
                "PRIMARY": "UNKNOWN",
                "OBJECTID": "6560",
                "address": ["FRANKFORT AVE"],
                "STREET": "FRANKFORT AVE"
            },
            "geometry": {
                "type": "Polygon",
                "coordinates": [
                    [
                        -95.98814972400,
                        36.16206616800
                    ],
                    [
                        -95.98814972400,
                        36.16205069100
                    ],
                    [
                        -95.98812097000,
                        36.16205069100
                    ],
                    [
                        -95.98812097000,
                        36.16206616800
                    ],
                    [
                        -95.98814972400,
                        36.16206616800
                    ]
                ]
            }
        },
        {
            "type": "Feature",
            "properties": {
                "buildings": [555],
                "address": ["401 FRANKFORT AVE"],
                "OBJECTID": "6420",
                "STREET": "FRANKFORT AVE",
                "PRIMARY": "401"
            },
            "geometry": {
                "type": "Polygon",
                "coordinates": [
                    [
                        -95.98747400100,
                        36.16262912200
                    ],
                    [
                        -95.98749796300,
                        36.16264653300
                    ],
                    [
                        -95.98760099800,
                        36.16264653300
                    ],
                    [
                        -95.98760099800,
                        36.16258269300
                    ],
                    [
                        -95.98747400100,
                        36.16258269300
                    ],
                    [
                        -95.98747400100,
                        36.16262912200
                    ]
                ]
            }
        },
        {
            "type": "Feature",
            "properties": {
                "OBJECTID": "6763"
            },
            "geometry": {
                "type": "Polygon",
                "coordinates": [
                    [
                        -95.99073520300,
                        36.16141228400
                    ],
                    [
                        -95.99084303100,
                        36.16137552700
                    ],
                    [
                        -95.99080948400,
                        36.16131362000
                    ],
                    [
                        -95.99070165600,
                        36.16135037700
                    ],
                    [
                        -95.99073520300,
                        36.16141228400
                    ]
                ]
            }
        },
        {
            "type": "Feature",
            "properties": {
                "buildings": [764],
                "OBJECTID": "7064",
                "address": ["611 ARCHER ST"],
                "STREET": "ARCHER ST",
                "PRIMARY": "611"
            },
            "geometry": {
                "type": "Polygon",
                "coordinates": [
                    [
                        -95.98558981200,
                        36.16015416100
                    ],
                    [
                        -95.98563773500,
                        36.16013738800
                    ],
                    [
                        -95.98561377300,
                        36.16009095800
                    ],
                    [
                        -95.98565050700,
                        36.16007677700
                    ],
                    [
                        -95.98563133800,
                        36.16003938100
                    ],
                    [
                        -95.98554668000,
                        36.16007033400
                    ],
                    [
                        -95.98558981200,
                        36.16015416100
                    ]
                ]
            }
        },
        {
            "type": "Feature",
            "properties": {
                "OBJECTID": "5716"
            },
            "geometry": {
                "type": "Polygon",
                "coordinates": [
                    [
                        -95.98951633800,
                        36.15778357500
                    ],
                    [
                        -95.98961139400,
                        36.15774747400
                    ],
                    [
                        -95.98956826300,
                        36.15765975600
                    ],
                    [
                        -95.98946762300,
                        36.15769587600
                    ],
                    [
                        -95.98948279100,
                        36.15772553500
                    ],
                    [
                        -95.98935979500,
                        36.15776682000
                    ],
                    [
                        -95.98937417200,
                        36.15779518300
                    ],
                    [
                        -95.98949877300,
                        36.15775134300
                    ],
                    [
                        -95.98951633800,
                        36.15778357500
                    ]
                ]
            }
        },
        {
            "type": "Feature",
            "properties": {
                "OBJECTID": "6748"
            },
            "geometry": {
                "type": "Polygon",
                "coordinates": [
                    [
                        -95.98993967100,
                        36.16143936800
                    ],
                    [
                        -95.99009781900,
                        36.16139680700
                    ],
                    [
                        -95.99007385700,
                        36.16134457400
                    ],
                    [
                        -95.98991810500,
                        36.16138713400
                    ],
                    [
                        -95.98993967100,
                        36.16143936800
                    ]
                ]
            }
        },
        {
            "type": "Feature",
            "properties": {
                "OBJECTID": "7453"
            },
            "geometry": {
                "type": "Polygon",
                "coordinates": [
                    [
                        -95.98486456000,
                        36.15808087400
                    ],
                    [
                        -95.98488852200,
                        36.15803444200
                    ],
                    [
                        -95.98479027800,
                        36.15799961800
                    ],
                    [
                        -95.98476392000,
                        36.15804798500
                    ],
                    [
                        -95.98486456000,
                        36.15808087400
                    ]
                ]
            }
        },
        {
            "type": "Feature",
            "properties": {
                "STREET": "GREENWOOD AVE",
                "address": ["117 GREENWOOD AVE"],
                "PRIMARY": "117",
                "OBJECTID": "5569"
            },
            "geometry": {
                "type": "Polygon",
                "coordinates": [
                    [
                        -95.98597039700,
                        36.16044789200
                    ],
                    [
                        -95.98600514200,
                        36.16051463600
                    ],
                    [
                        -95.98623038300,
                        36.16042951300
                    ],
                    [
                        -95.98619444000,
                        36.16036663900
                    ],
                    [
                        -95.98597039700,
                        36.16044789200
                    ]
                ]
            }
        },
        {
            "type": "Feature",
            "properties": {
                "address": ["ELGIN AVE"],
                "STREET": "ELGIN AVE",
                "PRIMARY": "UNKNOWN",
                "OBJECTID": "6214"
            },
            "geometry": {
                "type": "Polygon",
                "coordinates": [
                    [
                        -95.99038536000,
                        36.16384594200
                    ],
                    [
                        -95.99047401900,
                        36.16381305500
                    ],
                    [
                        -95.99044766100,
                        36.16376469200
                    ],
                    [
                        -95.99035900200,
                        36.16379757900
                    ],
                    [
                        -95.99038536000,
                        36.16384594200
                    ]
                ]
            }
        },
        {
            "type": "Feature",
            "properties": {
                "PRIMARY": "UNKNOWN",
                "address": ["HARTFORD AVE"],
                "STREET": "HARTFORD AVE",
                "buildings": [287,1047,1048,1099,1100],
                "OBJECTID": "6961"
            },
            "geometry": {
                "type": "Polygon",
                "coordinates": [
                    [
                        -95.98531264600,
                        36.16069261800
                    ],
                    [
                        -95.98537255000,
                        36.16067327200
                    ],
                    [
                        -95.98535937100,
                        36.16064522100
                    ],
                    [
                        -95.98529707000,
                        36.16066553400
                    ],
                    [
                        -95.98531264600,
                        36.16069261800
                    ]
                ]
            }
        },
        {
            "type": "Feature",
            "properties": {
                "buildings": [21],
                "PRIMARY": "318",
                "address": ["318 ARCHER ST"],
                "OBJECTID": "7334",
                "STREET": "ARCHER ST"
            },
            "geometry": {
                "type": "Polygon",
                "coordinates": [
                    [
                        -95.98867688300,
                        36.15876283800
                    ],
                    [
                        -95.98865651600,
                        36.15872124300
                    ],
                    [
                        -95.98861817700,
                        36.15873478600
                    ],
                    [
                        -95.98863974300,
                        36.15877444600
                    ],
                    [
                        -95.98867688300,
                        36.15876283800
                    ]
                ]
            }
        },
        {
            "type": "Feature",
            "properties": {
                "PRIMARY": "307",
                "buildings": [59],
                "address": ["307 ARCHER ST"],
                "STREET": "ARCHER ST",
                "OBJECTID": "5611"
            },
            "geometry": {
                "type": "Polygon",
                "coordinates": [
                    [
                        -95.98931745500,
                        36.15888118000
                    ],
                    [
                        -95.98935819000,
                        36.15886504500
                    ],
                    [
                        -95.98934781400,
                        36.15884055200
                    ],
                    [
                        -95.98937577700,
                        36.15883151800
                    ],
                    [
                        -95.98935660800,
                        36.15879475900
                    ],
                    [
                        -95.98933743800,
                        36.15880120200
                    ],
                    [
                        -95.98933104100,
                        36.15878831700
                    ],
                    [
                        -95.98929270200,
                        36.15880120200
                    ],
                    [
                        -95.98929910000,
                        36.15881540200
                    ],
                    [
                        -95.98928390800,
                        36.15882054800
                    ],
                    [
                        -95.98931745500,
                        36.15888118000
                    ]
                ]
            }
        },
        {
            "type": "Feature",
            "properties": {
                "OBJECTID": "6678",
                "PRIMARY": "307",
                "STREET": "GREENWOOD AVE",
                "buildings": [725],
                "address": ["307 GREENWOOD AVE"]
            },
            "geometry": {
                "type": "Polygon",
                "coordinates": [
                    [
                        -95.98638134200,
                        36.16167732000
                    ],
                    [
                        -95.98638134200,
                        36.16163669400
                    ],
                    [
                        -95.98629747600,
                        36.16163669400
                    ],
                    [
                        -95.98629747600,
                        36.16167732000
                    ],
                    [
                        -95.98638134200,
                        36.16167732000
                    ]
                ]
            }
        },
        {
            "type": "Feature",
            "properties": {
                "OBJECTID": "622"
            },
            "geometry": {
                "type": "Polygon",
                "coordinates": [
                    [
                        -95.98241230300,
                        36.15941145400
                    ],
                    [
                        -95.98239773800,
                        36.15934677600
                    ],
                    [
                        -95.98236860800,
                        36.15935265600
                    ],
                    [
                        -95.98238317300,
                        36.15941733400
                    ],
                    [
                        -95.98241230300,
                        36.15941145400
                    ]
                ]
            }
        },
        {
            "type": "Feature",
            "properties": {
                "OBJECTID": "7724"
            },
            "geometry": {
                "type": "Polygon",
                "coordinates": [
                    [
                        -95.98796761400,
                        36.15631257700
                    ],
                    [
                        -95.98821921300,
                        36.15622164600
                    ],
                    [
                        -95.98818087400,
                        36.15615199700
                    ],
                    [
                        -95.98792927500,
                        36.15624486200
                    ],
                    [
                        -95.98796761400,
                        36.15631257700
                    ]
                ]
            }
        },
        {
            "type": "Feature",
            "properties": {
                "buildings": [570],
                "PRIMARY": "516",
                "OBJECTID": "6181",
                "address": ["516 FRANKFORT AVE"],
                "STREET": "FRANKFORT AVE"
            },
            "geometry": {
                "type": "Polygon",
                "coordinates": [
                    [
                        -95.98801074500,
                        36.16409549400
                    ],
                    [
                        -95.98802033000,
                        36.16397942300
                    ],
                    [
                        -95.98792687900,
                        36.16397362000
                    ],
                    [
                        -95.98791729400,
                        36.16409162500
                    ],
                    [
                        -95.98801074500,
                        36.16409549400
                    ]
                ]
            }
        },
        {
            "type": "Feature",
            "properties": {
                "OBJECTID": "6898"
            },
            "geometry": {
                "type": "Polygon",
                "coordinates": [
                    [
                        -95.98727991000,
                        36.16089962000
                    ],
                    [
                        -95.98727272200,
                        36.16088801200
                    ],
                    [
                        -95.98721042100,
                        36.16091122700
                    ],
                    [
                        -95.98721760900,
                        36.16092090000
                    ],
                    [
                        -95.98727991000,
                        36.16089962000
                    ]
                ]
            }
        },
        {
            "type": "Feature",
            "properties": {
                "address": ["ELGIN AVE"],
                "OBJECTID": "7206",
                "STREET": "ELGIN AVE",
                "PRIMARY": "UNKNOWN"
            },
            "geometry": {
                "type": "Polygon",
                "coordinates": [
                    [
                        -95.98909262100,
                        36.15942738400
                    ],
                    [
                        -95.98908303600,
                        36.15940513600
                    ],
                    [
                        -95.98905907400,
                        36.15941190700
                    ],
                    [
                        -95.98906865900,
                        36.15943512300
                    ],
                    [
                        -95.98909262100,
                        36.15942738400
                    ]
                ]
            }
        },
        {
            "type": "Feature",
            "properties": {
                "OBJECTID": "6167"
            },
            "geometry": {
                "type": "Polygon",
                "coordinates": [
                    [
                        -95.99232147400,
                        36.16417287400
                    ],
                    [
                        -95.99235262500,
                        36.16416320200
                    ],
                    [
                        -95.99234064400,
                        36.16413998800
                    ],
                    [
                        -95.99230709700,
                        36.16414966000
                    ],
                    [
                        -95.99232147400,
                        36.16417287400
                    ]
                ]
            }
        },
        {
            "type": "Feature",
            "properties": {
                "PRIMARY": "408",
                "address": ["408 GREENWOOD AVE"],
                "STREET": "GREENWOOD AVE",
                "OBJECTID": "6395",
                "buildings": [603]
            },
            "geometry": {
                "type": "Polygon",
                "coordinates": [
                    [
                        -95.98671680800,
                        36.16277808200
                    ],
                    [
                        -95.98682463600,
                        36.16277808200
                    ],
                    [
                        -95.98682463600,
                        36.16272198000
                    ],
                    [
                        -95.98671680800,
                        36.16272198000
                    ],
                    [
                        -95.98671680800,
                        36.16277808200
                    ]
                ]
            }
        },
        {
            "type": "Feature",
            "properties": {
                "OBJECTID": "6284"
            },
            "geometry": {
                "type": "Polygon",
                "coordinates": [
                    [
                        -95.99147322600,
                        36.16335844300
                    ],
                    [
                        -95.99154032000,
                        36.16333329400
                    ],
                    [
                        -95.99150916900,
                        36.16327912700
                    ],
                    [
                        -95.99144207600,
                        36.16330234100
                    ],
                    [
                        -95.99147322600,
                        36.16335844300
                    ]
                ]
            }
        },
        {
            "type": "Feature",
            "properties": {
                "OBJECTID": "6591"
            },
            "geometry": {
                "type": "Polygon",
                "coordinates": [
                    [
                        -95.99051475400,
                        36.16199458900
                    ],
                    [
                        -95.99060101700,
                        36.16196363600
                    ],
                    [
                        -95.99056986600,
                        36.16190753400
                    ],
                    [
                        -95.99048360400,
                        36.16193848700
                    ],
                    [
                        -95.99051475400,
                        36.16199458900
                    ]
                ]
            }
        },
        {
            "type": "Feature",
            "properties": {
                "OBJECTID": "6131"
            },
            "geometry": {
                "type": "Polygon",
                "coordinates": [
                    [
                        -95.99043807600,
                        36.16467391000
                    ],
                    [
                        -95.99041651100,
                        36.16467197600
                    ],
                    [
                        -95.99041171800,
                        36.16472807600
                    ],
                    [
                        -95.99043328400,
                        36.16473001100
                    ],
                    [
                        -95.99043807600,
                        36.16467391000
                    ]
                ]
            }
        },
        {
            "type": "Feature",
            "properties": {
                "STREET": "ELGIN AVE",
                "PRIMARY": "505",
                "address": ["505 ELGIN AVE"],
                "buildings": [500],
                "OBJECTID": "6342"
            },
            "geometry": {
                "type": "Polygon",
                "coordinates": [
                    [
                        -95.99026555100,
                        36.16308180500
                    ],
                    [
                        -95.99038056800,
                        36.16304504800
                    ],
                    [
                        -95.99034702100,
                        36.16297927400
                    ],
                    [
                        -95.99023440100,
                        36.16301603000
                    ],
                    [
                        -95.99026555100,
                        36.16308180500
                    ]
                ]
            }
        },
        {
            "type": "Feature",
            "properties": {
                "OBJECTID": "6250"
            },
            "geometry": {
                "type": "Polygon",
                "coordinates": [
                    [
                        -95.99104191400,
                        36.16356930600
                    ],
                    [
                        -95.99116411900,
                        36.16352674600
                    ],
                    [
                        -95.99113776100,
                        36.16348031800
                    ],
                    [
                        -95.99101795200,
                        36.16352094300
                    ],
                    [
                        -95.99104191400,
                        36.16356930600
                    ]
                ]
            }
        },
        {
            "type": "Feature",
            "properties": {
                "PRIMARY": "UNKNOWN",
                "OBJECTID": "6527",
                "address": ["HARTFORD AVE"],
                "STREET": "HARTFORD AVE",
                "buildings": [287,1047,1048,1099,1100]
            },
            "geometry": {
                "type": "Polygon",
                "coordinates": [
                    [
                        -95.98494123800,
                        36.16218804500
                    ],
                    [
                        -95.98498916100,
                        36.16218417600
                    ],
                    [
                        -95.98498676500,
                        36.16216289500
                    ],
                    [
                        -95.98493884100,
                        36.16216676500
                    ],
                    [
                        -95.98494123800,
                        36.16218804500
                    ]
                ]
            }
        },
        {
            "type": "Feature",
            "properties": {
                "OBJECTID": "570"
            },
            "geometry": {
                "type": "Polygon",
                "coordinates": [
                    [
                        -95.98148741500,
                        36.15969956400
                    ],
                    [
                        -95.98146556700,
                        36.15965252500
                    ],
                    [
                        -95.98143643700,
                        36.15966428500
                    ],
                    [
                        -95.98145828500,
                        36.15971132300
                    ],
                    [
                        -95.98148741500,
                        36.15969956400
                    ]
                ]
            }
        },
        {
            "type": "Feature",
            "properties": {
                "OBJECTID": "6485"
            },
            "geometry": {
                "type": "Polygon",
                "coordinates": [
                    [
                        -95.99039734100,
                        36.16233507100
                    ],
                    [
                        -95.99054111200,
                        36.16228670700
                    ],
                    [
                        -95.99050996200,
                        36.16222867000
                    ],
                    [
                        -95.99036858700,
                        36.16227703400
                    ],
                    [
                        -95.99039734100,
                        36.16233507100
                    ]
                ]
            }
        },
        {
            "type": "Feature",
            "properties": {
                "OBJECTID": "6863"
            },
            "geometry": {
                "type": "Polygon",
                "coordinates": [
                    [
                        -95.99036379500,
                        36.16106212500
                    ],
                    [
                        -95.99036619100,
                        36.16104084400
                    ],
                    [
                        -95.99025596700,
                        36.16103117100
                    ],
                    [
                        -95.99025357000,
                        36.16105245200
                    ],
                    [
                        -95.99036379500,
                        36.16106212500
                    ]
                ]
            }
        },
        {
            "type": "Feature",
            "properties": {
                "PRIMARY": "UNKNOWN",
                "address": ["HARTFORD AVE"],
                "STREET": "HARTFORD AVE",
                "buildings": [287,1047,1048,1099,1100],
                "OBJECTID": "7169"
            },
            "geometry": {
                "type": "Polygon",
                "coordinates": [
                    [
                        -95.98491087800,
                        36.15960536900
                    ],
                    [
                        -95.98500593400,
                        36.15959053100
                    ],
                    [
                        -95.98499874600,
                        36.15955247700
                    ],
                    [
                        -95.98490210800,
                        36.15956538100
                    ],
                    [
                        -95.98491087800,
                        36.15960536900
                    ]
                ]
            }
        },
        {
            "type": "Feature",
            "properties": {
                "buildings": [17],
                "PRIMARY": "312",
                "OBJECTID": "5706",
                "STREET": "ARCHER ST",
                "address": ["312 ARCHER ST"]
            },
            "geometry": {
                "type": "Polygon",
                "coordinates": [
                    [
                        -95.98890133400,
                        36.15868512300
                    ],
                    [
                        -95.98893327500,
                        36.15867351600
                    ],
                    [
                        -95.98889333100,
                        36.15860259100
                    ],
                    [
                        -95.98886457600,
                        36.15861096800
                    ],
                    [
                        -95.98890133400,
                        36.15868512300
                    ]
                ]
            }
        },
        {
            "type": "Feature",
            "properties": {
                "STREET": "ELGIN AVE",
                "PRIMARY": "317",
                "buildings": [950],
                "OBJECTID": "6708",
                "address": ["317 ELGIN AVE"]
            },
            "geometry": {
                "type": "Polygon",
                "coordinates": [
                    [
                        -95.98942449200,
                        36.16156124600
                    ],
                    [
                        -95.98956347000,
                        36.16151094700
                    ],
                    [
                        -95.98953471600,
                        36.16145677900
                    ],
                    [
                        -95.98939573800,
                        36.16150514300
                    ],
                    [
                        -95.98942449200,
                        36.16156124600
                    ]
                ]
            }
        },
        {
            "type": "Feature",
            "properties": {
                "STREET": "GREENWOOD AVE",
                "address": ["404 GREENWOOD AVE"],
                "buildings": [605],
                "PRIMARY": "404",
                "OBJECTID": "6423"
            },
            "geometry": {
                "type": "Polygon",
                "coordinates": [
                    [
                        -95.98687735200,
                        36.16261751500
                    ],
                    [
                        -95.98687735200,
                        36.16259236600
                    ],
                    [
                        -95.98675514600,
                        36.16259043100
                    ],
                    [
                        -95.98675514600,
                        36.16261558000
                    ],
                    [
                        -95.98687735200,
                        36.16261751500
                    ]
                ]
            }
        },
        {
            "type": "Feature",
            "properties": {
                "buildings": [673],
                "address": ["302 GREENWOOD AVE"],
                "STREET": "GREENWOOD AVE",
                "PRIMARY": "302",
                "OBJECTID": "6798"
            },
            "geometry": {
                "type": "Polygon",
                "coordinates": [
                    [
                        -95.98674795800,
                        36.16130394700
                    ],
                    [
                        -95.98699476500,
                        36.16130394700
                    ],
                    [
                        -95.98699476500,
                        36.16121689100
                    ],
                    [
                        -95.98674795800,
                        36.16121689100
                    ],
                    [
                        -95.98674795800,
                        36.16130394700
                    ]
                ]
            }
        },
        {
            "type": "Feature",
            "properties": {
                "OBJECTID": "7123"
            },
            "geometry": {
                "type": "Polygon",
                "coordinates": [
                    [
                        -95.98688454000,
                        36.15980850400
                    ],
                    [
                        -95.98688214400,
                        36.15980657000
                    ],
                    [
                        -95.98687735200,
                        36.15981043900
                    ],
                    [
                        -95.98687974800,
                        36.15981237400
                    ],
                    [
                        -95.98688454000,
                        36.15980850400
                    ]
                ]
            }
        },
        {
            "type": "Feature",
            "properties": {
                "buildings": [1133,1134],
                "PRIMARY": "UNKNOWN",
                "STREET": "ARCHER ST",
                "address": ["ARCHER ST"],
                "OBJECTID": "5601"
            },
            "geometry": {
                "type": "Polygon",
                "coordinates": [
                    [
                        -95.98671800600,
                        36.15967695000
                    ],
                    [
                        -95.98673118500,
                        36.15970500200
                    ],
                    [
                        -95.98677311800,
                        36.15971951200
                    ],
                    [
                        -95.98678270300,
                        36.15971564300
                    ],
                    [
                        -95.98675035400,
                        36.15966244100
                    ],
                    [
                        -95.98671800600,
                        36.15967695000
                    ]
                ]
            }
        },
        {
            "type": "Feature",
            "properties": {
                "OBJECTID": "6631"
            },
            "geometry": {
                "type": "Polygon",
                "coordinates": [
                    [
                        -95.99159782800,
                        36.16184949700
                    ],
                    [
                        -95.99174159900,
                        36.16179919800
                    ],
                    [
                        -95.99170326000,
                        36.16173342300
                    ],
                    [
                        -95.99156188500,
                        36.16178372100
                    ],
                    [
                        -95.99159782800,
                        36.16184949700
                    ]
                ]
            }
        },
        {
            "type": "Feature",
            "properties": {
                "OBJECTID": "7472"
            },
            "geometry": {
                "type": "Polygon",
                "coordinates": [
                    [
                        -95.98542047400,
                        36.15799768400
                    ],
                    [
                        -95.98556664100,
                        36.15794351300
                    ],
                    [
                        -95.98545402000,
                        36.15774424300
                    ],
                    [
                        -95.98530785300,
                        36.15779841300
                    ],
                    [
                        -95.98542047400,
                        36.15799768400
                    ]
                ]
            }
        },
        {
            "type": "Feature",
            "properties": {
                "PRIMARY": "121 Rear",
                "address": ["121 Rear GREENWOOD AVE"],
                "OBJECTID": "5572",
                "STREET": "GREENWOOD AVE"
            },
            "geometry": {
                "type": "Polygon",
                "coordinates": [
                    [
                        -95.98595122800,
                        36.16062684200
                    ],
                    [
                        -95.98594523700,
                        36.16061523500
                    ],
                    [
                        -95.98588413500,
                        36.16063748200
                    ],
                    [
                        -95.98591049300,
                        36.16068681500
                    ],
                    [
                        -95.98597399200,
                        36.16066650100
                    ],
                    [
                        -95.98596919900,
                        36.16065876300
                    ],
                    [
                        -95.98598597200,
                        36.16065489400
                    ],
                    [
                        -95.98596680300,
                        36.16062007100
                    ],
                    [
                        -95.98595122800,
                        36.16062684200
                    ]
                ]
            }
        },
        {
            "type": "Feature",
            "properties": {
                "PRIMARY": "510",
                "OBJECTID": "6232",
                "address": ["510"]
            },
            "geometry": {
                "type": "Polygon",
                "coordinates": [
                    [
                        -95.98673358100,
                        36.16373180500
                    ],
                    [
                        -95.98682703200,
                        36.16373180500
                    ],
                    [
                        -95.98682703200,
                        36.16366796600
                    ],
                    [
                        -95.98673358100,
                        36.16366796600
                    ],
                    [
                        -95.98673358100,
                        36.16373180500
                    ]
                ]
            }
        },
        {
            "type": "Feature",
            "properties": {
                "PRIMARY": "UNKNOWN",
                "address": ["HARTFORD AVE"],
                "STREET": "HARTFORD AVE",
                "buildings": [287,1047,1048,1099,1100],
                "OBJECTID": "7013"
            },
            "geometry": {
                "type": "Polygon",
                "coordinates": [
                    [
                        -95.98489930400,
                        36.16039952700
                    ],
                    [
                        -95.98488013500,
                        36.16036567100
                    ],
                    [
                        -95.98484658800,
                        36.16037824600
                    ],
                    [
                        -95.98486456000,
                        36.16041113500
                    ],
                    [
                        -95.98489930400,
                        36.16039952700
                    ]
                ]
            }
        },
        {
            "type": "Feature",
            "properties": {
                "OBJECTID": "7416"
            },
            "geometry": {
                "type": "Polygon",
                "coordinates": [
                    [
                        -95.98968327900,
                        36.15826273200
                    ],
                    [
                        -95.98978391900,
                        36.15822790800
                    ],
                    [
                        -95.98975516500,
                        36.15817567200
                    ],
                    [
                        -95.98965692100,
                        36.15821049600
                    ],
                    [
                        -95.98968327900,
                        36.15826273200
                    ]
                ]
            }
        },
        {
            "type": "Feature",
            "properties": {
                "POI": "Booker T. Washington HS",
                "OBJECTID": "6145"
            },
            "geometry": {
                "type": "Polygon",
                "coordinates": [
                    [
                        -95.98906266900,
                        36.16444563900
                    ],
                    [
                        -95.98931666400,
                        36.16444563900
                    ],
                    [
                        -95.98934062600,
                        36.16444563900
                    ],
                    [
                        -95.98956826300,
                        36.16444563900
                    ],
                    [
                        -95.98956826300,
                        36.16437019400
                    ],
                    [
                        -95.98906266900,
                        36.16437019400
                    ],
                    [
                        -95.98906266900,
                        36.16444563900
                    ]
                ]
            }
        },
        {
            "type": "Feature",
            "properties": {
                "STREET": "GREENWOOD AVE",
                "OBJECTID": "6365",
                "address": ["413 GREENWOOD AVE"],
                "buildings": [739],
                "PRIMARY": "413"
            },
            "geometry": {
                "type": "Polygon",
                "coordinates": [
                    [
                        -95.98628070300,
                        36.16296573200
                    ],
                    [
                        -95.98639332300,
                        36.16296573200
                    ],
                    [
                        -95.98639332300,
                        36.16291736900
                    ],
                    [
                        -95.98628070300,
                        36.16291736900
                    ],
                    [
                        -95.98628070300,
                        36.16296573200
                    ]
                ]
            }
        },
        {
            "type": "Feature",
            "properties": {
                "OBJECTID": "5517"
            },
            "geometry": {
                "type": "Polygon",
                "coordinates": [
                    [
                        -95.99109062800,
                        36.16226800000
                    ],
                    [
                        -95.99117291300,
                        36.16224027800
                    ],
                    [
                        -95.99117770500,
                        36.16224801600
                    ],
                    [
                        -95.99122721100,
                        36.16223253900
                    ],
                    [
                        -95.99123281700,
                        36.16224027800
                    ],
                    [
                        -95.99125917500,
                        36.16223060500
                    ],
                    [
                        -95.99125117300,
                        36.16221835900
                    ],
                    [
                        -95.99127115600,
                        36.16220802900
                    ],
                    [
                        -95.99124000600,
                        36.16214935400
                    ],
                    [
                        -95.99121683500,
                        36.16215838800
                    ],
                    [
                        -95.99121523000,
                        36.16215128800
                    ],
                    [
                        -95.99105468600,
                        36.16220675200
                    ],
                    [
                        -95.99109062800,
                        36.16226800000
                    ]
                ]
            }
        },
        {
            "type": "Feature",
            "properties": {
                "PRIMARY": "UNKNOWN",
                "STREET": "EXETER PL",
                "address": ["EXETER PL"],
                "OBJECTID": "6201"
            },
            "geometry": {
                "type": "Polygon",
                "coordinates": [
                    [
                        -95.98865292200,
                        36.16395234000
                    ],
                    [
                        -95.98879908900,
                        36.16395234000
                    ],
                    [
                        -95.98879908900,
                        36.16391558400
                    ],
                    [
                        -95.98865292200,
                        36.16391558400
                    ],
                    [
                        -95.98865292200,
                        36.16395234000
                    ]
                ]
            }
        },
        {
            "type": "Feature",
            "properties": {
                "PRIMARY": "UNKNOWN",
                "address": ["HARTFORD AVE"],
                "OBJECTID": "6926",
                "STREET": "HARTFORD AVE",
                "buildings": [287,1047,1048,1099,1100]
            },
            "geometry": {
                "type": "Polygon",
                "coordinates": [
                    [
                        -95.98505306700,
                        36.16081062800
                    ],
                    [
                        -95.98511057600,
                        36.16079515200
                    ],
                    [
                        -95.98509459300,
                        36.16076549400
                    ],
                    [
                        -95.98504187700,
                        36.16078613600
                    ],
                    [
                        -95.98505306700,
                        36.16081062800
                    ]
                ]
            }
        },
        {
            "type": "Feature",
            "properties": {
                "buildings": [25],
                "address": ["414 ARCHER ST"],
                "OBJECTID": "7277",
                "STREET": "ARCHER ST",
                "PRIMARY": "414"
            },
            "geometry": {
                "type": "Polygon",
                "coordinates": [
                    [
                        -95.98767528000,
                        36.15909366100
                    ],
                    [
                        -95.98773997700,
                        36.15907044500
                    ],
                    [
                        -95.98766809100,
                        36.15893405300
                    ],
                    [
                        -95.98760339400,
                        36.15895533400
                    ],
                    [
                        -95.98767528000,
                        36.15909366100
                    ]
                ]
            }
        },
        {
            "type": "Feature",
            "properties": {
                "OBJECTID": "5782"
            },
            "geometry": {
                "type": "Polygon",
                "coordinates": [
                    [
                        -95.98721641100,
                        36.15712563100
                    ],
                    [
                        -95.98713913400,
                        36.15715320000
                    ],
                    [
                        -95.98706066000,
                        36.15718028600
                    ],
                    [
                        -95.98719424700,
                        36.15743227700
                    ],
                    [
                        -95.98734999800,
                        36.15737665500
                    ],
                    [
                        -95.98721641100,
                        36.15712563100
                    ]
                ]
            }
        },
        {
            "type": "Feature",
            "properties": {
                "OBJECTID": "6318"
            },
            "geometry": {
                "type": "Polygon",
                "coordinates": [
                    [
                        -95.99229272000,
                        36.16318626900
                    ],
                    [
                        -95.99235741700,
                        36.16316499000
                    ],
                    [
                        -95.99229032400,
                        36.16303537600
                    ],
                    [
                        -95.99222562700,
                        36.16305665600
                    ],
                    [
                        -95.99229272000,
                        36.16318626900
                    ]
                ]
            }
        },
        {
            "type": "Feature",
            "properties": {
                "PRIMARY": "UNKNOWN",
                "OBJECTID": "6308",
                "buildings": [1092,1093],
                "address": ["FRANKFORT AVE"],
                "STREET": "FRANKFORT AVE"
            },
            "geometry": {
                "type": "Polygon",
                "coordinates": [
                    [
                        -95.98722240200,
                        36.16322689500
                    ],
                    [
                        -95.98722240200,
                        36.16319981100
                    ],
                    [
                        -95.98721042100,
                        36.16319981100
                    ],
                    [
                        -95.98721042100,
                        36.16322689500
                    ],
                    [
                        -95.98722240200,
                        36.16322689500
                    ]
                ]
            }
        },
        {
            "type": "Feature",
            "properties": {
                "PRIMARY": "UNKNOWN",
                "STREET": "EXETER PL",
                "address": ["EXETER PL"],
                "OBJECTID": "6599"
            },
            "geometry": {
                "type": "Polygon",
                "coordinates": [
                    [
                        -95.98916810100,
                        36.16196363600
                    ],
                    [
                        -95.98924477800,
                        36.16193461700
                    ],
                    [
                        -95.98920883600,
                        36.16187271100
                    ],
                    [
                        -95.98913215800,
                        36.16190173000
                    ],
                    [
                        -95.98916810100,
                        36.16196363600
                    ]
                ]
            }
        },
        {
            "type": "Feature",
            "properties": {
                "POI": "Tulsa Brick Plant",
                "OBJECTID": "6134"
            },
            "geometry": {
                "type": "Polygon",
                "coordinates": [
                    [
                        -95.98809940400,
                        36.16463715500
                    ],
                    [
                        -95.98812097000,
                        36.16452688800
                    ],
                    [
                        -95.98750275500,
                        36.16444950800
                    ],
                    [
                        -95.98746441600,
                        36.16465263100
                    ],
                    [
                        -95.98786457800,
                        36.16470486200
                    ],
                    [
                        -95.98789333200,
                        36.16468938600
                    ],
                    [
                        -95.98791010600,
                        36.16461200600
                    ],
                    [
                        -95.98809940400,
                        36.16463715500
                    ]
                ]
            }
        },
        {
            "type": "Feature",
            "properties": {
                "STREET": "GREENWOOD AVE",
                "buildings": [732],
                "PRIMARY": "321",
                "OBJECTID": "6453",
                "address": ["321 GREENWOOD AVE"]
            },
            "geometry": {
                "type": "Polygon",
                "coordinates": [
                    [
                        -95.98629987200,
                        36.16246662000
                    ],
                    [
                        -95.98641249300,
                        36.16246662000
                    ],
                    [
                        -95.98641249300,
                        36.16243373300
                    ],
                    [
                        -95.98629987200,
                        36.16243373300
                    ],
                    [
                        -95.98629987200,
                        36.16246662000
                    ]
                ]
            }
        },
        {
            "type": "Feature",
            "properties": {
                "OBJECTID": "6827"
            },
            "geometry": {
                "type": "Polygon",
                "coordinates": [
                    [
                        -95.99010980000,
                        36.16119174200
                    ],
                    [
                        -95.99020804300,
                        36.16115885400
                    ],
                    [
                        -95.99019127000,
                        36.16112596600
                    ],
                    [
                        -95.99009302600,
                        36.16115885400
                    ],
                    [
                        -95.99010980000,
                        36.16119174200
                    ]
                ]
            }
        },
        {
            "type": "Feature",
            "properties": {
                "buildings": [36],
                "OBJECTID": "7151",
                "PRIMARY": "503",
                "STREET": "ARCHER ST",
                "address": ["503 ARCHER ST"]
            },
            "geometry": {
                "type": "Polygon",
                "coordinates": [
                    [
                        -95.98696002000,
                        36.15969146000
                    ],
                    [
                        -95.98703190500,
                        36.15966631000
                    ],
                    [
                        -95.98700075500,
                        36.15960536900
                    ],
                    [
                        -95.98692887000,
                        36.15962955200
                    ],
                    [
                        -95.98696002000,
                        36.15969146000
                    ]
                ]
            }
        },
        {
            "type": "Feature",
            "properties": {
                "PRIMARY": "UNKNOWN",
                "address": ["EASTON ST"],
                "STREET": "EASTON ST",
                "OBJECTID": "6269"
            },
            "geometry": {
                "type": "Polygon",
                "coordinates": [
                    [
                        -95.98822879800,
                        36.16348612100
                    ],
                    [
                        -95.98827911700,
                        36.16348612100
                    ],
                    [
                        -95.98827911700,
                        36.16343775800
                    ],
                    [
                        -95.98822879800,
                        36.16343775800
                    ],
                    [
                        -95.98822879800,
                        36.16348612100
                    ]
                ]
            }
        },
        {
            "type": "Feature",
            "properties": {
                "buildings": [582],
                "PRIMARY": "318",
                "OBJECTID": "6539",
                "address": ["318 FRANKFORT AVE"],
                "STREET": "FRANKFORT AVE"
            },
            "geometry": {
                "type": "Polygon",
                "coordinates": [
                    [
                        -95.98792927500,
                        36.16214548400
                    ],
                    [
                        -95.98804189600,
                        36.16214548400
                    ],
                    [
                        -95.98804189600,
                        36.16209325100
                    ],
                    [
                        -95.98792927500,
                        36.16209325100
                    ],
                    [
                        -95.98792927500,
                        36.16214548400
                    ]
                ]
            }
        },
        {
            "type": "Feature",
            "properties": {
                "OBJECTID": "579"
            },
            "geometry": {
                "type": "Polygon",
                "coordinates": [
                    [
                        -95.98209187000,
                        36.15956432900
                    ],
                    [
                        -95.98206273900,
                        36.15947025200
                    ],
                    [
                        -95.98204817400,
                        36.15947613200
                    ],
                    [
                        -95.98207730400,
                        36.15957020800
                    ],
                    [
                        -95.98209187000,
                        36.15956432900
                    ]
                ]
            }
        },
        {
            "type": "Feature",
            "properties": {
                "PRIMARY": "406",
                "OBJECTID": "6409",
                "STREET": "GREENWOOD AVE",
                "buildings": [604],
                "address": ["406 GREENWOOD AVE"]
            },
            "geometry": {
                "type": "Polygon",
                "coordinates": [
                    [
                        -95.98689172900,
                        36.16269876600
                    ],
                    [
                        -95.98689412500,
                        36.16265040200
                    ],
                    [
                        -95.98670003400,
                        36.16264653300
                    ],
                    [
                        -95.98669763800,
                        36.16269489700
                    ],
                    [
                        -95.98689172900,
                        36.16269876600
                    ]
                ]
            }
        },
        {
            "type": "Feature",
            "properties": {
                "OBJECTID": "6772"
            },
            "geometry": {
                "type": "Polygon",
                "coordinates": [
                    [
                        -95.98983903100,
                        36.16138520000
                    ],
                    [
                        -95.98988216200,
                        36.16136972300
                    ],
                    [
                        -95.98987018200,
                        36.16135037700
                    ],
                    [
                        -95.98982944600,
                        36.16136585400
                    ],
                    [
                        -95.98983903100,
                        36.16138520000
                    ]
                ]
            }
        },
        {
            "type": "Feature",
            "properties": {
                "PRIMARY": "UNKNOWN",
                "address": ["GREENWOOD AVE"],
                "OBJECTID": "7065",
                "STREET": "GREENWOOD AVE",
                "buildings": [1057,1058]
            },
            "geometry": {
                "type": "Polygon",
                "coordinates": [
                    [
                        -95.98683182400,
                        36.16014899600
                    ],
                    [
                        -95.98687735200,
                        36.16013448600
                    ],
                    [
                        -95.98685339000,
                        36.16008128500
                    ],
                    [
                        -95.98680546600,
                        36.16009676100
                    ],
                    [
                        -95.98683182400,
                        36.16014899600
                    ]
                ]
            }
        },
        {
            "type": "Feature",
            "properties": {
                "OBJECTID": "5721"
            },
            "geometry": {
                "type": "Polygon",
                "coordinates": [
                    [
                        -95.98972562000,
                        36.15763654000
                    ],
                    [
                        -95.98966171400,
                        36.15765975600
                    ],
                    [
                        -95.98970324000,
                        36.15773327300
                    ],
                    [
                        -95.98976554000,
                        36.15771199200
                    ],
                    [
                        -95.98972562000,
                        36.15763654000
                    ]
                ]
            }
        },
        {
            "type": "Feature",
            "properties": {
                "OBJECTID": "6719"
            },
            "geometry": {
                "type": "Polygon",
                "coordinates": [
                    [
                        -95.99142769900,
                        36.16152642400
                    ],
                    [
                        -95.99157386600,
                        36.16147612500
                    ],
                    [
                        -95.99155230000,
                        36.16143549900
                    ],
                    [
                        -95.99140613300,
                        36.16148579800
                    ],
                    [
                        -95.99142769900,
                        36.16152642400
                    ]
                ]
            }
        },
        {
            "type": "Feature",
            "properties": {
                "address": ["511 FRANKFORT AVE"],
                "OBJECTID": "6219",
                "buildings": [564],
                "STREET": "FRANKFORT AVE",
                "PRIMARY": "511"
            },
            "geometry": {
                "type": "Polygon",
                "coordinates": [
                    [
                        -95.98764892200,
                        36.16381885900
                    ],
                    [
                        -95.98764892200,
                        36.16378597200
                    ],
                    [
                        -95.98752671700,
                        36.16378210300
                    ],
                    [
                        -95.98752671700,
                        36.16381499000
                    ],
                    [
                        -95.98764892200,
                        36.16381885900
                    ]
                ]
            }
        },
        {
            "type": "Feature",
            "properties": {
                "buildings": [1019,1020],
                "PRIMARY": "UNKNOWN",
                "OBJECTID": "6937",
                "address": ["FRANKFORT AVE"],
                "STREET": "FRANKFORT AVE"
            },
            "geometry": {
                "type": "Polygon",
                "coordinates": [
                    [
                        -95.98834621100,
                        36.16076806700
                    ],
                    [
                        -95.98841570000,
                        36.16074872200
                    ],
                    [
                        -95.98840611500,
                        36.16072550600
                    ],
                    [
                        -95.98833662600,
                        36.16074291800
                    ],
                    [
                        -95.98834621100,
                        36.16076806700
                    ]
                ]
            }
        },
        {
            "type": "Feature",
            "properties": {
                "buildings": [67],
                "STREET": "DETROIT AVE",
                "PRIMARY": "21",
                "address": ["21 DETROIT AVE"],
                "OBJECTID": "7356"
            },
            "geometry": {
                "type": "Polygon",
                "coordinates": [
                    [
                        -95.98918008100,
                        36.15858485100
                    ],
                    [
                        -95.98942808600,
                        36.15850166100
                    ],
                    [
                        -95.98936099300,
                        36.15837107200
                    ],
                    [
                        -95.98911298800,
                        36.15845909900
                    ],
                    [
                        -95.98918008100,
                        36.15858485100
                    ]
                ]
            }
        },
        {
            "type": "Feature",
            "properties": {
                "PRIMARY": "117 Rear",
                "STREET": "BRADY ST",
                "address": ["117 Rear BRADY ST"],
                "OBJECTID": "5604"
            },
            "geometry": {
                "type": "Polygon",
                "coordinates": [
                    [
                        -95.98841011600,
                        36.15983622700
                    ],
                    [
                        -95.98838294400,
                        36.15978528900
                    ],
                    [
                        -95.98836058800,
                        36.15979238900
                    ],
                    [
                        -95.98835100300,
                        36.15977368100
                    ],
                    [
                        -95.98831666500,
                        36.15978786200
                    ],
                    [
                        -95.98832783200,
                        36.15980527400
                    ],
                    [
                        -95.98827432500,
                        36.15982527700
                    ],
                    [
                        -95.98829828700,
                        36.15987105100
                    ],
                    [
                        -95.98841011600,
                        36.15983622700
                    ]
                ]
            }
        },
        {
            "type": "Feature",
            "properties": {
                "address": ["316.5 HARTFORD AVE"],
                "OBJECTID": "6659",
                "STREET": "HARTFORD AVE",
                "buildings": [714],
                "PRIMARY": "316.5"
            },
            "geometry": {
                "type": "Polygon",
                "coordinates": [
                    [
                        -95.98585897500,
                        36.16172568400
                    ],
                    [
                        -95.98585897500,
                        36.16167345100
                    ],
                    [
                        -95.98577510900,
                        36.16167345100
                    ],
                    [
                        -95.98577510900,
                        36.16172568400
                    ],
                    [
                        -95.98585897500,
                        36.16172568400
                    ]
                ]
            }
        },
        {
            "type": "Feature",
            "properties": {
                "OBJECTID": "7768"
            },
            "geometry": {
                "type": "Polygon",
                "coordinates": [
                    [
                        -95.98939813400,
                        36.15598948100
                    ],
                    [
                        -95.98951075400,
                        36.15595078700
                    ],
                    [
                        -95.98944366100,
                        36.15582503100
                    ],
                    [
                        -95.98933104100,
                        36.15586372500
                    ],
                    [
                        -95.98939813400,
                        36.15598948100
                    ]
                ]
            }
        },
        {
            "type": "Feature",
            "properties": {
                "OBJECTID": "5587",
                "address": ["609 ELMIRA AVE"],
                "PRIMARY": "609",
                "STREET": "ELMIRA AVE"
            },
            "geometry": {
                "type": "Polygon",
                "coordinates": [
                    [
                        -95.98943407700,
                        36.16486349000
                    ],
                    [
                        -95.98946043500,
                        36.16489637700
                    ],
                    [
                        -95.98946283100,
                        36.16492539400
                    ],
                    [
                        -95.98957545100,
                        36.16492152500
                    ],
                    [
                        -95.98957065900,
                        36.16485768700
                    ],
                    [
                        -95.98943407700,
                        36.16486349000
                    ]
                ]
            }
        },
        {
            "type": "Feature",
            "properties": {
                "PRIMARY": "517",
                "address": ["517 FRANKFORT AVE"],
                "OBJECTID": "6182",
                "STREET": "FRANKFORT AVE"
            },
            "geometry": {
                "type": "Polygon",
                "coordinates": [
                    [
                        -95.98750515100,
                        36.16408775600
                    ],
                    [
                        -95.98762256400,
                        36.16408775600
                    ],
                    [
                        -95.98762256400,
                        36.16404326200
                    ],
                    [
                        -95.98750515100,
                        36.16404326200
                    ],
                    [
                        -95.98750515100,
                        36.16408775600
                    ]
                ]
            }
        },
        {
            "type": "Feature",
            "properties": {
                "buildings": [547,1017,1018],
                "PRIMARY": "220",
                "address": ["220 FRANKFORT AVE"],
                "OBJECTID": "6873",
                "STREET": "FRANKFORT AVE"
            },
            "geometry": {
                "type": "Polygon",
                "coordinates": [
                    [
                        -95.98829109800,
                        36.16103891000
                    ],
                    [
                        -95.98839173800,
                        36.16100602200
                    ],
                    [
                        -95.98836058800,
                        36.16094411500
                    ],
                    [
                        -95.98825994800,
                        36.16097506800
                    ],
                    [
                        -95.98829109800,
                        36.16103891000
                    ]
                ]
            }
        },
        {
            "type": "Feature",
            "properties": {
                "buildings": [1133,1134],
                "PRIMARY": "UNKNOWN",
                "OBJECTID": "7187",
                "STREET": "ARCHER ST",
                "address": ["ARCHER ST"]
            },
            "geometry": {
                "type": "Polygon",
                "coordinates": [
                    [
                        -95.98741249100,
                        36.15951057300
                    ],
                    [
                        -95.98748598200,
                        36.15948735800
                    ],
                    [
                        -95.98749796300,
                        36.15946220700
                    ],
                    [
                        -95.98746999900,
                        36.15941126900
                    ],
                    [
                        -95.98737733900,
                        36.15944351900
                    ],
                    [
                        -95.98741249100,
                        36.15951057300
                    ]
                ]
            }
        },
        {
            "type": "Feature",
            "properties": {
                "PRIMARY": "UNKNOWN",
                "STREET": "HASKELL ST",
                "OBJECTID": "6153",
                "address": ["HASKELL ST"]
            },
            "geometry": {
                "type": "Polygon",
                "coordinates": [
                    [
                        -95.98693965200,
                        36.16422704100
                    ],
                    [
                        -95.98704268800,
                        36.16422704100
                    ],
                    [
                        -95.98704268800,
                        36.16416707100
                    ],
                    [
                        -95.98693965200,
                        36.16416707100
                    ],
                    [
                        -95.98693965200,
                        36.16422704100
                    ]
                ]
            }
        },
        {
            "type": "Feature",
            "properties": {
                "buildings": [509],
                "address": ["405 EXETER PL"],
                "PRIMARY": "405",
                "STREET": "EXETER PL",
                "OBJECTID": "6388"
            },
            "geometry": {
                "type": "Polygon",
                "coordinates": [
                    [
                        -95.98883503100,
                        36.16280323100
                    ],
                    [
                        -95.98883982400,
                        36.16275486800
                    ],
                    [
                        -95.98881346600,
                        36.16275486800
                    ],
                    [
                        -95.98880867300,
                        36.16280323100
                    ],
                    [
                        -95.98883503100,
                        36.16280323100
                    ]
                ]
            }
        },
        {
            "type": "Feature",
            "properties": {
                "buildings": [777],
                "STREET": "GREENWOOD AVE",
                "PRIMARY": "133",
                "address": ["133 GREENWOOD AVE"],
                "OBJECTID": "5559"
            },
            "geometry": {
                "type": "Polygon",
                "coordinates": [
                    [
                        -95.98648598300,
                        36.16096669200
                    ],
                    [
                        -95.98634858700,
                        36.16101439900
                    ],
                    [
                        -95.98635179700,
                        36.16102600600
                    ],
                    [
                        -95.98633102200,
                        36.16103246700
                    ],
                    [
                        -95.98635019200,
                        36.16107115900
                    ],
                    [
                        -95.98637575900,
                        36.16106469800
                    ],
                    [
                        -95.98638055100,
                        36.16107630500
                    ],
                    [
                        -95.98652111200,
                        36.16102730200
                    ],
                    [
                        -95.98648598300,
                        36.16096669200
                    ]
                ]
            }
        },
        {
            "type": "Feature",
            "properties": {
                "OBJECTID": "6290"
            },
            "geometry": {
                "type": "Polygon",
                "coordinates": [
                    [
                        -95.99143249100,
                        36.16328493000
                    ],
                    [
                        -95.99149958400,
                        36.16325978200
                    ],
                    [
                        -95.99148760400,
                        36.16323463300
                    ],
                    [
                        -95.99141811400,
                        36.16325784700
                    ],
                    [
                        -95.99143249100,
                        36.16328493000
                    ]
                ]
            }
        },
        {
            "type": "Feature",
            "properties": {
                "OBJECTID": "6563"
            },
            "geometry": {
                "type": "Polygon",
                "coordinates": [
                    [
                        -95.99258265800,
                        36.16203328000
                    ],
                    [
                        -95.99265454400,
                        36.16202941100
                    ],
                    [
                        -95.99266173200,
                        36.16206810200
                    ],
                    [
                        -95.99270726000,
                        36.16206616800
                    ],
                    [
                        -95.99269767500,
                        36.16196750500
                    ],
                    [
                        -95.99257547000,
                        36.16197717800
                    ],
                    [
                        -95.99258265800,
                        36.16203328000
                    ]
                ]
            }
        },
        {
            "type": "Feature",
            "properties": {
                "OBJECTID": "5785"
            },
            "geometry": {
                "type": "Polygon",
                "coordinates": [
                    [
                        -95.98667187900,
                        36.15761897300
                    ],
                    [
                        -95.98665330900,
                        36.15758076300
                    ],
                    [
                        -95.98646101500,
                        36.15764750900
                    ],
                    [
                        -95.98648258100,
                        36.15768668700
                    ],
                    [
                        -95.98667187900,
                        36.15761897300
                    ]
                ]
            }
        },
        {
            "type": "Feature",
            "properties": {
                "OBJECTID": "6349",
                "PRIMARY": "UNKNOWN",
                "address": ["HARTFORD AVE"],
                "STREET": "HARTFORD AVE",
                "buildings": [287,1047,1048,1099,1100]
            },
            "geometry": {
                "type": "Polygon",
                "coordinates": [
                    [
                        -95.98584699400,
                        36.16303150700
                    ],
                    [
                        -95.98589252100,
                        36.16303150700
                    ],
                    [
                        -95.98589252100,
                        36.16298314300
                    ],
                    [
                        -95.98584699400,
                        36.16298314300
                    ],
                    [
                        -95.98584699400,
                        36.16303150700
                    ]
                ]
            }
        },
        {
            "type": "Feature",
            "properties": {
                "PRIMARY": "419",
                "address": ["419 EASTON ST"],
                "buildings": [541],
                "STREET": "EASTON ST",
                "OBJECTID": "6311"
            },
            "geometry": {
                "type": "Polygon",
                "coordinates": [
                    [
                        -95.98965692100,
                        36.16322109100
                    ],
                    [
                        -95.98969046800,
                        36.16321141800
                    ],
                    [
                        -95.98964733700,
                        36.16312629900
                    ],
                    [
                        -95.98961379000,
                        36.16313790600
                    ],
                    [
                        -95.98965692100,
                        36.16322109100
                    ]
                ]
            }
        },
        {
            "type": "Feature",
            "properties": {
                "OBJECTID": "6504",
                "PRIMARY": "317",
                "buildings": [730],
                "STREET": "GREENWOOD AVE",
                "address": ["317 GREENWOOD AVE"]
            },
            "geometry": {
                "type": "Polygon",
                "coordinates": [
                    [
                        -95.98628789100,
                        36.16226542700
                    ],
                    [
                        -95.98640051200,
                        36.16226542700
                    ],
                    [
                        -95.98640051200,
                        36.16221706300
                    ],
                    [
                        -95.98628789100,
                        36.16221706300
                    ],
                    [
                        -95.98628789100,
                        36.16226542700
                    ]
                ]
            }
        },
        {
            "type": "Feature",
            "properties": {
                "STREET": "ELGIN AVE",
                "PRIMARY": "407",
                "buildings": [498],
                "OBJECTID": "6486",
                "address": ["407 ELGIN AVE"]
            },
            "geometry": {
                "type": "Polygon",
                "coordinates": [
                    [
                        -95.98990612400,
                        36.16233894000
                    ],
                    [
                        -95.98999957500,
                        36.16230024900
                    ],
                    [
                        -95.98996602900,
                        36.16224801600
                    ],
                    [
                        -95.98987497400,
                        36.16228477200
                    ],
                    [
                        -95.98990612400,
                        36.16233894000
                    ]
                ]
            }
        },
        {
            "type": "Feature",
            "properties": {
                "address": ["124 HARTFORD AVE"],
                "STREET": "HARTFORD AVE",
                "PRIMARY": "124",
                "buildings": [747],
                "OBJECTID": "6842"
            },
            "geometry": {
                "type": "Polygon",
                "coordinates": [
                    [
                        -95.98549715200,
                        36.16112532800
                    ],
                    [
                        -95.98563613000,
                        36.16107760100
                    ],
                    [
                        -95.98560258300,
                        36.16101826800
                    ],
                    [
                        -95.98546360500,
                        36.16106727100
                    ],
                    [
                        -95.98549715200,
                        36.16112532800
                    ]
                ]
            }
        },
        {
            "type": "Feature",
            "properties": {
                "OBJECTID": "7160",
                "PRIMARY": "614.5",
                "address": ["614.5 ARCHER ST"],
                "buildings": [787],
                "STREET": "ARCHER ST"
            },
            "geometry": {
                "type": "Polygon",
                "coordinates": [
                    [
                        -95.98514251700,
                        36.15965567000
                    ],
                    [
                        -95.98521361100,
                        36.15963245400
                    ],
                    [
                        -95.98517927400,
                        36.15957118500
                    ],
                    [
                        -95.98510978500,
                        36.15959376200
                    ],
                    [
                        -95.98514251700,
                        36.15965567000
                    ]
                ]
            }
        },
        {
            "type": "Feature",
            "properties": {
                "buildings": [1019,1020],
                "PRIMARY": "UNKNOWN",
                "address": ["FRANKFORT AVE"],
                "OBJECTID": "6278",
                "STREET": "FRANKFORT AVE"
            },
            "geometry": {
                "type": "Polygon",
                "coordinates": [
                    [
                        -95.98956107400,
                        36.16340487100
                    ],
                    [
                        -95.98964733700,
                        36.16337391900
                    ],
                    [
                        -95.98963535600,
                        36.16335457300
                    ],
                    [
                        -95.98955148900,
                        36.16338552600
                    ],
                    [
                        -95.98956107400,
                        36.16340487100
                    ]
                ]
            }
        },
        {
            "type": "Feature",
            "properties": {
                "OBJECTID": "6697"
            },
            "geometry": {
                "type": "Polygon",
                "coordinates": [
                    [
                        -95.99291572700,
                        36.16159026500
                    ],
                    [
                        -95.99305231000,
                        36.16154190000
                    ],
                    [
                        -95.99301876300,
                        36.16147999400
                    ],
                    [
                        -95.99287978500,
                        36.16152835800
                    ],
                    [
                        -95.99291572700,
                        36.16159026500
                    ]
                ]
            }
        },
        {
            "type": "Feature",
            "properties": {
                "OBJECTID": "6432"
            },
            "geometry": {
                "type": "Polygon",
                "coordinates": [
                    [
                        -95.99051715000,
                        36.16257302000
                    ],
                    [
                        -95.99064175200,
                        36.16252852600
                    ],
                    [
                        -95.99061539400,
                        36.16247822800
                    ],
                    [
                        -95.99049079200,
                        36.16252272200
                    ],
                    [
                        -95.99051715000,
                        36.16257302000
                    ]
                ]
            }
        },
        {
            "type": "Feature",
            "properties": {
                "OBJECTID": "6779"
            },
            "geometry": {
                "type": "Polygon",
                "coordinates": [
                    [
                        -95.99067769400,
                        36.16134650800
                    ],
                    [
                        -95.99067290200,
                        36.16133877000
                    ],
                    [
                        -95.99066811000,
                        36.16134070400
                    ],
                    [
                        -95.99067290200,
                        36.16134844300
                    ],
                    [
                        -95.99067769400,
                        36.16134650800
                    ]
                ]
            }
        },
        {
            "type": "Feature",
            "properties": {
                "PRIMARY": "UNKNOWN",
                "OBJECTID": "7095",
                "address": ["HARTFORD AVE"],
                "STREET": "HARTFORD AVE",
                "buildings": [287,1047,1048,1099,1100]
            },
            "geometry": {
                "type": "Polygon",
                "coordinates": [
                    [
                        -95.98468005400,
                        36.15994876400
                    ],
                    [
                        -95.98466807300,
                        36.15991877700
                    ],
                    [
                        -95.98463632400,
                        36.15992796700
                    ],
                    [
                        -95.98464830400,
                        36.15995650200
                    ],
                    [
                        -95.98468005400,
                        36.15994876400
                    ]
                ]
            }
        },
        {
            "type": "Feature",
            "properties": {
                "OBJECTID": "5724"
            },
            "geometry": {
                "type": "Polygon",
                "coordinates": [
                    [
                        -95.99002832900,
                        36.15812214000
                    ],
                    [
                        -95.99000836900,
                        36.15809054700
                    ],
                    [
                        -95.98997640400,
                        36.15810279400
                    ],
                    [
                        -95.98998280200,
                        36.15811569800
                    ],
                    [
                        -95.98996123600,
                        36.15812537100
                    ],
                    [
                        -95.98997161200,
                        36.15814084800
                    ],
                    [
                        -95.99002832900,
                        36.15812214000
                    ]
                ]
            }
        },
        {
            "type": "Feature",
            "properties": {
                "OBJECTID": "6643"
            },
            "geometry": {
                "type": "Polygon",
                "coordinates": [
                    [
                        -95.99051235800,
                        36.16179339400
                    ],
                    [
                        -95.99054111200,
                        36.16178372100
                    ],
                    [
                        -95.99050996200,
                        36.16171988100
                    ],
                    [
                        -95.99048120800,
                        36.16172955400
                    ],
                    [
                        -95.99051235800,
                        36.16179339400
                    ]
                ]
            }
        },
        {
            "type": "Feature",
            "properties": {
                "OBJECTID": "7524"
            },
            "geometry": {
                "type": "Polygon",
                "coordinates": [
                    [
                        -95.98593325600,
                        36.15775391600
                    ],
                    [
                        -95.98601233000,
                        36.15772296200
                    ],
                    [
                        -95.98595242600,
                        36.15761075100
                    ],
                    [
                        -95.98587335200,
                        36.15763654000
                    ],
                    [
                        -95.98593325600,
                        36.15775391600
                    ]
                ]
            }
        },
        {
            "type": "Feature",
            "properties": {
                "OBJECTID": "5577"
            },
            "geometry": {
                "type": "Polygon",
                "coordinates": [
                    [
                        -95.98600154800,
                        36.16101956400
                    ],
                    [
                        -95.98605785800,
                        36.16100698900
                    ],
                    [
                        -95.98604947100,
                        36.16098667600
                    ],
                    [
                        -95.98601712300,
                        36.16099054500
                    ],
                    [
                        -95.98600514200,
                        36.16096733000
                    ],
                    [
                        -95.98597758600,
                        36.16097700300
                    ],
                    [
                        -95.98600154800,
                        36.16101956400
                    ]
                ]
            }
        },
        {
            "type": "Feature",
            "properties": {
                "OBJECTID": "6224"
            },
            "geometry": {
                "type": "Polygon",
                "coordinates": [
                    [
                        -95.99115213800,
                        36.16378403700
                    ],
                    [
                        -95.99129111700,
                        36.16373567400
                    ],
                    [
                        -95.99125517400,
                        36.16366796600
                    ],
                    [
                        -95.99111619600,
                        36.16371439500
                    ],
                    [
                        -95.99115213800,
                        36.16378403700
                    ]
                ]
            }
        },
        {
            "type": "Feature",
            "properties": {
                "OBJECTID": "6986",
                "PRIMARY": "UNKNOWN",
                "address": ["HARTFORD AVE"],
                "STREET": "HARTFORD AVE",
                "buildings": [287,1047,1048,1099,1100]
            },
            "geometry": {
                "type": "Polygon",
                "coordinates": [
                    [
                        -95.98500353800,
                        36.16055526200
                    ],
                    [
                        -95.98497957600,
                        36.16051076600
                    ],
                    [
                        -95.98494603000,
                        36.16051947200
                    ],
                    [
                        -95.98496879400,
                        36.16056590200
                    ],
                    [
                        -95.98500353800,
                        36.16055526200
                    ]
                ]
            }
        },
        {
            "type": "Feature",
            "properties": {
                "OBJECTID": "7365"
            },
            "geometry": {
                "type": "Polygon",
                "coordinates": [
                    [
                        -95.98514091200,
                        36.15855550200
                    ],
                    [
                        -95.98522238200,
                        36.15852712100
                    ],
                    [
                        -95.98519842000,
                        36.15848713200
                    ],
                    [
                        -95.98511855500,
                        36.15851421700
                    ],
                    [
                        -95.98514091200,
                        36.15855550200
                    ]
                ]
            }
        },
        {
            "type": "Feature",
            "properties": {
                "buildings": [44],
                "STREET": "DETROIT AVE",
                "OBJECTID": "5619",
                "PRIMARY": "123",
                "address": ["123 DETROIT AVE"]
            },
            "geometry": {
                "type": "Polygon",
                "coordinates": [
                    [
                        -95.98976475000,
                        36.15945253400
                    ],
                    [
                        -95.98973678600,
                        36.15945897700
                    ],
                    [
                        -95.98975516500,
                        36.15949896500
                    ],
                    [
                        -95.98990852000,
                        36.15944543400
                    ],
                    [
                        -95.98987418300,
                        36.15937514900
                    ],
                    [
                        -95.98974958200,
                        36.15941835000
                    ],
                    [
                        -95.98976475000,
                        36.15945253400
                    ]
                ]
            }
        },
        {
            "type": "Feature",
            "properties": {
                "address": ["407 EXETER PL","409 EXETER PL"],
                "PRIMARY": "407,409",
                "STREET": "EXETER PL",
                "buildings": [510,511],
                "OBJECTID": "6367"
            },
            "geometry": {
                "type": "Polygon",
                "coordinates": [
                    [
                        -95.98874876900,
                        36.16295799400
                    ],
                    [
                        -95.98886138900,
                        36.16295799400
                    ],
                    [
                        -95.98886138900,
                        36.16284385700
                    ],
                    [
                        -95.98877273100,
                        36.16284385700
                    ],
                    [
                        -95.98874876900,
                        36.16288254700
                    ],
                    [
                        -95.98874876900,
                        36.16295799400
                    ]
                ]
            }
        },
        {
            "type": "Feature",
            "properties": {
                "OBJECTID": "5518"
            },
            "geometry": {
                "type": "Polygon",
                "coordinates": [
                    [
                        -95.99108744100,
                        36.16229895300
                    ],
                    [
                        -95.99109463000,
                        36.16229701800
                    ],
                    [
                        -95.99105310400,
                        36.16222029400
                    ],
                    [
                        -95.99100117900,
                        36.16223834300
                    ],
                    [
                        -95.99104270500,
                        36.16231442900
                    ],
                    [
                        -95.99108744100,
                        36.16229895300
                    ]
                ]
            }
        },
        {
            "type": "Feature",
            "properties": {
                "PRIMARY": "518",
                "OBJECTID": "6190",
                "address": ["518"]
            },
            "geometry": {
                "type": "Polygon",
                "coordinates": [
                    [
                        -95.98670482700,
                        36.16403359000
                    ],
                    [
                        -95.98687495600,
                        36.16403359000
                    ],
                    [
                        -95.98687495600,
                        36.16398135800
                    ],
                    [
                        -95.98670482700,
                        36.16398135800
                    ],
                    [
                        -95.98670482700,
                        36.16403359000
                    ]
                ]
            }
        },
        {
            "type": "Feature",
            "properties": {
                "OBJECTID": "6909"
            },
            "geometry": {
                "type": "Polygon",
                "coordinates": [
                    [
                        -95.98735658800,
                        36.16086673200
                    ],
                    [
                        -95.98733741800,
                        36.16082997400
                    ],
                    [
                        -95.98732064500,
                        36.16083577800
                    ],
                    [
                        -95.98733981500,
                        36.16087253500
                    ],
                    [
                        -95.98735658800,
                        36.16086673200
                    ]
                ]
            }
        },
        {
            "type": "Feature",
            "properties": {
                "OBJECTID": "7240",
                "address": ["401 ARCHER ST"],
                "buildings": [61],
                "STREET": "ARCHER ST",
                "PRIMARY": "401"
            },
            "geometry": {
                "type": "Polygon",
                "coordinates": [
                    [
                        -95.98827432500,
                        36.15924552900
                    ],
                    [
                        -95.98832704100,
                        36.15924939900
                    ],
                    [
                        -95.98836777600,
                        36.15923585600
                    ],
                    [
                        -95.98833662600,
                        36.15917007900
                    ],
                    [
                        -95.98825036300,
                        36.15919716400
                    ],
                    [
                        -95.98827432500,
                        36.15924552900
                    ]
                ]
            }
        },
        {
            "type": "Feature",
            "properties": {
                "address": ["519 FRANKFORT AVE"],
                "buildings": [566],
                "PRIMARY": "519",
                "OBJECTID": "6175",
                "STREET": "FRANKFORT AVE"
            },
            "geometry": {
                "type": "Polygon",
                "coordinates": [
                    [
                        -95.98749077400,
                        36.16415352900
                    ],
                    [
                        -95.98763214900,
                        36.16415352900
                    ],
                    [
                        -95.98763214900,
                        36.16411290500
                    ],
                    [
                        -95.98749077400,
                        36.16411290500
                    ],
                    [
                        -95.98749077400,
                        36.16415352900
                    ]
                ]
            }
        },
        {
            "type": "Feature",
            "properties": {
                "OBJECTID": "6325"
            },
            "geometry": {
                "type": "Polygon",
                "coordinates": [
                    [
                        -95.99023200500,
                        36.16313016800
                    ],
                    [
                        -95.99023200500,
                        36.16313984100
                    ],
                    [
                        -95.99023919300,
                        36.16313984100
                    ],
                    [
                        -95.99023919300,
                        36.16313016800
                    ],
                    [
                        -95.99023200500,
                        36.16313016800
                    ]
                ]
            }
        },
        {
            "type": "Feature",
            "properties": {
                "OBJECTID": "6293"
            },
            "geometry": {
                "type": "Polygon",
                "coordinates": [
                    [
                        -95.99133185200,
                        36.16326365100
                    ],
                    [
                        -95.99131987100,
                        36.16324043600
                    ],
                    [
                        -95.99130789000,
                        36.16324430500
                    ],
                    [
                        -95.99131987100,
                        36.16326752000
                    ],
                    [
                        -95.99133185200,
                        36.16326365100
                    ]
                ]
            }
        },
        {
            "type": "Feature",
            "properties": {
                "PRIMARY": "UNKNOWN",
                "OBJECTID": "6605",
                "STREET": "EXETER PL",
                "address": ["EXETER PL"]
            },
            "geometry": {
                "type": "Polygon",
                "coordinates": [
                    [
                        -95.98930707900,
                        36.16194429000
                    ],
                    [
                        -95.98938375700,
                        36.16191914100
                    ],
                    [
                        -95.98936938000,
                        36.16189205700
                    ],
                    [
                        -95.98929270200,
                        36.16191720600
                    ],
                    [
                        -95.98930707900,
                        36.16194429000
                    ]
                ]
            }
        },
        {
            "type": "Feature",
            "properties": {
                "buildings": [86],
                "PRIMARY": "419",
                "address": ["419 HASKELL ST"],
                "STREET": "HASKELL ST",
                "OBJECTID": "6140"
            },
            "geometry": {
                "type": "Polygon",
                "coordinates": [
                    [
                        -95.98995884000,
                        36.16449787100
                    ],
                    [
                        -95.98996363300,
                        36.16439534200
                    ],
                    [
                        -95.98989893600,
                        36.16439534200
                    ],
                    [
                        -95.98989414300,
                        36.16449787100
                    ],
                    [
                        -95.98995884000,
                        36.16449787100
                    ]
                ]
            }
        },
        {
            "type": "Feature",
            "properties": {
                "address": ["412 GREENWOOD AVE"],
                "STREET": "GREENWOOD AVE",
                "OBJECTID": "6352",
                "buildings": [602],
                "PRIMARY": "412"
            },
            "geometry": {
                "type": "Polygon",
                "coordinates": [
                    [
                        -95.98671680800,
                        36.16302763800
                    ],
                    [
                        -95.98681025900,
                        36.16302763800
                    ],
                    [
                        -95.98681025900,
                        36.16299088100
                    ],
                    [
                        -95.98671680800,
                        36.16299088100
                    ],
                    [
                        -95.98671680800,
                        36.16302763800
                    ]
                ]
            }
        },
        {
            "type": "Feature",
            "properties": {
                "buildings": [474],
                "OBJECTID": "6802",
                "PRIMARY": "301",
                "STREET": "EXETER PL",
                "address": ["301 EXETER PL"]
            },
            "geometry": {
                "type": "Polygon",
                "coordinates": [
                    [
                        -95.98872001500,
                        36.16130201300
                    ],
                    [
                        -95.98883742800,
                        36.16130201300
                    ],
                    [
                        -95.98883742800,
                        36.16125364800
                    ],
                    [
                        -95.98872001500,
                        36.16125364800
                    ],
                    [
                        -95.98872001500,
                        36.16130201300
                    ]
                ]
            }
        },
        {
            "type": "Feature",
            "properties": {
                "buildings": [1019,1020],
                "PRIMARY": "UNKNOWN",
                "address": ["FRANKFORT AVE"],
                "OBJECTID": "7127",
                "STREET": "FRANKFORT AVE"
            },
            "geometry": {
                "type": "Polygon",
                "coordinates": [
                    [
                        -95.98802272600,
                        36.15981753900
                    ],
                    [
                        -95.98811217600,
                        36.15978658500
                    ],
                    [
                        -95.98808023400,
                        36.15971951200
                    ],
                    [
                        -95.98799078500,
                        36.15975046600
                    ],
                    [
                        -95.98802272600,
                        36.15981753900
                    ]
                ]
            }
        },
        {
            "type": "Feature",
            "properties": {
                "buildings": [483],
                "STREET": "ELGIN AVE",
                "PRIMARY": "517",
                "address": ["517 ELGIN AVE"],
                "OBJECTID": "6258"
            },
            "geometry": {
                "type": "Polygon",
                "coordinates": [
                    [
                        -95.99041890700,
                        36.16353061500
                    ],
                    [
                        -95.99047162300,
                        36.16353448400
                    ],
                    [
                        -95.99059382800,
                        36.16349385900
                    ],
                    [
                        -95.99056028200,
                        36.16342615100
                    ],
                    [
                        -95.99039254900,
                        36.16348225200
                    ],
                    [
                        -95.99041890700,
                        36.16353061500
                    ]
                ]
            }
        },
        {
            "type": "Feature",
            "properties": {
                "buildings": [482],
                "address": ["315 EXETER PL"],
                "OBJECTID": "6540",
                "STREET": "EXETER PL",
                "PRIMARY": "315"
            },
            "geometry": {
                "type": "Polygon",
                "coordinates": [
                    [
                        -95.98883023900,
                        36.16214355000
                    ],
                    [
                        -95.98883023900,
                        36.16210292400
                    ],
                    [
                        -95.98871282600,
                        36.16210292400
                    ],
                    [
                        -95.98871282600,
                        36.16214355000
                    ],
                    [
                        -95.98883023900,
                        36.16214355000
                    ]
                ]
            }
        },
        {
            "type": "Feature",
            "properties": {
                "OBJECTID": "590"
            },
            "geometry": {
                "type": "Polygon",
                "coordinates": [
                    [
                        -95.98227393400,
                        36.15953493000
                    ],
                    [
                        -95.98237589000,
                        36.15951141000
                    ],
                    [
                        -95.98235404300,
                        36.15943497300
                    ],
                    [
                        -95.98224480400,
                        36.15946437200
                    ],
                    [
                        -95.98227393400,
                        36.15953493000
                    ]
                ]
            }
        },
        {
            "type": "Feature",
            "properties": {
                "address": ["411 FOURTH ST"],
                "STREET": "FOURTH ST",
                "PRIMARY": "411",
                "OBJECTID": "6497",
                "buildings": [957,958]
            },
            "geometry": {
                "type": "Polygon",
                "coordinates": [
                    [
                        -95.98946043500,
                        36.16228864200
                    ],
                    [
                        -95.98954190500,
                        36.16226155800
                    ],
                    [
                        -95.98948679300,
                        36.16215515700
                    ],
                    [
                        -95.98940532200,
                        36.16218417600
                    ],
                    [
                        -95.98946043500,
                        36.16228864200
                    ]
                ]
            }
        },
        {
            "type": "Feature",
            "properties": {
                "OBJECTID": "6759",
                "buildings": [475],
                "address": ["303 EXETER PL"],
                "STREET": "EXETER PL",
                "PRIMARY": "303"
            },
            "geometry": {
                "type": "Polygon",
                "coordinates": [
                    [
                        -95.98872241100,
                        36.16141034900
                    ],
                    [
                        -95.98883503100,
                        36.16141034900
                    ],
                    [
                        -95.98883503100,
                        36.16136198500
                    ],
                    [
                        -95.98872241100,
                        36.16136198500
                    ],
                    [
                        -95.98872241100,
                        36.16141034900
                    ]
                ]
            }
        },
        {
            "type": "Feature",
            "properties": {
                "OBJECTID": "7028"
            },
            "geometry": {
                "type": "Polygon",
                "coordinates": [
                    [
                        -95.99068727900,
                        36.16033471800
                    ],
                    [
                        -95.99112817600,
                        36.16018768800
                    ],
                    [
                        -95.99098200900,
                        36.15990330000
                    ],
                    [
                        -95.99095085900,
                        36.15989169300
                    ],
                    [
                        -95.99053152700,
                        36.16003098500
                    ],
                    [
                        -95.99068727900,
                        36.16033471800
                    ]
                ]
            }
        },
        {
            "type": "Feature",
            "properties": {
                "OBJECTID": "5714"
            },
            "geometry": {
                "type": "Polygon",
                "coordinates": [
                    [
                        -95.98951315100,
                        36.15757979600
                    ],
                    [
                        -95.98935579400,
                        36.15763332800
                    ],
                    [
                        -95.98937417200,
                        36.15766815200
                    ],
                    [
                        -95.98931826900,
                        36.15769007200
                    ],
                    [
                        -95.98933343700,
                        36.15771779600
                    ],
                    [
                        -95.98945485100,
                        36.15767589100
                    ],
                    [
                        -95.98946762300,
                        36.15769587600
                    ],
                    [
                        -95.98955946900,
                        36.15766298700
                    ],
                    [
                        -95.98951315100,
                        36.15757979600
                    ]
                ]
            }
        },
        {
            "type": "Feature",
            "properties": {
                "buildings": [807],
                "OBJECTID": "6725",
                "STREET": "HARTFORD AVE",
                "address": ["305 HARTFORD AVE"],
                "PRIMARY": "305"
            },
            "geometry": {
                "type": "Polygon",
                "coordinates": [
                    [
                        -95.98506823500,
                        36.16150901200
                    ],
                    [
                        -95.98520961000,
                        36.16150901200
                    ],
                    [
                        -95.98520961000,
                        36.16146838600
                    ],
                    [
                        -95.98506823500,
                        36.16146838600
                    ],
                    [
                        -95.98506823500,
                        36.16150901200
                    ]
                ]
            }
        },
        {
            "type": "Feature",
            "properties": {
                "OBJECTID": "6438"
            },
            "geometry": {
                "type": "Polygon",
                "coordinates": [
                    [
                        -95.98998519800,
                        36.16254787100
                    ],
                    [
                        -95.99006187600,
                        36.16252078800
                    ],
                    [
                        -95.99003312200,
                        36.16246468600
                    ],
                    [
                        -95.98995644400,
                        36.16249176900
                    ],
                    [
                        -95.98998519800,
                        36.16254787100
                    ]
                ]
            }
        },
        {
            "type": "Feature",
            "properties": {
                "OBJECTID": "6958",
                "buildings": [752],
                "STREET": "HARTFORD AVE",
                "PRIMARY": "116.5",
                "address": ["116.5 HARTFORD AVE"]
            },
            "geometry": {
                "type": "Polygon",
                "coordinates": [
                    [
                        -95.98551991500,
                        36.16069745500
                    ],
                    [
                        -95.98550673600,
                        36.16067327200
                    ],
                    [
                        -95.98547319000,
                        36.16068294500
                    ],
                    [
                        -95.98548397300,
                        36.16071003000
                    ],
                    [
                        -95.98551991500,
                        36.16069745500
                    ]
                ]
            }
        },
        {
            "type": "Feature",
            "properties": {
                "address": ["5 FRANKFORT AVE"],
                "OBJECTID": "7313",
                "PRIMARY": "5",
                "STREET": "FRANKFORT AVE"
            },
            "geometry": {
                "type": "Polygon",
                "coordinates": [
                    [
                        -95.98649156700,
                        36.15888955700
                    ],
                    [
                        -95.98677431600,
                        36.15879669400
                    ],
                    [
                        -95.98666888400,
                        36.15858775300
                    ],
                    [
                        -95.98638613500,
                        36.15868061600
                    ],
                    [
                        -95.98649156700,
                        36.15888955700
                    ]
                ]
            }
        },
        {
            "type": "Feature",
            "properties": {
                "buildings": [43],
                "OBJECTID": "5609",
                "PRIMARY": "305",
                "STREET": "ARCHER ST",
                "address": ["305 ARCHER ST"]
            },
            "geometry": {
                "type": "Polygon",
                "coordinates": [
                    [
                        -95.98942928400,
                        36.15873995100
                    ],
                    [
                        -95.98939173600,
                        36.15875283600
                    ],
                    [
                        -95.98942209600,
                        36.15881346700
                    ],
                    [
                        -95.98946043500,
                        36.15879992500
                    ],
                    [
                        -95.98942928400,
                        36.15873995100
                    ]
                ]
            }
        },
        {
            "type": "Feature",
            "properties": {
                "OBJECTID": "6647"
            },
            "geometry": {
                "type": "Polygon",
                "coordinates": [
                    [
                        -95.99302355500,
                        36.16178372100
                    ],
                    [
                        -95.99313138400,
                        36.16174696500
                    ],
                    [
                        -95.99310502600,
                        36.16169860000
                    ],
                    [
                        -95.99299719700,
                        36.16173535700
                    ],
                    [
                        -95.99302355500,
                        36.16178372100
                    ]
                ]
            }
        },
        {
            "type": "Feature",
            "properties": {
                "OBJECTID": "7555"
            },
            "geometry": {
                "type": "Polygon",
                "coordinates": [
                    [
                        -95.98608182000,
                        36.15762816300
                    ],
                    [
                        -95.98613453600,
                        36.15761075100
                    ],
                    [
                        -95.98610338500,
                        36.15754497200
                    ],
                    [
                        -95.98603150000,
                        36.15756625300
                    ],
                    [
                        -95.98605306500,
                        36.15761655500
                    ],
                    [
                        -95.98607463100,
                        36.15761075100
                    ],
                    [
                        -95.98608182000,
                        36.15762816300
                    ]
                ]
            }
        },
        {
            "type": "Feature",
            "properties": {
                "PRIMARY": "UNKNOWN",
                "OBJECTID": "5580",
                "STREET": "EXETER PL",
                "address": ["EXETER PL"]
            },
            "geometry": {
                "type": "Polygon",
                "coordinates": [
                    [
                        -95.98915612000,
                        36.16527360100
                    ],
                    [
                        -95.98915612000,
                        36.16524458400
                    ],
                    [
                        -95.98909621500,
                        36.16524458400
                    ],
                    [
                        -95.98909621500,
                        36.16527360100
                    ],
                    [
                        -95.98915612000,
                        36.16527360100
                    ]
                ]
            }
        },
        {
            "type": "Feature",
            "properties": {
                "address": ["ELGIN AVE"],
                "STREET": "ELGIN AVE",
                "PRIMARY": "UNKNOWN",
                "OBJECTID": "6241"
            },
            "geometry": {
                "type": "Polygon",
                "coordinates": [
                    [
                        -95.99020564700,
                        36.16364281800
                    ],
                    [
                        -95.99037098300,
                        36.16358865100
                    ],
                    [
                        -95.99035900200,
                        36.16356156800
                    ],
                    [
                        -95.99019127000,
                        36.16361766900
                    ],
                    [
                        -95.99020564700,
                        36.16364281800
                    ]
                ]
            }
        },
        {
            "type": "Feature",
            "properties": {
                "buildings": [546],
                "address": ["215 FRANKFORT AVE"],
                "PRIMARY": "215",
                "OBJECTID": "6874",
                "STREET": "FRANKFORT AVE"
            },
            "geometry": {
                "type": "Polygon",
                "coordinates": [
                    [
                        -95.98781665500,
                        36.16103891000
                    ],
                    [
                        -95.98784780500,
                        36.16102730200
                    ],
                    [
                        -95.98782384300,
                        36.16097893800
                    ],
                    [
                        -95.98779029700,
                        36.16099054500
                    ],
                    [
                        -95.98781665500,
                        36.16103891000
                    ]
                ]
            }
        },
        {
            "type": "Feature",
            "properties": {
                "address": ["ELGIN AVE"],
                "STREET": "ELGIN AVE",
                "PRIMARY": "UNKNOWN",
                "OBJECTID": "7204"
            },
            "geometry": {
                "type": "Polygon",
                "coordinates": [
                    [
                        -95.98889134200,
                        36.15943802500
                    ],
                    [
                        -95.98896562300,
                        36.15941384200
                    ],
                    [
                        -95.98892968100,
                        36.15935290100
                    ],
                    [
                        -95.98885779500,
                        36.15937998600
                    ],
                    [
                        -95.98889134200,
                        36.15943802500
                    ]
                ]
            }
        },
        {
            "type": "Feature",
            "properties": {
                "PRIMARY": "UNKNOWN",
                "STREET": "HASKELL ST",
                "OBJECTID": "6154",
                "address": ["HASKELL ST"]
            },
            "geometry": {
                "type": "Polygon",
                "coordinates": [
                    [
                        -95.98720083600,
                        36.16422510600
                    ],
                    [
                        -95.98729428700,
                        36.16422510600
                    ],
                    [
                        -95.98729428700,
                        36.16414192200
                    ],
                    [
                        -95.98720083600,
                        36.16414192200
                    ],
                    [
                        -95.98720083600,
                        36.16422510600
                    ]
                ]
            }
        },
        {
            "type": "Feature",
            "properties": {
                "OBJECTID": "6375"
            },
            "geometry": {
                "type": "Polygon",
                "coordinates": [
                    [
                        -95.99154271600,
                        36.16292510700
                    ],
                    [
                        -95.99166731700,
                        36.16288448200
                    ],
                    [
                        -95.99164095900,
                        36.16283224900
                    ],
                    [
                        -95.99151635800,
                        36.16287287500
                    ],
                    [
                        -95.99154271600,
                        36.16292510700
                    ]
                ]
            }
        },
        {
            "type": "Feature",
            "properties": {
                "OBJECTID": "5543"
            },
            "geometry": {
                "type": "Polygon",
                "coordinates": [
                    [
                        -95.99160741300,
                        36.16067133800
                    ],
                    [
                        -95.99160580700,
                        36.16053848900
                    ],
                    [
                        -95.99081188100,
                        36.16057073900
                    ],
                    [
                        -95.99087897400,
                        36.16069325700
                    ],
                    [
                        -95.99160741300,
                        36.16067133800
                    ]
                ]
            }
        },
        {
            "type": "Feature",
            "properties": {
                "OBJECTID": "6209"
            },
            "geometry": {
                "type": "Polygon",
                "coordinates": [
                    [
                        -95.98764652600,
                        36.16385368000
                    ],
                    [
                        -95.98757464000,
                        36.16385174500
                    ],
                    [
                        -95.98757224400,
                        36.16386722200
                    ],
                    [
                        -95.98764652600,
                        36.16387109100
                    ],
                    [
                        -95.98764652600,
                        36.16385368000
                    ]
                ]
            }
        },
        {
            "type": "Feature",
            "properties": {
                "OBJECTID": "6569",
                "address": ["313 EXETER PL"],
                "STREET": "EXETER PL",
                "buildings": [481],
                "PRIMARY": "313"
            },
            "geometry": {
                "type": "Polygon",
                "coordinates": [
                    [
                        -95.98873918400,
                        36.16205069100
                    ],
                    [
                        -95.98882784300,
                        36.16205069100
                    ],
                    [
                        -95.98882784300,
                        36.16199845800
                    ],
                    [
                        -95.98873918400,
                        36.16199845800
                    ],
                    [
                        -95.98873918400,
                        36.16205069100
                    ]
                ]
            }
        },
        {
            "type": "Feature",
            "properties": {
                "OBJECTID": "5790"
            },
            "geometry": {
                "type": "Polygon",
                "coordinates": [
                    [
                        -95.98946043500,
                        36.15655698800
                    ],
                    [
                        -95.98936458700,
                        36.15637965300
                    ],
                    [
                        -95.98929509800,
                        36.15640350800
                    ],
                    [
                        -95.98945324600,
                        36.15670855100
                    ],
                    [
                        -95.98952673700,
                        36.15668340000
                    ],
                    [
                        -95.98946043500,
                        36.15655698800
                    ]
                ]
            }
        },
        {
            "type": "Feature",
            "properties": {
                "OBJECTID": "6329"
            },
            "geometry": {
                "type": "Polygon",
                "coordinates": [
                    [
                        -95.99164335500,
                        36.16313016800
                    ],
                    [
                        -95.99177754100,
                        36.16308180500
                    ],
                    [
                        -95.99173201400,
                        36.16300055400
                    ],
                    [
                        -95.99159782800,
                        36.16304891800
                    ],
                    [
                        -95.99164335500,
                        36.16313016800
                    ]
                ]
            }
        },
        {
            "type": "Feature",
            "properties": {
                "OBJECTID": "6316"
            },
            "geometry": {
                "type": "Polygon",
                "coordinates": [
                    [
                        -95.99087657700,
                        36.16319594200
                    ],
                    [
                        -95.99097002800,
                        36.16316305500
                    ],
                    [
                        -95.99094127400,
                        36.16310888800
                    ],
                    [
                        -95.99084542700,
                        36.16313984100
                    ],
                    [
                        -95.99087657700,
                        36.16319594200
                    ]
                ]
            }
        },
        {
            "type": "Feature",
            "properties": {
                "OBJECTID": "6613",
                "PRIMARY": "UNKNOWN",
                "buildings": [1092,1093],
                "address": ["FRANKFORT AVE"],
                "STREET": "FRANKFORT AVE"
            },
            "geometry": {
                "type": "Polygon",
                "coordinates": [
                    [
                        -95.98746202000,
                        36.16190366400
                    ],
                    [
                        -95.98746202000,
                        36.16188431900
                    ],
                    [
                        -95.98739492700,
                        36.16188431900
                    ],
                    [
                        -95.98739492700,
                        36.16190366400
                    ],
                    [
                        -95.98746202000,
                        36.16190366400
                    ]
                ]
            }
        },
        {
            "type": "Feature",
            "properties": {
                "OBJECTID": "6469",
                "address": ["322 FRANKFORT AVE"],
                "PRIMARY": "322",
                "buildings": [580],
                "STREET": "FRANKFORT AVE"
            },
            "geometry": {
                "type": "Polygon",
                "coordinates": [
                    [
                        -95.98793406700,
                        36.16240278000
                    ],
                    [
                        -95.98805627300,
                        36.16240278000
                    ],
                    [
                        -95.98805627300,
                        36.16234667800
                    ],
                    [
                        -95.98793406700,
                        36.16234667800
                    ],
                    [
                        -95.98793406700,
                        36.16240278000
                    ]
                ]
            }
        },
        {
            "type": "Feature",
            "properties": {
                "OBJECTID": "6843",
                "PRIMARY": "UNKNOWN",
                "address": ["HARTFORD AVE"],
                "STREET": "HARTFORD AVE",
                "buildings": [287,1047,1048,1099,1100]
            },
            "geometry": {
                "type": "Polygon",
                "coordinates": [
                    [
                        -95.98575593900,
                        36.16112273500
                    ],
                    [
                        -95.98579267300,
                        36.16111112800
                    ],
                    [
                        -95.98575752100,
                        36.16104535200
                    ],
                    [
                        -95.98571918200,
                        36.16105953300
                    ],
                    [
                        -95.98575593900,
                        36.16112273500
                    ]
                ]
            }
        },
        {
            "type": "Feature",
            "properties": {
                "OBJECTID": "7166"
            },
            "geometry": {
                "type": "Polygon",
                "coordinates": [
                    [
                        -95.99044526500,
                        36.15960923900
                    ],
                    [
                        -95.99048360400,
                        36.15959956600
                    ],
                    [
                        -95.99045964200,
                        36.15954346200
                    ],
                    [
                        -95.99042130300,
                        36.15955313500
                    ],
                    [
                        -95.99044526500,
                        36.15960923900
                    ]
                ]
            }
        },
        {
            "type": "Feature",
            "properties": {
                "OBJECTID": "6279"
            },
            "geometry": {
                "type": "Polygon",
                "coordinates": [
                    [
                        -95.99251796100,
                        36.16340100200
                    ],
                    [
                        -95.99255869600,
                        36.16338552600
                    ],
                    [
                        -95.99253713100,
                        36.16334877000
                    ],
                    [
                        -95.99249639600,
                        36.16336424600
                    ],
                    [
                        -95.99251796100,
                        36.16340100200
                    ]
                ]
            }
        },
        {
            "type": "Feature",
            "properties": {
                "PRIMARY": "UNKNOWN",
                "address": ["GREENWOOD AVE"],
                "STREET": "GREENWOOD AVE",
                "OBJECTID": "6555",
                "buildings": [1057,1058]
            },
            "geometry": {
                "type": "Polygon",
                "coordinates": [
                    [
                        -95.98673597700,
                        36.16208938200
                    ],
                    [
                        -95.98685818200,
                        36.16208938200
                    ],
                    [
                        -95.98685818200,
                        36.16202167300
                    ],
                    [
                        -95.98673597700,
                        36.16202167300
                    ],
                    [
                        -95.98673597700,
                        36.16208938200
                    ]
                ]
            }
        },
        {
            "type": "Feature",
            "properties": {
                "OBJECTID": "6421"
            },
            "geometry": {
                "type": "Polygon",
                "coordinates": [
                    [
                        -95.99135341700,
                        36.16264459900
                    ],
                    [
                        -95.99148760400,
                        36.16259817000
                    ],
                    [
                        -95.99145884900,
                        36.16254593700
                    ],
                    [
                        -95.99132466300,
                        36.16259430000
                    ],
                    [
                        -95.99135341700,
                        36.16264459900
                    ]
                ]
            }
        },
        {
            "type": "Feature",
            "properties": {
                "OBJECTID": "6786"
            },
            "geometry": {
                "type": "Polygon",
                "coordinates": [
                    [
                        -95.99039494500,
                        36.16132909700
                    ],
                    [
                        -95.99054830100,
                        36.16128073300
                    ],
                    [
                        -95.99042849200,
                        36.16103504100
                    ],
                    [
                        -95.99039734100,
                        36.16102730200
                    ],
                    [
                        -95.99026555100,
                        36.16106986300
                    ],
                    [
                        -95.99039494500,
                        36.16132909700
                    ]
                ]
            }
        },
        {
            "type": "Feature",
            "properties": {
                "OBJECTID": "7099"
            },
            "geometry": {
                "type": "Polygon",
                "coordinates": [
                    [
                        -95.99001634900,
                        36.15993232000
                    ],
                    [
                        -95.99010740300,
                        36.15989943100
                    ],
                    [
                        -95.99007146100,
                        36.15983752400
                    ],
                    [
                        -95.98998280200,
                        36.15987041200
                    ],
                    [
                        -95.99001634900,
                        36.15993232000
                    ]
                ]
            }
        },
        {
            "type": "Feature",
            "properties": {
                "OBJECTID": "5774"
            },
            "geometry": {
                "type": "Polygon",
                "coordinates": [
                    [
                        -95.98486055800,
                        36.15860323000
                    ],
                    [
                        -95.98482622100,
                        36.15853696800
                    ],
                    [
                        -95.98474475100,
                        36.15856792300
                    ],
                    [
                        -95.98477530200,
                        36.15863225000
                    ],
                    [
                        -95.98486055800,
                        36.15860323000
                    ]
                ]
            }
        },
        {
            "type": "Feature",
            "properties": {
                "OBJECTID": "6733"
            },
            "geometry": {
                "type": "Polygon",
                "coordinates": [
                    [
                        -95.99145166100,
                        36.16146838600
                    ],
                    [
                        -95.99144686800,
                        36.16145871400
                    ],
                    [
                        -95.99143968000,
                        36.16146064800
                    ],
                    [
                        -95.99144207600,
                        36.16146838600
                    ],
                    [
                        -95.99145166100,
                        36.16146838600
                    ]
                ]
            }
        },
        {
            "type": "Feature",
            "properties": {
                "OBJECTID": "5561"
            },
            "geometry": {
                "type": "Polygon",
                "coordinates": [
                    [
                        -95.98590450200,
                        36.16015673400
                    ],
                    [
                        -95.98589012500,
                        36.16012771500
                    ],
                    [
                        -95.98586856000,
                        36.16013545400
                    ],
                    [
                        -95.98588533300,
                        36.16016350500
                    ],
                    [
                        -95.98590450200,
                        36.16015673400
                    ]
                ]
            }
        },
        {
            "type": "Feature",
            "properties": {
                "OBJECTID": "7459"
            },
            "geometry": {
                "type": "Polygon",
                "coordinates": [
                    [
                        -95.98678390100,
                        36.15804798500
                    ],
                    [
                        -95.98760579100,
                        36.15775778600
                    ],
                    [
                        -95.98759381000,
                        36.15773457000
                    ],
                    [
                        -95.98677192000,
                        36.15802476900
                    ],
                    [
                        -95.98678390100,
                        36.15804798500
                    ]
                ]
            }
        },
        {
            "type": "Feature",
            "properties": {
                "OBJECTID": "6230"
            },
            "geometry": {
                "type": "Polygon",
                "coordinates": [
                    [
                        -95.99197163200,
                        36.16375308500
                    ],
                    [
                        -95.99212978000,
                        36.16370085300
                    ],
                    [
                        -95.99209623300,
                        36.16363507900
                    ],
                    [
                        -95.99193808600,
                        36.16368731200
                    ],
                    [
                        -95.99197163200,
                        36.16375308500
                    ]
                ]
            }
        },
        {
            "type": "Feature",
            "properties": {
                "OBJECTID": "6962"
            },
            "geometry": {
                "type": "Polygon",
                "coordinates": [
                    [
                        -95.98725834400,
                        36.16068681500
                    ],
                    [
                        -95.98728709900,
                        36.16067907600
                    ],
                    [
                        -95.98726792900,
                        36.16063651500
                    ],
                    [
                        -95.98723677900,
                        36.16064618800
                    ],
                    [
                        -95.98725834400,
                        36.16068681500
                    ]
                ]
            }
        },
        {
            "type": "Feature",
            "properties": {
                "OBJECTID": "7384"
            },
            "geometry": {
                "type": "Polygon",
                "coordinates": [
                    [
                        -95.98749676400,
                        36.15840299400
                    ],
                    [
                        -95.98745243500,
                        36.15831786900
                    ],
                    [
                        -95.98742248300,
                        36.15832657500
                    ],
                    [
                        -95.98747040600,
                        36.15841170000
                    ],
                    [
                        -95.98749676400,
                        36.15840299400
                    ]
                ]
            }
        },
        {
            "type": "Feature",
            "properties": {
                "buildings": [42],
                "PRIMARY": "309",
                "STREET": "ARCHER ST",
                "OBJECTID": "5612",
                "address": ["309 ARCHER ST"]
            },
            "geometry": {
                "type": "Polygon",
                "coordinates": [
                    [
                        -95.98924796500,
                        36.15887731000
                    ],
                    [
                        -95.98926076100,
                        36.15889986900
                    ],
                    [
                        -95.98930547400,
                        36.15888245700
                    ],
                    [
                        -95.98927432300,
                        36.15882441800
                    ],
                    [
                        -95.98925036200,
                        36.15883345200
                    ],
                    [
                        -95.98924077700,
                        36.15881861400
                    ],
                    [
                        -95.98920643900,
                        36.15883281400
                    ],
                    [
                        -95.98921202300,
                        36.15884506000
                    ],
                    [
                        -95.98919606400,
                        36.15885216000
                    ],
                    [
                        -95.98921523300,
                        36.15888632600
                    ],
                    [
                        -95.98924796500,
                        36.15887731000
                    ]
                ]
            }
        },
        {
            "type": "Feature",
            "properties": {
                "address": ["310 FRANKFORT AVE"],
                "buildings": [586],
                "PRIMARY": "310",
                "OBJECTID": "6672",
                "STREET": "FRANKFORT AVE"
            },
            "geometry": {
                "type": "Polygon",
                "coordinates": [
                    [
                        -95.98793406700,
                        36.16169086200
                    ],
                    [
                        -95.98806585700,
                        36.16169086200
                    ],
                    [
                        -95.98806585700,
                        36.16163862900
                    ],
                    [
                        -95.98793406700,
                        36.16163862900
                    ],
                    [
                        -95.98793406700,
                        36.16169086200
                    ]
                ]
            }
        },
        {
            "type": "Feature",
            "properties": {
                "OBJECTID": "616"
            },
            "geometry": {
                "type": "Polygon",
                "coordinates": [
                    [
                        -95.98172045800,
                        36.15944085300
                    ],
                    [
                        -95.98172045800,
                        36.15932913700
                    ],
                    [
                        -95.98164763200,
                        36.15932913700
                    ],
                    [
                        -95.98164763200,
                        36.15944085300
                    ],
                    [
                        -95.98172045800,
                        36.15944085300
                    ]
                ]
            }
        },
        {
            "type": "Feature",
            "properties": {
                "OBJECTID": "6191"
            },
            "geometry": {
                "type": "Polygon",
                "coordinates": [
                    [
                        -95.99218010000,
                        36.16403745900
                    ],
                    [
                        -95.99225677800,
                        36.16401231000
                    ],
                    [
                        -95.99223281600,
                        36.16396394700
                    ],
                    [
                        -95.99215613800,
                        36.16398909600
                    ],
                    [
                        -95.99218010000,
                        36.16403745900
                    ]
                ]
            }
        },
        {
            "type": "Feature",
            "properties": {
                "STREET": "ELGIN AVE",
                "address": ["305 ELGIN AVE"],
                "OBJECTID": "6892",
                "PRIMARY": "305",
                "buildings": [488,993,994]
            },
            "geometry": {
                "type": "Polygon",
                "coordinates": [
                    [
                        -95.98916091200,
                        36.16095378800
                    ],
                    [
                        -95.98926394800,
                        36.16091896500
                    ],
                    [
                        -95.98923519400,
                        36.16086092800
                    ],
                    [
                        -95.98912976200,
                        36.16089575000
                    ],
                    [
                        -95.98916091200,
                        36.16095378800
                    ]
                ]
            }
        },
        {
            "type": "Feature",
            "properties": {
                "address": ["ELGIN AVE"],
                "STREET": "ELGIN AVE",
                "PRIMARY": "UNKNOWN",
                "OBJECTID": "7211"
            },
            "geometry": {
                "type": "Polygon",
                "coordinates": [
                    [
                        -95.98926155200,
                        36.15939352800
                    ],
                    [
                        -95.98925076900,
                        36.15937418200
                    ],
                    [
                        -95.98921362800,
                        36.15938675700
                    ],
                    [
                        -95.98922321300,
                        36.15940610300
                    ],
                    [
                        -95.98926155200,
                        36.15939352800
                    ]
                ]
            }
        },
        {
            "type": "Feature",
            "properties": {
                "OBJECTID": "6162"
            },
            "geometry": {
                "type": "Polygon",
                "coordinates": [
                    [
                        -95.99350758400,
                        36.16417094000
                    ],
                    [
                        -95.99348841500,
                        36.16413225000
                    ],
                    [
                        -95.99346684900,
                        36.16413805300
                    ],
                    [
                        -95.99348601800,
                        36.16417674300
                    ],
                    [
                        -95.99350758400,
                        36.16417094000
                    ]
                ]
            }
        },
        {
            "type": "Feature",
            "properties": {
                "POI": "Dunbar School",
                "OBJECTID": "6396"
            },
            "geometry": {
                "type": "Polygon",
                "coordinates": [
                    [
                        -95.98546360500,
                        36.16277034400
                    ],
                    [
                        -95.98546360500,
                        36.16269489700
                    ],
                    [
                        -95.98548756700,
                        36.16269296200
                    ],
                    [
                        -95.98548756700,
                        36.16258269300
                    ],
                    [
                        -95.98528389100,
                        36.16258269300
                    ],
                    [
                        -95.98528389100,
                        36.16277034400
                    ],
                    [
                        -95.98546360500,
                        36.16277034400
                    ]
                ]
            }
        },
        {
            "type": "Feature",
            "properties": {
                "PRIMARY": "417",
                "buildings": [561],
                "address": ["417 FRANKFORT AVE"],
                "OBJECTID": "6298",
                "STREET": "FRANKFORT AVE"
            },
            "geometry": {
                "type": "Polygon",
                "coordinates": [
                    [
                        -95.98751952800,
                        36.16323850200
                    ],
                    [
                        -95.98759860200,
                        36.16320368000
                    ],
                    [
                        -95.98759860200,
                        36.16315531700
                    ],
                    [
                        -95.98751952800,
                        36.16315531700
                    ],
                    [
                        -95.98751952800,
                        36.16323850200
                    ]
                ]
            }
        },
        {
            "type": "Feature",
            "properties": {
                "OBJECTID": "6579"
            },
            "geometry": {
                "type": "Polygon",
                "coordinates": [
                    [
                        -95.99219447700,
                        36.16203134500
                    ],
                    [
                        -95.99262339300,
                        36.16188431900
                    ],
                    [
                        -95.99255869600,
                        36.16176050700
                    ],
                    [
                        -95.99224000400,
                        36.16187077700
                    ],
                    [
                        -95.99225677800,
                        36.16190753400
                    ],
                    [
                        -95.99222083500,
                        36.16194042100
                    ],
                    [
                        -95.99215853400,
                        36.16196363600
                    ],
                    [
                        -95.99219447700,
                        36.16203134500
                    ]
                ]
            }
        },
        {
            "type": "Feature",
            "properties": {
                "OBJECTID": "5793"
            },
            "geometry": {
                "type": "Polygon",
                "coordinates": [
                    [
                        -95.98891489600,
                        36.15653764100
                    ],
                    [
                        -95.98874876900,
                        36.15659440400
                    ],
                    [
                        -95.98889972800,
                        36.15689942800
                    ],
                    [
                        -95.98906825200,
                        36.15684204500
                    ],
                    [
                        -95.98891489600,
                        36.15653764100
                    ]
                ]
            }
        },
        {
            "type": "Feature",
            "properties": {
                "OBJECTID": "6360"
            },
            "geometry": {
                "type": "Polygon",
                "coordinates": [
                    [
                        -95.99073999500,
                        36.16299281600
                    ],
                    [
                        -95.99088855800,
                        36.16294058400
                    ],
                    [
                        -95.99085261600,
                        36.16287867800
                    ],
                    [
                        -95.99070644900,
                        36.16293091100
                    ],
                    [
                        -95.99073999500,
                        36.16299281600
                    ]
                ]
            }
        },
        {
            "type": "Feature",
            "properties": {
                "STREET": "ELGIN AVE",
                "PRIMARY": "126,128",
                "buildings": [49,62],
                "OBJECTID": "7136",
                "address": ["126 ELGIN AVE","128 ELGIN AVE"]
            },
            "geometry": {
                "type": "Polygon",
                "coordinates": [
                    [
                        -95.98899078300,
                        36.15978399300
                    ],
                    [
                        -95.98910261300,
                        36.15974530100
                    ],
                    [
                        -95.98906266900,
                        36.15967695000
                    ],
                    [
                        -95.98895405000,
                        36.15971434700
                    ],
                    [
                        -95.98899078300,
                        36.15978399300
                    ]
                ]
            }
        },
        {
            "type": "Feature",
            "properties": {
                "OBJECTID": "6251"
            },
            "geometry": {
                "type": "Polygon",
                "coordinates": [
                    [
                        -95.99261141200,
                        36.16356737100
                    ],
                    [
                        -95.99266652500,
                        36.16354996100
                    ],
                    [
                        -95.99263777000,
                        36.16349385900
                    ],
                    [
                        -95.99258265800,
                        36.16351320500
                    ],
                    [
                        -95.99261141200,
                        36.16356737100
                    ]
                ]
            }
        },
        {
            "type": "Feature",
            "properties": {
                "OBJECTID": "6523"
            },
            "geometry": {
                "type": "Polygon",
                "coordinates": [
                    [
                        -95.99205549800,
                        36.16220739000
                    ],
                    [
                        -95.99213696900,
                        36.16217837200
                    ],
                    [
                        -95.99210102600,
                        36.16211259700
                    ],
                    [
                        -95.99201955600,
                        36.16214161500
                    ],
                    [
                        -95.99205549800,
                        36.16220739000
                    ]
                ]
            }
        },
        {
            "type": "Feature",
            "properties": {
                "OBJECTID": "6498"
            },
            "geometry": {
                "type": "Polygon",
                "coordinates": [
                    [
                        -95.99182786100,
                        36.16228864200
                    ],
                    [
                        -95.99198840500,
                        36.16223253900
                    ],
                    [
                        -95.99195485900,
                        36.16217063400
                    ],
                    [
                        -95.99179431500,
                        36.16222673600
                    ],
                    [
                        -95.99182786100,
                        36.16228864200
                    ]
                ]
            }
        },
        {
            "type": "Feature",
            "properties": {
                "address": ["DEAN PL"],
                "OBJECTID": "6855",
                "STREET": "DEAN PL",
                "PRIMARY": "UNKNOWN"
            },
            "geometry": {
                "type": "Polygon",
                "coordinates": [
                    [
                        -95.98894046300,
                        36.16107179800
                    ],
                    [
                        -95.98893327500,
                        36.16105438600
                    ],
                    [
                        -95.98887576600,
                        36.16107566700
                    ],
                    [
                        -95.98888535100,
                        36.16109114400
                    ],
                    [
                        -95.98894046300,
                        36.16107179800
                    ]
                ]
            }
        },
        {
            "type": "Feature",
            "properties": {
                "STREET": "ELGIN AVE",
                "OBJECTID": "7176",
                "PRIMARY": "122",
                "address": ["122 ELGIN AVE"],
                "buildings": [52]
            },
            "geometry": {
                "type": "Polygon",
                "coordinates": [
                    [
                        -95.98893387400,
                        36.15958457200
                    ],
                    [
                        -95.98904170200,
                        36.15954974900
                    ],
                    [
                        -95.98902013600,
                        36.15950622000
                    ],
                    [
                        -95.98891170900,
                        36.15954249400
                    ],
                    [
                        -95.98893387400,
                        36.15958457200
                    ]
                ]
            }
        },
        {
            "type": "Feature",
            "properties": {
                "address": ["314 ARCHER ST"],
                "OBJECTID": "5703",
                "STREET": "ARCHER ST",
                "PRIMARY": "314"
            },
            "geometry": {
                "type": "Polygon",
                "coordinates": [
                    [
                        -95.98875914500,
                        36.15866320400
                    ],
                    [
                        -95.98879110900,
                        36.15872381600
                    ],
                    [
                        -95.98883742800,
                        36.15871093100
                    ],
                    [
                        -95.98876393700,
                        36.15856904500
                    ],
                    [
                        -95.98871840900,
                        36.15858452200
                    ],
                    [
                        -95.98875914500,
                        36.15866320400
                    ]
                ]
            }
        },
        {
            "type": "Feature",
            "properties": {
                "address": ["306 GREENWOOD AVE"],
                "buildings": [671],
                "PRIMARY": "306",
                "STREET": "GREENWOOD AVE",
                "OBJECTID": "6709"
            },
            "geometry": {
                "type": "Polygon",
                "coordinates": [
                    [
                        -95.98675514600,
                        36.16155544200
                    ],
                    [
                        -95.98687735200,
                        36.16155544200
                    ],
                    [
                        -95.98687735200,
                        36.16149160100
                    ],
                    [
                        -95.98675514600,
                        36.16149160100
                    ],
                    [
                        -95.98675514600,
                        36.16155544200
                    ]
                ]
            }
        },
        {
            "type": "Feature",
            "properties": {
                "buildings": [1019,1020],
                "PRIMARY": "UNKNOWN",
                "address": ["FRANKFORT AVE"],
                "OBJECTID": "6445",
                "STREET": "FRANKFORT AVE"
            },
            "geometry": {
                "type": "Polygon",
                "coordinates": [
                    [
                        -95.98797001000,
                        36.16249176900
                    ],
                    [
                        -95.98797001000,
                        36.16247242400
                    ],
                    [
                        -95.98792208700,
                        36.16247242400
                    ],
                    [
                        -95.98792208700,
                        36.16249176900
                    ],
                    [
                        -95.98797001000,
                        36.16249176900
                    ]
                ]
            }
        },
        {
            "type": "Feature",
            "properties": {
                "OBJECTID": "6790"
            },
            "geometry": {
                "type": "Polygon",
                "coordinates": [
                    [
                        -95.99132466300,
                        36.16132716200
                    ],
                    [
                        -95.99146124600,
                        36.16127686300
                    ],
                    [
                        -95.99143488800,
                        36.16122656400
                    ],
                    [
                        -95.99129590900,
                        36.16127492900
                    ],
                    [
                        -95.99132466300,
                        36.16132716200
                    ]
                ]
            }
        },
        {
            "type": "Feature",
            "properties": {
                "OBJECTID": "7119",
                "address": ["608 ARCHER ST","610 ARCHER ST"],
                "PRIMARY": "608,610",
                "STREET": "ARCHER ST",
                "buildings": [783,784]
            },
            "geometry": {
                "type": "Polygon",
                "coordinates": [
                    [
                        -95.98554986800,
                        36.15984526200
                    ],
                    [
                        -95.98569603500,
                        36.15979302700
                    ],
                    [
                        -95.98564092200,
                        36.15969436200
                    ],
                    [
                        -95.98561456400,
                        36.15968468900
                    ],
                    [
                        -95.98548517100,
                        36.15973112000
                    ],
                    [
                        -95.98554986800,
                        36.15984526200
                    ]
                ]
            }
        },
        {
            "type": "Feature",
            "properties": {
                "address": ["112 GREENWOOD AVE"],
                "buildings": [891],
                "OBJECTID": "5594",
                "STREET": "GREENWOOD AVE",
                "PRIMARY": "112"
            },
            "geometry": {
                "type": "Polygon",
                "coordinates": [
                    [
                        -95.98679708000,
                        36.16002034400
                    ],
                    [
                        -95.98670003400,
                        36.15998552100
                    ],
                    [
                        -95.98634779600,
                        36.16010450000
                    ],
                    [
                        -95.98637774800,
                        36.16016060300
                    ],
                    [
                        -95.98679708000,
                        36.16002034400
                    ]
                ]
            }
        },
        {
            "type": "Feature",
            "properties": {
                "PRIMARY": "309",
                "OBJECTID": "6657",
                "buildings": [479],
                "STREET": "EXETER PL",
                "address": ["309 EXETER PL"]
            },
            "geometry": {
                "type": "Polygon",
                "coordinates": [
                    [
                        -95.98870084500,
                        36.16174696500
                    ],
                    [
                        -95.98883263500,
                        36.16174696500
                    ],
                    [
                        -95.98883263500,
                        36.16169473100
                    ],
                    [
                        -95.98870084500,
                        36.16169473100
                    ],
                    [
                        -95.98870084500,
                        36.16174696500
                    ]
                ]
            }
        },
        {
            "type": "Feature",
            "properties": {
                "OBJECTID": "7653"
            },
            "geometry": {
                "type": "Polygon",
                "coordinates": [
                    [
                        -95.98889972800,
                        36.15689942800
                    ],
                    [
                        -95.98880630100,
                        36.15672077900
                    ],
                    [
                        -95.98877594100,
                        36.15673238700
                    ],
                    [
                        -95.98886539100,
                        36.15691167500
                    ],
                    [
                        -95.98889972800,
                        36.15689942800
                    ]
                ]
            }
        },
        {
            "type": "Feature",
            "properties": {
                "OBJECTID": "5585",
                "address": ["611 ELMIRA AVE"],
                "STREET": "ELMIRA AVE",
                "PRIMARY": "611"
            },
            "geometry": {
                "type": "Polygon",
                "coordinates": [
                    [
                        -95.98943407700,
                        36.16501438100
                    ],
                    [
                        -95.98957065900,
                        36.16501244600
                    ],
                    [
                        -95.98956826300,
                        36.16495634600
                    ],
                    [
                        -95.98943168000,
                        36.16495828000
                    ],
                    [
                        -95.98943407700,
                        36.16501438100
                    ]
                ]
            }
        },
        {
            "type": "Feature",
            "properties": {
                "STREET": "ELGIN AVE",
                "address": ["523 ELGIN AVE"],
                "OBJECTID": "6233",
                "PRIMARY": "523"
            },
            "geometry": {
                "type": "Polygon",
                "coordinates": [
                    [
                        -95.99059622400,
                        36.16368731200
                    ],
                    [
                        -95.99068248700,
                        36.16365829400
                    ],
                    [
                        -95.99066331700,
                        36.16362153800
                    ],
                    [
                        -95.99057705500,
                        36.16365055600
                    ],
                    [
                        -95.99059622400,
                        36.16368731200
                    ]
                ]
            }
        },
        {
            "type": "Feature",
            "properties": {
                "STREET": "HARTFORD AVE",
                "address": ["106 HARTFORD AVE"],
                "buildings": [758],
                "PRIMARY": "106",
                "OBJECTID": "7006"
            },
            "geometry": {
                "type": "Polygon",
                "coordinates": [
                    [
                        -95.98521560000,
                        36.16042080800
                    ],
                    [
                        -95.98520361900,
                        36.16039565800
                    ],
                    [
                        -95.98512814000,
                        36.16042177500
                    ],
                    [
                        -95.98513892300,
                        36.16044692500
                    ],
                    [
                        -95.98521560000,
                        36.16042080800
                    ]
                ]
            }
        },
        {
            "type": "Feature",
            "properties": {
                "PRIMARY": "UNKNOWN",
                "STREET": "DETROIT AVE",
                "OBJECTID": "7393",
                "address": ["DETROIT AVE"]
            },
            "geometry": {
                "type": "Polygon",
                "coordinates": [
                    [
                        -95.98920164700,
                        36.15837494100
                    ],
                    [
                        -95.98930228700,
                        36.15834205200
                    ],
                    [
                        -95.98927353200,
                        36.15828594700
                    ],
                    [
                        -95.98917289300,
                        36.15832077100
                    ],
                    [
                        -95.98920164700,
                        36.15837494100
                    ]
                ]
            }
        },
        {
            "type": "Feature",
            "properties": {
                "buildings": [89],
                "address": ["413 HASKELL ST"],
                "STREET": "HASKELL ST",
                "OBJECTID": "6142",
                "PRIMARY": "413"
            },
            "geometry": {
                "type": "Polygon",
                "coordinates": [
                    [
                        -95.99039254900,
                        36.16446305000
                    ],
                    [
                        -95.99048120800,
                        36.16446305000
                    ],
                    [
                        -95.99048120800,
                        36.16437986600
                    ],
                    [
                        -95.99039254900,
                        36.16437986600
                    ],
                    [
                        -95.99039254900,
                        36.16446305000
                    ]
                ]
            }
        },
        {
            "type": "Feature",
            "properties": {
                "OBJECTID": "6376"
            },
            "geometry": {
                "type": "Polygon",
                "coordinates": [
                    [
                        -95.99321525000,
                        36.16291156500
                    ],
                    [
                        -95.99327275800,
                        36.16289222000
                    ],
                    [
                        -95.99328473900,
                        36.16286900600
                    ],
                    [
                        -95.99322723100,
                        36.16275099900
                    ],
                    [
                        -95.99314815700,
                        36.16277614800
                    ],
                    [
                        -95.99321525000,
                        36.16291156500
                    ]
                ]
            }
        },
        {
            "type": "Feature",
            "properties": {
                "OBJECTID": "5544"
            },
            "geometry": {
                "type": "Polygon",
                "coordinates": [
                    [
                        -95.99165373100,
                        36.16074742600
                    ],
                    [
                        -95.99165373100,
                        36.16071906400
                    ],
                    [
                        -95.99090293500,
                        36.16074227900
                    ],
                    [
                        -95.99099399000,
                        36.16091122700
                    ],
                    [
                        -95.99117130800,
                        36.16090478500
                    ],
                    [
                        -95.99116491000,
                        36.16075903300
                    ],
                    [
                        -95.99165373100,
                        36.16074742600
                    ]
                ]
            }
        },
        {
            "type": "Feature",
            "properties": {
                "OBJECTID": "6198"
            },
            "geometry": {
                "type": "Polygon",
                "coordinates": [
                    [
                        -95.99353633800,
                        36.16396781600
                    ],
                    [
                        -95.99365854300,
                        36.16392719200
                    ],
                    [
                        -95.99363218500,
                        36.16387496000
                    ],
                    [
                        -95.99350998000,
                        36.16391558400
                    ],
                    [
                        -95.99353633800,
                        36.16396781600
                    ]
                ]
            }
        },
        {
            "type": "Feature",
            "properties": {
                "POI": "WAREHOUSE",
                "OBJECTID": "6927"
            },
            "geometry": {
                "type": "Polygon",
                "coordinates": [
                    [
                        -95.99051235800,
                        36.16080482500
                    ],
                    [
                        -95.99060820500,
                        36.16077774000
                    ],
                    [
                        -95.99056028200,
                        36.16067327200
                    ],
                    [
                        -95.99046443400,
                        36.16070229100
                    ],
                    [
                        -95.99051235800,
                        36.16080482500
                    ]
                ]
            }
        },
        {
            "type": "Feature",
            "properties": {
                "address": ["418 ARCHER ST"],
                "PRIMARY": "418",
                "buildings": [28],
                "OBJECTID": "7266",
                "STREET": "ARCHER ST"
            },
            "geometry": {
                "type": "Polygon",
                "coordinates": [
                    [
                        -95.98752192400,
                        36.15916330800
                    ],
                    [
                        -95.98758063100,
                        36.15914105900
                    ],
                    [
                        -95.98751713200,
                        36.15902498100
                    ],
                    [
                        -95.98745962400,
                        36.15904626200
                    ],
                    [
                        -95.98752192400,
                        36.15916330800
                    ]
                ]
            }
        },
        {
            "type": "Feature",
            "properties": {
                "OBJECTID": "5783"
            },
            "geometry": {
                "type": "Polygon",
                "coordinates": [
                    [
                        -95.98734999800,
                        36.15737665500
                    ],
                    [
                        -95.98742847300,
                        36.15735005400
                    ],
                    [
                        -95.98730027800,
                        36.15709806200
                    ],
                    [
                        -95.98721641100,
                        36.15712563100
                    ],
                    [
                        -95.98734999800,
                        36.15737665500
                    ]
                ]
            }
        },
        {
            "type": "Feature",
            "properties": {
                "PRIMARY": "UNKNOWN",
                "address": ["GREENWOOD AVE"],
                "STREET": "GREENWOOD AVE",
                "buildings": [1057,1058],
                "OBJECTID": "6336"
            },
            "geometry": {
                "type": "Polygon",
                "coordinates": [
                    [
                        -95.98712176200,
                        36.16310888800
                    ],
                    [
                        -95.98712895100,
                        36.16307213200
                    ],
                    [
                        -95.98707863100,
                        36.16306632800
                    ],
                    [
                        -95.98707144200,
                        36.16310308500
                    ],
                    [
                        -95.98712176200,
                        36.16310888800
                    ]
                ]
            }
        },
        {
            "type": "Feature",
            "properties": {
                "PRIMARY": "UNKNOWN",
                "address": ["GREENWOOD AVE"],
                "STREET": "GREENWOOD AVE",
                "OBJECTID": "6301",
                "buildings": [1057,1058]
            },
            "geometry": {
                "type": "Polygon",
                "coordinates": [
                    [
                        -95.98607223500,
                        36.16323269800
                    ],
                    [
                        -95.98607223500,
                        36.16320174600
                    ],
                    [
                        -95.98605306500,
                        36.16320174600
                    ],
                    [
                        -95.98605306500,
                        36.16323269800
                    ],
                    [
                        -95.98607223500,
                        36.16323269800
                    ]
                ]
            }
        },
        {
            "type": "Feature",
            "properties": {
                "OBJECTID": "6626",
                "PRIMARY": "311",
                "address": ["311 EXETER PL"],
                "STREET": "EXETER PL",
                "buildings": [480]
            },
            "geometry": {
                "type": "Polygon",
                "coordinates": [
                    [
                        -95.98883263500,
                        36.16186303900
                    ],
                    [
                        -95.98883742800,
                        36.16181467400
                    ],
                    [
                        -95.98870084500,
                        36.16180887100
                    ],
                    [
                        -95.98869605300,
                        36.16185723500
                    ],
                    [
                        -95.98883263500,
                        36.16186303900
                    ]
                ]
            }
        },
        {
            "type": "Feature",
            "properties": {
                "OBJECTID": "6454"
            },
            "geometry": {
                "type": "Polygon",
                "coordinates": [
                    [
                        -95.99045964200,
                        36.16247048900
                    ],
                    [
                        -95.99057465900,
                        36.16243953700
                    ],
                    [
                        -95.99059143200,
                        36.16241632200
                    ],
                    [
                        -95.99056986600,
                        36.16236602400
                    ],
                    [
                        -95.99043088800,
                        36.16240278000
                    ],
                    [
                        -95.99045964200,
                        36.16247048900
                    ]
                ]
            }
        },
        {
            "type": "Feature",
            "properties": {
                "PRIMARY": "705",
                "OBJECTID": "6821",
                "STREET": "CAMERON ST",
                "buildings": [804],
                "address": ["705 CAMERON ST"]
            },
            "geometry": {
                "type": "Polygon",
                "coordinates": [
                    [
                        -95.98485178800,
                        36.16121431800
                    ],
                    [
                        -95.98479907200,
                        36.16121431800
                    ],
                    [
                        -95.98480067700,
                        36.16125043700
                    ],
                    [
                        -95.98485178800,
                        36.16125043700
                    ],
                    [
                        -95.98485178800,
                        36.16121431800
                    ]
                ]
            }
        },
        {
            "type": "Feature",
            "properties": {
                "OBJECTID": "7140"
            },
            "geometry": {
                "type": "Polygon",
                "coordinates": [
                    [
                        -95.98698278400,
                        36.15975046600
                    ],
                    [
                        -95.98696601000,
                        36.15972434800
                    ],
                    [
                        -95.98695043500,
                        36.15973112000
                    ],
                    [
                        -95.98696720800,
                        36.15975723700
                    ],
                    [
                        -95.98698278400,
                        36.15975046600
                    ]
                ]
            }
        },
        {
            "type": "Feature",
            "properties": {
                "PRIMARY": "UNKNOWN",
                "address": ["EASTON ST"],
                "STREET": "EASTON ST",
                "OBJECTID": "6266"
            },
            "geometry": {
                "type": "Polygon",
                "coordinates": [
                    [
                        -95.98861697900,
                        36.16343002000
                    ],
                    [
                        -95.98859541300,
                        36.16342808600
                    ],
                    [
                        -95.98859062100,
                        36.16349772800
                    ],
                    [
                        -95.98861218700,
                        36.16349966300
                    ],
                    [
                        -95.98861697900,
                        36.16343002000
                    ]
                ]
            }
        },
        {
            "type": "Feature",
            "properties": {
                "OBJECTID": "6557",
                "STREET": "GREENWOOD AVE",
                "address": ["315 GREENWOOD AVE"],
                "PRIMARY": "315",
                "buildings": [728]
            },
            "geometry": {
                "type": "Polygon",
                "coordinates": [
                    [
                        -95.98625674100,
                        36.16206810200
                    ],
                    [
                        -95.98628070300,
                        36.16208744800
                    ],
                    [
                        -95.98636936100,
                        36.16208744800
                    ],
                    [
                        -95.98636936100,
                        36.16203134500
                    ],
                    [
                        -95.98625674100,
                        36.16203134500
                    ],
                    [
                        -95.98625674100,
                        36.16206810200
                    ]
                ]
            }
        },
        {
            "type": "Feature",
            "properties": {
                "OBJECTID": "6404"
            },
            "geometry": {
                "type": "Polygon",
                "coordinates": [
                    [
                        -95.98883742800,
                        36.16271230800
                    ],
                    [
                        -95.98883742800,
                        36.16268909300
                    ],
                    [
                        -95.98881586200,
                        36.16268909300
                    ],
                    [
                        -95.98881586200,
                        36.16271230800
                    ],
                    [
                        -95.98883742800,
                        36.16271230800
                    ]
                ]
            }
        },
        {
            "type": "Feature",
            "properties": {
                "OBJECTID": "6776"
            },
            "geometry": {
                "type": "Polygon",
                "coordinates": [
                    [
                        -95.99189176700,
                        36.16137552700
                    ],
                    [
                        -95.99193729500,
                        36.16136134600
                    ],
                    [
                        -95.99192052100,
                        36.16133426200
                    ],
                    [
                        -95.99187739000,
                        36.16134844300
                    ],
                    [
                        -95.99189176700,
                        36.16137552700
                    ]
                ]
            }
        },
        {
            "type": "Feature",
            "properties": {
                "OBJECTID": "7051"
            },
            "geometry": {
                "type": "Polygon",
                "coordinates": [
                    [
                        -95.98728709900,
                        36.16018865500
                    ],
                    [
                        -95.98725714600,
                        36.16018091700
                    ],
                    [
                        -95.98724995800,
                        36.16019736100
                    ],
                    [
                        -95.98727871200,
                        36.16020800100
                    ],
                    [
                        -95.98728709900,
                        36.16018865500
                    ]
                ]
            }
        },
        {
            "type": "Feature",
            "properties": {
                "OBJECTID": "5722"
            },
            "geometry": {
                "type": "Polygon",
                "coordinates": [
                    [
                        -95.98972562000,
                        36.15763654000
                    ],
                    [
                        -95.98976554000,
                        36.15771199200
                    ],
                    [
                        -95.98982784100,
                        36.15768943400
                    ],
                    [
                        -95.98978792000,
                        36.15761525900
                    ],
                    [
                        -95.98972562000,
                        36.15763654000
                    ]
                ]
            }
        },
        {
            "type": "Feature",
            "properties": {
                "OBJECTID": "6746"
            },
            "geometry": {
                "type": "Polygon",
                "coordinates": [
                    [
                        -95.98836298400,
                        36.16143163000
                    ],
                    [
                        -95.98836298400,
                        36.16141228400
                    ],
                    [
                        -95.98833423000,
                        36.16141228400
                    ],
                    [
                        -95.98833423000,
                        36.16143163000
                    ],
                    [
                        -95.98836298400,
                        36.16143163000
                    ]
                ]
            }
        },
        {
            "type": "Feature",
            "properties": {
                "buildings": [1059,1060],
                "STREET": "GREENWOOD AVE",
                "PRIMARY": "113",
                "address": ["113 GREENWOOD AVE"],
                "OBJECTID": "5567"
            },
            "geometry": {
                "type": "Polygon",
                "coordinates": [
                    [
                        -95.98597758600,
                        36.16029699300
                    ],
                    [
                        -95.98600993400,
                        36.16036083500
                    ],
                    [
                        -95.98616329000,
                        36.16030183000
                    ],
                    [
                        -95.98613453600,
                        36.16023992200
                    ],
                    [
                        -95.98597758600,
                        36.16029699300
                    ]
                ]
            }
        },
        {
            "type": "Feature",
            "properties": {
                "address": ["510 FRANKFORT AVE","512 FRANKFORT AVE"],
                "PRIMARY": "510,512",
                "buildings": [571,574,991,992],
                "OBJECTID": "6211",
                "STREET": "FRANKFORT AVE"
            },
            "geometry": {
                "type": "Polygon",
                "coordinates": [
                    [
                        -95.98795563300,
                        36.16386722200
                    ],
                    [
                        -95.98801074500,
                        36.16386722200
                    ],
                    [
                        -95.98801074500,
                        36.16374147800
                    ],
                    [
                        -95.98791250200,
                        36.16374147800
                    ],
                    [
                        -95.98791250200,
                        36.16384787600
                    ],
                    [
                        -95.98795323700,
                        36.16384787600
                    ],
                    [
                        -95.98795563300,
                        36.16386722200
                    ]
                ]
            }
        },
        {
            "type": "Feature",
            "properties": {
                "address": ["112 HARTFORD AVE"],
                "buildings": [755],
                "STREET": "HARTFORD AVE",
                "PRIMARY": "112",
                "OBJECTID": "6980"
            },
            "geometry": {
                "type": "Polygon",
                "coordinates": [
                    [
                        -95.98522398700,
                        36.16061136500
                    ],
                    [
                        -95.98537374800,
                        36.16056106600
                    ],
                    [
                        -95.98533780600,
                        36.16048948600
                    ],
                    [
                        -95.98518804400,
                        36.16053881800
                    ],
                    [
                        -95.98522398700,
                        36.16061136500
                    ]
                ]
            }
        },
        {
            "type": "Feature",
            "properties": {
                "OBJECTID": "7359"
            },
            "geometry": {
                "type": "Polygon",
                "coordinates": [
                    [
                        -95.98780546500,
                        36.15857034100
                    ],
                    [
                        -95.98786616000,
                        36.15855099400
                    ],
                    [
                        -95.98783100800,
                        36.15848392000
                    ],
                    [
                        -95.98777110400,
                        36.15850456300
                    ],
                    [
                        -95.98780546500,
                        36.15857034100
                    ]
                ]
            }
        },
        {
            "type": "Feature",
            "properties": {
                "buildings": [53],
                "STREET": "ELGIN AVE",
                "PRIMARY": "120",
                "address": ["120 ELGIN AVE"],
                "OBJECTID": "5617"
            },
            "geometry": {
                "type": "Polygon",
                "coordinates": [
                    [
                        -95.98887416100,
                        36.15956280800
                    ],
                    [
                        -95.98891170900,
                        36.15954926500
                    ],
                    [
                        -95.98889654100,
                        36.15952154200
                    ],
                    [
                        -95.98885899300,
                        36.15953508500
                    ],
                    [
                        -95.98887416100,
                        36.15956280800
                    ]
                ]
            }
        },
        {
            "type": "Feature",
            "properties": {
                "PRIMARY": "316.25",
                "STREET": "HARTFORD AVE",
                "OBJECTID": "6660",
                "buildings": [715],
                "address": ["316.25 HARTFORD AVE"]
            },
            "geometry": {
                "type": "Polygon",
                "coordinates": [
                    [
                        -95.98568645000,
                        36.16172181500
                    ],
                    [
                        -95.98572239300,
                        36.16172181500
                    ],
                    [
                        -95.98572239300,
                        36.16166571300
                    ],
                    [
                        -95.98568645000,
                        36.16166571300
                    ],
                    [
                        -95.98568645000,
                        36.16172181500
                    ]
                ]
            }
        },
        {
            "type": "Feature",
            "properties": {
                "OBJECTID": "7690"
            },
            "geometry": {
                "type": "Polygon",
                "coordinates": [
                    [
                        -95.98794125600,
                        36.15662599800
                    ],
                    [
                        -95.98836058800,
                        36.15648089600
                    ],
                    [
                        -95.98823119400,
                        36.15623325400
                    ],
                    [
                        -95.98780946600,
                        36.15638029100
                    ],
                    [
                        -95.98794125600,
                        36.15662599800
                    ]
                ]
            }
        },
        {
            "type": "Feature",
            "properties": {
                "address": ["612 ELMIRA AVE"],
                "OBJECTID": "5588",
                "PRIMARY": "612",
                "STREET": "ELMIRA AVE"
            },
            "geometry": {
                "type": "Polygon",
                "coordinates": [
                    [
                        -95.98991810500,
                        36.16483834200
                    ],
                    [
                        -95.98999717900,
                        36.16483834200
                    ],
                    [
                        -95.98999717900,
                        36.16478611100
                    ],
                    [
                        -95.98991810500,
                        36.16478611100
                    ],
                    [
                        -95.98991810500,
                        36.16483834200
                    ]
                ]
            }
        },
        {
            "type": "Feature",
            "properties": {
                "PRIMARY": "520",
                "OBJECTID": "6179",
                "address": ["520"]
            },
            "geometry": {
                "type": "Polygon",
                "coordinates": [
                    [
                        -95.98671680800,
                        36.16411870800
                    ],
                    [
                        -95.98677192000,
                        36.16411870800
                    ],
                    [
                        -95.98677192000,
                        36.16407808300
                    ],
                    [
                        -95.98671680800,
                        36.16407808300
                    ],
                    [
                        -95.98671680800,
                        36.16411870800
                    ]
                ]
            }
        },
        {
            "type": "Feature",
            "properties": {
                "address": ["218 FRANKFORT AVE"],
                "PRIMARY": "218",
                "buildings": [548,1015,1016],
                "OBJECTID": "6894",
                "STREET": "FRANKFORT AVE"
            },
            "geometry": {
                "type": "Polygon",
                "coordinates": [
                    [
                        -95.98822400500,
                        36.16094411500
                    ],
                    [
                        -95.98837496500,
                        36.16089188100
                    ],
                    [
                        -95.98836058800,
                        36.16086479700
                    ],
                    [
                        -95.98820962800,
                        36.16091703100
                    ],
                    [
                        -95.98822400500,
                        36.16094411500
                    ]
                ]
            }
        },
        {
            "type": "Feature",
            "properties": {
                "address": ["1 GREENWOOD AVE","5 GREENWOOD AVE"],
                "PRIMARY": "1,5",
                "STREET": "GREENWOOD AVE",
                "OBJECTID": "7235"
            },
            "geometry": {
                "type": "Polygon",
                "coordinates": [
                    [
                        -95.98545322900,
                        36.15928228700
                    ],
                    [
                        -95.98558902100,
                        36.15923392200
                    ],
                    [
                        -95.98546281400,
                        36.15899145400
                    ],
                    [
                        -95.98532623200,
                        36.15903724700
                    ],
                    [
                        -95.98545322900,
                        36.15928228700
                    ]
                ]
            }
        },
        {
            "type": "Feature",
            "properties": {
                "OBJECTID": "6165",
                "address": ["522"],
                "PRIMARY": "522"
            },
            "geometry": {
                "type": "Polygon",
                "coordinates": [
                    [
                        -95.98676233500,
                        36.16417480900
                    ],
                    [
                        -95.98676233500,
                        36.16416126700
                    ],
                    [
                        -95.98671680800,
                        36.16416126700
                    ],
                    [
                        -95.98671680800,
                        36.16417480900
                    ],
                    [
                        -95.98676233500,
                        36.16417480900
                    ]
                ]
            }
        },
        {
            "type": "Feature",
            "properties": {
                "address": ["408 EASTON ST","410 EASTON ST"],
                "PRIMARY": "408,410",
                "OBJECTID": "6385",
                "STREET": "EASTON ST",
                "buildings": [536,537]
            },
            "geometry": {
                "type": "Polygon",
                "coordinates": [
                    [
                        -95.98975995700,
                        36.16283418400
                    ],
                    [
                        -95.98990372800,
                        36.16278582000
                    ],
                    [
                        -95.98985340800,
                        36.16268522400
                    ],
                    [
                        -95.98979350400,
                        36.16270457000
                    ],
                    [
                        -95.98977193800,
                        36.16267168200
                    ],
                    [
                        -95.98969046800,
                        36.16269876600
                    ],
                    [
                        -95.98975995700,
                        36.16283418400
                    ]
                ]
            }
        },
        {
            "type": "Feature",
            "properties": {
                "address": ["118.5 HARTFORD AVE"],
                "buildings": [750],
                "STREET": "HARTFORD AVE",
                "PRIMARY": "118.5",
                "OBJECTID": "5556"
            },
            "geometry": {
                "type": "Polygon",
                "coordinates": [
                    [
                        -95.98554986800,
                        36.16081062800
                    ],
                    [
                        -95.98553429200,
                        36.16081353000
                    ],
                    [
                        -95.98554267900,
                        36.16083577800
                    ],
                    [
                        -95.98557742400,
                        36.16082417100
                    ],
                    [
                        -95.98555945200,
                        36.16079031500
                    ],
                    [
                        -95.98554267900,
                        36.16079515200
                    ],
                    [
                        -95.98554986800,
                        36.16081062800
                    ]
                ]
            }
        },
        {
            "type": "Feature",
            "properties": {
                "OBJECTID": "6291"
            },
            "geometry": {
                "type": "Polygon",
                "coordinates": [
                    [
                        -95.99248441500,
                        36.16326752000
                    ],
                    [
                        -95.99247722600,
                        36.16325591300
                    ],
                    [
                        -95.99246764100,
                        36.16325978200
                    ],
                    [
                        -95.99247483000,
                        36.16327138900
                    ],
                    [
                        -95.99248441500,
                        36.16326752000
                    ]
                ]
            }
        },
        {
            "type": "Feature",
            "properties": {
                "address": ["312.5 GREENWOOD AVE"],
                "STREET": "GREENWOOD AVE",
                "PRIMARY": "312.5",
                "OBJECTID": "6588"
            },
            "geometry": {
                "type": "Polygon",
                "coordinates": [
                    [
                        -95.98674076900,
                        36.16198685100
                    ],
                    [
                        -95.98686297500,
                        36.16198685100
                    ],
                    [
                        -95.98686297500,
                        36.16193074800
                    ],
                    [
                        -95.98674076900,
                        36.16193074800
                    ],
                    [
                        -95.98674076900,
                        36.16198685100
                    ]
                ]
            }
        },
        {
            "type": "Feature",
            "properties": {
                "OBJECTID": "6129",
                "POI": "Tulsa Brick Plant"
            },
            "geometry": {
                "type": "Polygon",
                "coordinates": [
                    [
                        -95.98819285500,
                        36.16479384900
                    ],
                    [
                        -95.98821681700,
                        36.16465650000
                    ],
                    [
                        -95.98811857300,
                        36.16464682700
                    ],
                    [
                        -95.98809700800,
                        36.16478224200
                    ],
                    [
                        -95.98819285500,
                        36.16479384900
                    ]
                ]
            }
        },
        {
            "type": "Feature",
            "properties": {
                "buildings": [560],
                "OBJECTID": "6339",
                "address": ["415 FRANKFORT AVE"],
                "PRIMARY": "415",
                "STREET": "FRANKFORT AVE"
            },
            "geometry": {
                "type": "Polygon",
                "coordinates": [
                    [
                        -95.98747639700,
                        36.16309728100
                    ],
                    [
                        -95.98759860200,
                        36.16309728100
                    ],
                    [
                        -95.98759860200,
                        36.16304891800
                    ],
                    [
                        -95.98747639700,
                        36.16304891800
                    ],
                    [
                        -95.98747639700,
                        36.16309728100
                    ]
                ]
            }
        },
        {
            "type": "Feature",
            "properties": {
                "address": ["501 EXETER PL"],
                "STREET": "EXETER PL",
                "OBJECTID": "6256",
                "buildings": [516],
                "PRIMARY": "501"
            },
            "geometry": {
                "type": "Polygon",
                "coordinates": [
                    [
                        -95.98879669300,
                        36.16353061500
                    ],
                    [
                        -95.98886138900,
                        36.16353061500
                    ],
                    [
                        -95.98886138900,
                        36.16342808600
                    ],
                    [
                        -95.98879669300,
                        36.16342808600
                    ],
                    [
                        -95.98879669300,
                        36.16353061500
                    ]
                ]
            }
        },
        {
            "type": "Feature",
            "properties": {
                "OBJECTID": "6505"
            },
            "geometry": {
                "type": "Polygon",
                "coordinates": [
                    [
                        -95.99353633800,
                        36.16226542700
                    ],
                    [
                        -95.99361780800,
                        36.16223834300
                    ],
                    [
                        -95.99355550800,
                        36.16212227000
                    ],
                    [
                        -95.99347403700,
                        36.16214935400
                    ],
                    [
                        -95.99353633800,
                        36.16226542700
                    ]
                ]
            }
        },
        {
            "type": "Feature",
            "properties": {
                "address": ["317 FRANKFORT AVE"],
                "PRIMARY": "317",
                "buildings": [553],
                "OBJECTID": "6481",
                "STREET": "FRANKFORT AVE"
            },
            "geometry": {
                "type": "Polygon",
                "coordinates": [
                    [
                        -95.98750035900,
                        36.16234280900
                    ],
                    [
                        -95.98760339400,
                        36.16234280900
                    ],
                    [
                        -95.98760339400,
                        36.16230992200
                    ],
                    [
                        -95.98750035900,
                        36.16230992200
                    ],
                    [
                        -95.98750035900,
                        36.16234280900
                    ]
                ]
            }
        },
        {
            "type": "Feature",
            "properties": {
                "OBJECTID": "6858"
            },
            "geometry": {
                "type": "Polygon",
                "coordinates": [
                    [
                        -95.98977433400,
                        36.16109501300
                    ],
                    [
                        -95.98986059700,
                        36.16106599400
                    ],
                    [
                        -95.98982705000,
                        36.16100408700
                    ],
                    [
                        -95.98974078800,
                        36.16103310600
                    ],
                    [
                        -95.98977433400,
                        36.16109501300
                    ]
                ]
            }
        },
        {
            "type": "Feature",
            "properties": {
                "OBJECTID": "7184"
            },
            "geometry": {
                "type": "Polygon",
                "coordinates": [
                    [
                        -95.98529268500,
                        36.15953249200
                    ],
                    [
                        -95.98528707900,
                        36.15951055400
                    ],
                    [
                        -95.98526072100,
                        36.15951185000
                    ],
                    [
                        -95.98526711800,
                        36.15953636200
                    ],
                    [
                        -95.98529268500,
                        36.15953249200
                    ]
                ]
            }
        },
        {
            "type": "Feature",
            "properties": {
                "buildings": [1133,1134],
                "PRIMARY": "UNKNOWN",
                "OBJECTID": "5704",
                "STREET": "ARCHER ST",
                "address": ["ARCHER ST"]
            },
            "geometry": {
                "type": "Polygon",
                "coordinates": [
                    [
                        -95.98883103000,
                        36.15862451100
                    ],
                    [
                        -95.98879988000,
                        36.15863675700
                    ],
                    [
                        -95.98883742800,
                        36.15871093100
                    ],
                    [
                        -95.98886857800,
                        36.15869738900
                    ],
                    [
                        -95.98883103000,
                        36.15862451100
                    ]
                ]
            }
        },
        {
            "type": "Feature",
            "properties": {
                "OBJECTID": "6694"
            },
            "geometry": {
                "type": "Polygon",
                "coordinates": [
                    [
                        -95.99023919300,
                        36.16160574100
                    ],
                    [
                        -95.99030628600,
                        36.16158252600
                    ],
                    [
                        -95.99026315500,
                        36.16150127400
                    ],
                    [
                        -95.99019366600,
                        36.16152642400
                    ],
                    [
                        -95.99023919300,
                        36.16160574100
                    ]
                ]
            }
        },
        {
            "type": "Feature",
            "properties": {
                "PRIMARY": "UNKNOWN",
                "buildings": [1092,1093],
                "address": ["FRANKFORT AVE"],
                "OBJECTID": "6434",
                "STREET": "FRANKFORT AVE"
            },
            "geometry": {
                "type": "Polygon",
                "coordinates": [
                    [
                        -95.98747400100,
                        36.16255754400
                    ],
                    [
                        -95.98760099800,
                        36.16255754400
                    ],
                    [
                        -95.98760099800,
                        36.16251304900
                    ],
                    [
                        -95.98747400100,
                        36.16251304900
                    ],
                    [
                        -95.98747400100,
                        36.16255754400
                    ]
                ]
            }
        },
        {
            "type": "Feature",
            "properties": {
                "OBJECTID": "6796"
            },
            "geometry": {
                "type": "Polygon",
                "coordinates": [
                    [
                        -95.98810659200,
                        36.16130588200
                    ],
                    [
                        -95.98824796700,
                        36.16130588200
                    ],
                    [
                        -95.98824796700,
                        36.16127686300
                    ],
                    [
                        -95.98810659200,
                        36.16127686300
                    ],
                    [
                        -95.98810659200,
                        36.16130588200
                    ]
                ]
            }
        },
        {
            "type": "Feature",
            "properties": {
                "OBJECTID": "7120"
            },
            "geometry": {
                "type": "Polygon",
                "coordinates": [
                    [
                        -95.98516168600,
                        36.15982398100
                    ],
                    [
                        -95.98515689400,
                        36.15981624300
                    ],
                    [
                        -95.98514012100,
                        36.15982398100
                    ],
                    [
                        -95.98514491300,
                        36.15983172000
                    ],
                    [
                        -95.98516168600,
                        36.15982398100
                    ]
                ]
            }
        },
        {
            "type": "Feature",
            "properties": {
                "OBJECTID": "5599"
            },
            "geometry": {
                "type": "Polygon",
                "coordinates": [
                    [
                        -95.98722000600,
                        36.16036277000
                    ],
                    [
                        -95.98718166700,
                        36.16029022200
                    ],
                    [
                        -95.98711697000,
                        36.16031150300
                    ],
                    [
                        -95.98713613900,
                        36.16035116200
                    ],
                    [
                        -95.98711457400,
                        36.16036083500
                    ],
                    [
                        -95.98713014900,
                        36.16039178900
                    ],
                    [
                        -95.98722000600,
                        36.16036277000
                    ]
                ]
            }
        },
        {
            "type": "Feature",
            "properties": {
                "address": ["309.5 FRANKFORT AVE"],
                "PRIMARY": "309.5",
                "OBJECTID": "6629",
                "STREET": "FRANKFORT AVE"
            },
            "geometry": {
                "type": "Polygon",
                "coordinates": [
                    [
                        -95.98759381000,
                        36.16184949700
                    ],
                    [
                        -95.98759381000,
                        36.16182434700
                    ],
                    [
                        -95.98753390500,
                        36.16182434700
                    ],
                    [
                        -95.98753390500,
                        36.16184949700
                    ],
                    [
                        -95.98759381000,
                        36.16184949700
                    ]
                ]
            }
        },
        {
            "type": "Feature",
            "properties": {
                "buildings": [770],
                "PRIMARY": "119",
                "OBJECTID": "5570",
                "STREET": "GREENWOOD AVE",
                "address": ["119 GREENWOOD AVE"]
            },
            "geometry": {
                "type": "Polygon",
                "coordinates": [
                    [
                        -95.98600514200,
                        36.16051463600
                    ],
                    [
                        -95.98603749000,
                        36.16057751000
                    ],
                    [
                        -95.98626632600,
                        36.16049819200
                    ],
                    [
                        -95.98623038300,
                        36.16042951300
                    ],
                    [
                        -95.98600514200,
                        36.16051463600
                    ]
                ]
            }
        },
        {
            "type": "Feature",
            "properties": {
                "OBJECTID": "7525"
            },
            "geometry": {
                "type": "Polygon",
                "coordinates": [
                    [
                        -95.98568165700,
                        36.15775778600
                    ],
                    [
                        -95.98571760000,
                        36.15774230800
                    ],
                    [
                        -95.98568405400,
                        36.15768813800
                    ],
                    [
                        -95.98564811100,
                        36.15770361500
                    ],
                    [
                        -95.98568165700,
                        36.15775778600
                    ]
                ]
            }
        },
        {
            "type": "Feature",
            "properties": {
                "OBJECTID": "6238",
                "buildings": [572],
                "PRIMARY": "508",
                "address": ["508 FRANKFORT AVE"],
                "STREET": "FRANKFORT AVE"
            },
            "geometry": {
                "type": "Polygon",
                "coordinates": [
                    [
                        -95.98791489800,
                        36.16366022800
                    ],
                    [
                        -95.98803231100,
                        36.16366022800
                    ],
                    [
                        -95.98803231100,
                        36.16363507900
                    ],
                    [
                        -95.98791489800,
                        36.16363507900
                    ],
                    [
                        -95.98791489800,
                        36.16366022800
                    ]
                ]
            }
        },
        {
            "type": "Feature",
            "properties": {
                "PRIMARY": "UNKNOWN",
                "address": ["HARTFORD AVE"],
                "STREET": "HARTFORD AVE",
                "buildings": [287,1047,1048,1099,1100],
                "OBJECTID": "6993"
            },
            "geometry": {
                "type": "Polygon",
                "coordinates": [
                    [
                        -95.98497238800,
                        36.16048658400
                    ],
                    [
                        -95.98496040700,
                        36.16046336900
                    ],
                    [
                        -95.98490289900,
                        36.16048078000
                    ],
                    [
                        -95.98491847400,
                        36.16050496300
                    ],
                    [
                        -95.98497238800,
                        36.16048658400
                    ]
                ]
            }
        },
        {
            "type": "Feature",
            "properties": {
                "PRIMARY": "UNKNOWN",
                "STREET": "DETROIT AVE",
                "address": ["DETROIT AVE"],
                "OBJECTID": "7413"
            },
            "geometry": {
                "type": "Polygon",
                "coordinates": [
                    [
                        -95.98880148500,
                        36.15827240500
                    ],
                    [
                        -95.98886019100,
                        36.15825305800
                    ],
                    [
                        -95.98884102200,
                        36.15821630000
                    ],
                    [
                        -95.98877991900,
                        36.15823564600
                    ],
                    [
                        -95.98880148500,
                        36.15827240500
                    ]
                ]
            }
        },
        {
            "type": "Feature",
            "properties": {
                "PRIMARY": "308",
                "OBJECTID": "5620",
                "buildings": [45],
                "STREET": "BRADY ST",
                "address": ["308 BRADY ST"]
            },
            "geometry": {
                "type": "Polygon",
                "coordinates": [
                    [
                        -95.98966729700,
                        36.15950090000
                    ],
                    [
                        -95.98965212900,
                        36.15946930700
                    ],
                    [
                        -95.98960660200,
                        36.15948542300
                    ],
                    [
                        -95.98962097900,
                        36.15951573800
                    ],
                    [
                        -95.98960739300,
                        36.15952088500
                    ],
                    [
                        -95.98963056300,
                        36.15956087300
                    ],
                    [
                        -95.98970484500,
                        36.15953315000
                    ],
                    [
                        -95.98968488500,
                        36.15949509600
                    ],
                    [
                        -95.98966729700,
                        36.15950090000
                    ]
                ]
            }
        },
        {
            "type": "Feature",
            "properties": {
                "address": ["503 ELGIN AVE"],
                "STREET": "ELGIN AVE",
                "OBJECTID": "6362",
                "PRIMARY": "503"
            },
            "geometry": {
                "type": "Polygon",
                "coordinates": [
                    [
                        -95.99026075900,
                        36.16297927400
                    ],
                    [
                        -95.99035181400,
                        36.16295025600
                    ],
                    [
                        -95.99031587100,
                        36.16287674400
                    ],
                    [
                        -95.99022481600,
                        36.16290382700
                    ],
                    [
                        -95.99026075900,
                        36.16297927400
                    ]
                ]
            }
        },
        {
            "type": "Feature",
            "properties": {
                "OBJECTID": "5513"
            },
            "geometry": {
                "type": "Polygon",
                "coordinates": [
                    [
                        -95.99141092600,
                        36.16351417200
                    ],
                    [
                        -95.99143968000,
                        36.16349966300
                    ],
                    [
                        -95.99138456800,
                        36.16340680600
                    ],
                    [
                        -95.99129351300,
                        36.16344162700
                    ],
                    [
                        -95.99134622900,
                        36.16353835300
                    ],
                    [
                        -95.99139175600,
                        36.16352384400
                    ],
                    [
                        -95.99140733100,
                        36.16354609100
                    ],
                    [
                        -95.99142650100,
                        36.16354222200
                    ],
                    [
                        -95.99141092600,
                        36.16351417200
                    ]
                ]
            }
        },
        {
            "type": "Feature",
            "properties": {
                "address": ["516"],
                "PRIMARY": "516",
                "OBJECTID": "6199"
            },
            "geometry": {
                "type": "Polygon",
                "coordinates": [
                    [
                        -95.98682942800,
                        36.16394073300
                    ],
                    [
                        -95.98683182400,
                        36.16390978100
                    ],
                    [
                        -95.98672878800,
                        36.16390784600
                    ],
                    [
                        -95.98672639200,
                        36.16395620900
                    ],
                    [
                        -95.98678629700,
                        36.16395814400
                    ],
                    [
                        -95.98678869300,
                        36.16394073300
                    ],
                    [
                        -95.98682942800,
                        36.16394073300
                    ]
                ]
            }
        },
        {
            "type": "Feature",
            "properties": {
                "address": ["216 FRANKFORT AVE"],
                "OBJECTID": "6905",
                "PRIMARY": "216",
                "STREET": "FRANKFORT AVE"
            },
            "geometry": {
                "type": "Polygon",
                "coordinates": [
                    [
                        -95.98819525100,
                        36.16088801200
                    ],
                    [
                        -95.98834860700,
                        36.16083771300
                    ],
                    [
                        -95.98833423000,
                        36.16081062800
                    ],
                    [
                        -95.98818087400,
                        36.16086286200
                    ],
                    [
                        -95.98819525100,
                        36.16088801200
                    ]
                ]
            }
        },
        {
            "type": "Feature",
            "properties": {
                "address": ["420 ARCHER ST"],
                "buildings": [29],
                "OBJECTID": "7243",
                "PRIMARY": "420",
                "POI": "HOTEL",
                "STREET": "ARCHER ST"
            },
            "geometry": {
                "type": "Polygon",
                "coordinates": [
                    [
                        -95.98731345700,
                        36.15923682300
                    ],
                    [
                        -95.98739852100,
                        36.15920780400
                    ],
                    [
                        -95.98728230600,
                        36.15898919100
                    ],
                    [
                        -95.98719724200,
                        36.15901917700
                    ],
                    [
                        -95.98731345700,
                        36.15923682300
                    ]
                ]
            }
        },
        {
            "type": "Feature",
            "properties": {
                "OBJECTID": "6172"
            },
            "geometry": {
                "type": "Polygon",
                "coordinates": [
                    [
                        -95.99285342700,
                        36.16416320200
                    ],
                    [
                        -95.99290614300,
                        36.16416513600
                    ],
                    [
                        -95.99298761300,
                        36.16413805300
                    ],
                    [
                        -95.99294208500,
                        36.16405100000
                    ],
                    [
                        -95.99281748400,
                        36.16409356000
                    ],
                    [
                        -95.99285342700,
                        36.16416320200
                    ]
                ]
            }
        },
        {
            "type": "Feature",
            "properties": {
                "OBJECTID": "6326",
                "address": ["415 EASTON ST"],
                "STREET": "EASTON ST",
                "PRIMARY": "415"
            },
            "geometry": {
                "type": "Polygon",
                "coordinates": [
                    [
                        -95.98976954200,
                        36.16314564400
                    ],
                    [
                        -95.98981746600,
                        36.16313016800
                    ],
                    [
                        -95.98979590000,
                        36.16308567400
                    ],
                    [
                        -95.98974797600,
                        36.16309921500
                    ],
                    [
                        -95.98976954200,
                        36.16314564400
                    ]
                ]
            }
        },
        {
            "type": "Feature",
            "properties": {
                "PRIMARY": "UNKNOWN",
                "OBJECTID": "6306",
                "buildings": [1092,1093],
                "address": ["FRANKFORT AVE"],
                "STREET": "FRANKFORT AVE"
            },
            "geometry": {
                "type": "Polygon",
                "coordinates": [
                    [
                        -95.98733502200,
                        36.16322689500
                    ],
                    [
                        -95.98733502200,
                        36.16319400800
                    ],
                    [
                        -95.98731345700,
                        36.16319400800
                    ],
                    [
                        -95.98731345700,
                        36.16322689500
                    ],
                    [
                        -95.98733502200,
                        36.16322689500
                    ]
                ]
            }
        },
        {
            "type": "Feature",
            "properties": {
                "OBJECTID": "6593"
            },
            "geometry": {
                "type": "Polygon",
                "coordinates": [
                    [
                        -95.99340454800,
                        36.16198491600
                    ],
                    [
                        -95.99345966000,
                        36.16196363600
                    ],
                    [
                        -95.99342611400,
                        36.16190946800
                    ],
                    [
                        -95.99337339800,
                        36.16193074800
                    ],
                    [
                        -95.99340454800,
                        36.16198491600
                    ]
                ]
            }
        },
        {
            "type": "Feature",
            "properties": {
                "POI": "Tulsa Brick Plant",
                "OBJECTID": "6132"
            },
            "geometry": {
                "type": "Polygon",
                "coordinates": [
                    [
                        -95.98779508900,
                        36.16472807600
                    ],
                    [
                        -95.98780227700,
                        36.16468938600
                    ],
                    [
                        -95.98770882600,
                        36.16467777900
                    ],
                    [
                        -95.98771122300,
                        36.16465843400
                    ],
                    [
                        -95.98745243500,
                        36.16462748200
                    ],
                    [
                        -95.98748118900,
                        36.16445724600
                    ],
                    [
                        -95.98739013400,
                        36.16444563900
                    ],
                    [
                        -95.98734700300,
                        36.16467391000
                    ],
                    [
                        -95.98779508900,
                        36.16472807600
                    ]
                ]
            }
        },
        {
            "type": "Feature",
            "properties": {
                "buildings": [897,945,946],
                "address": ["326 HARTFORD AVE"],
                "POI": "PUBLIC SCHOOL",
                "STREET": "HARTFORD AVE",
                "PRIMARY": "326",
                "OBJECTID": "6466"
            },
            "geometry": {
                "type": "Polygon",
                "coordinates": [
                    [
                        -95.98562894100,
                        36.16240664900
                    ],
                    [
                        -95.98562894100,
                        36.16233507100
                    ],
                    [
                        -95.98547319000,
                        36.16233507100
                    ],
                    [
                        -95.98547319000,
                        36.16240664900
                    ],
                    [
                        -95.98562894100,
                        36.16240664900
                    ]
                ]
            }
        },
        {
            "type": "Feature",
            "properties": {
                "address": ["619 CAMERON ST"],
                "OBJECTID": "6803",
                "PRIMARY": "619",
                "STREET": "CAMERON ST",
                "buildings": [723]
            },
            "geometry": {
                "type": "Polygon",
                "coordinates": [
                    [
                        -95.98574635400,
                        36.16130007800
                    ],
                    [
                        -95.98579907000,
                        36.16130007800
                    ],
                    [
                        -95.98579907000,
                        36.16122463000
                    ],
                    [
                        -95.98572478900,
                        36.16122463000
                    ],
                    [
                        -95.98572478900,
                        36.16128073300
                    ],
                    [
                        -95.98574635400,
                        36.16128266700
                    ],
                    [
                        -95.98574635400,
                        36.16130007800
                    ]
                ]
            }
        },
        {
            "type": "Feature",
            "properties": {
                "OBJECTID": "7146"
            },
            "geometry": {
                "type": "Polygon",
                "coordinates": [
                    [
                        -95.98503869000,
                        36.15972531600
                    ],
                    [
                        -95.98502992000,
                        36.15970918100
                    ],
                    [
                        -95.98499956000,
                        36.15972015100
                    ],
                    [
                        -95.98500674900,
                        36.15973756200
                    ],
                    [
                        -95.98503869000,
                        36.15972531600
                    ]
                ]
            }
        },
        {
            "type": "Feature",
            "properties": {
                "PRIMARY": "UNKNOWN",
                "address": ["EASTON ST"],
                "STREET": "EASTON ST",
                "OBJECTID": "6259"
            },
            "geometry": {
                "type": "Polygon",
                "coordinates": [
                    [
                        -95.98845164200,
                        36.16351707400
                    ],
                    [
                        -95.98855947100,
                        36.16351707400
                    ],
                    [
                        -95.98855947100,
                        36.16343002000
                    ],
                    [
                        -95.98845164200,
                        36.16343002000
                    ],
                    [
                        -95.98845164200,
                        36.16351707400
                    ]
                ]
            }
        },
        {
            "type": "Feature",
            "properties": {
                "OBJECTID": "6537"
            },
            "geometry": {
                "type": "Polygon",
                "coordinates": [
                    [
                        -95.99112338400,
                        36.16215128800
                    ],
                    [
                        -95.99121683500,
                        36.16211840100
                    ],
                    [
                        -95.99118808100,
                        36.16206616800
                    ],
                    [
                        -95.99109463000,
                        36.16210099000
                    ],
                    [
                        -95.99112338400,
                        36.16215128800
                    ]
                ]
            }
        },
        {
            "type": "Feature",
            "properties": {
                "OBJECTID": "575"
            },
            "geometry": {
                "type": "Polygon",
                "coordinates": [
                    [
                        -95.98133448100,
                        36.15955256900
                    ],
                    [
                        -95.98126893800,
                        36.15954080900
                    ],
                    [
                        -95.98124709000,
                        36.15966428500
                    ],
                    [
                        -95.98131263300,
                        36.15967604400
                    ],
                    [
                        -95.98133448100,
                        36.15955256900
                    ]
                ]
            }
        },
        {
            "type": "Feature",
            "properties": {
                "buildings": [1019,1020],
                "PRIMARY": "UNKNOWN",
                "OBJECTID": "6405",
                "address": ["FRANKFORT AVE"],
                "STREET": "FRANKFORT AVE"
            },
            "geometry": {
                "type": "Polygon",
                "coordinates": [
                    [
                        -95.98791969000,
                        36.16270263500
                    ],
                    [
                        -95.98804189600,
                        36.16270263500
                    ],
                    [
                        -95.98804189600,
                        36.16263492600
                    ],
                    [
                        -95.98791969000,
                        36.16263492600
                    ],
                    [
                        -95.98791969000,
                        36.16270263500
                    ]
                ]
            }
        },
        {
            "type": "Feature",
            "properties": {
                "STREET": "ELGIN AVE",
                "buildings": [948],
                "address": ["313 ELGIN AVE"],
                "PRIMARY": "313",
                "OBJECTID": "6754"
            },
            "geometry": {
                "type": "Polygon",
                "coordinates": [
                    [
                        -95.98935739900,
                        36.16142195700
                    ],
                    [
                        -95.98949637700,
                        36.16136778900
                    ],
                    [
                        -95.98946043500,
                        36.16130588200
                    ],
                    [
                        -95.98934062600,
                        36.16135231200
                    ],
                    [
                        -95.98932864500,
                        36.16137746100
                    ],
                    [
                        -95.98935739900,
                        36.16142195700
                    ]
                ]
            }
        },
        {
            "type": "Feature",
            "properties": {
                "OBJECTID": "7029"
            },
            "geometry": {
                "type": "Polygon",
                "coordinates": [
                    [
                        -95.98340648400,
                        36.16032649600
                    ],
                    [
                        -95.98339570100,
                        36.16030037900
                    ],
                    [
                        -95.98336874400,
                        36.16030811700
                    ],
                    [
                        -95.98338252200,
                        36.16033423400
                    ],
                    [
                        -95.98340648400,
                        36.16032649600
                    ]
                ]
            }
        },
        {
            "type": "Feature",
            "properties": {
                "OBJECTID": "5711"
            },
            "geometry": {
                "type": "Polygon",
                "coordinates": [
                    [
                        -95.98937417200,
                        36.15779518300
                    ],
                    [
                        -95.98939255100,
                        36.15783387600
                    ],
                    [
                        -95.98940771900,
                        36.15786355300
                    ],
                    [
                        -95.98953392500,
                        36.15781776000
                    ],
                    [
                        -95.98949798300,
                        36.15775327800
                    ],
                    [
                        -95.98937417200,
                        36.15779518300
                    ]
                ]
            }
        },
        {
            "type": "Feature",
            "properties": {
                "OBJECTID": "6726"
            },
            "geometry": {
                "type": "Polygon",
                "coordinates": [
                    [
                        -95.99049079200,
                        36.16150901200
                    ],
                    [
                        -95.99054830100,
                        36.16149160100
                    ],
                    [
                        -95.99052433900,
                        36.16144710600
                    ],
                    [
                        -95.99046922700,
                        36.16146451700
                    ],
                    [
                        -95.99049079200,
                        36.16150901200
                    ]
                ]
            }
        },
        {
            "type": "Feature",
            "properties": {
                "OBJECTID": "6217"
            },
            "geometry": {
                "type": "Polygon",
                "coordinates": [
                    [
                        -95.99203872500,
                        36.16383820400
                    ],
                    [
                        -95.99217291100,
                        36.16378984100
                    ],
                    [
                        -95.99214176100,
                        36.16373180500
                    ],
                    [
                        -95.99200757500,
                        36.16378016800
                    ],
                    [
                        -95.99203872500,
                        36.16383820400
                    ]
                ]
            }
        },
        {
            "type": "Feature",
            "properties": {
                "OBJECTID": "6933",
                "POI": "WAREHOUSE"
            },
            "geometry": {
                "type": "Polygon",
                "coordinates": [
                    [
                        -95.99043568000,
                        36.16072357200
                    ],
                    [
                        -95.99046922700,
                        36.16069261800
                    ],
                    [
                        -95.99054830100,
                        36.16066359900
                    ],
                    [
                        -95.99050037700,
                        36.16057654300
                    ],
                    [
                        -95.99038056800,
                        36.16061910400
                    ],
                    [
                        -95.99043568000,
                        36.16072357200
                    ]
                ]
            }
        },
        {
            "type": "Feature",
            "properties": {
                "OBJECTID": "7305",
                "address": ["18 FRANKFORT AVE"],
                "PRIMARY": "18",
                "buildings": [30],
                "STREET": "FRANKFORT AVE"
            },
            "geometry": {
                "type": "Polygon",
                "coordinates": [
                    [
                        -95.98714452600,
                        36.15891567400
                    ],
                    [
                        -95.98723198600,
                        36.15888472000
                    ],
                    [
                        -95.98721161900,
                        36.15884699500
                    ],
                    [
                        -95.98712535600,
                        36.15887891600
                    ],
                    [
                        -95.98714452600,
                        36.15891567400
                    ]
                ]
            }
        },
        {
            "type": "Feature",
            "properties": {
                "PRIMARY": "505",
                "buildings": [35],
                "address": ["505 ARCHER ST"],
                "STREET": "ARCHER ST",
                "OBJECTID": "5602"
            },
            "geometry": {
                "type": "Polygon",
                "coordinates": [
                    [
                        -95.98692168100,
                        36.15968178700
                    ],
                    [
                        -95.98688813400,
                        36.15961504300
                    ],
                    [
                        -95.98675993900,
                        36.15966147300
                    ],
                    [
                        -95.98679348500,
                        36.15972434800
                    ],
                    [
                        -95.98692168100,
                        36.15968178700
                    ]
                ]
            }
        },
        {
            "type": "Feature",
            "properties": {
                "OBJECTID": "6670"
            },
            "geometry": {
                "type": "Polygon",
                "coordinates": [
                    [
                        -95.99082865400,
                        36.16170053500
                    ],
                    [
                        -95.99100836700,
                        36.16163862900
                    ],
                    [
                        -95.99097242500,
                        36.16156898400
                    ],
                    [
                        -95.99079271100,
                        36.16163089000
                    ],
                    [
                        -95.99082865400,
                        36.16170053500
                    ]
                ]
            }
        },
        {
            "type": "Feature",
            "properties": {
                "OBJECTID": "7751"
            },
            "geometry": {
                "type": "Polygon",
                "coordinates": [
                    [
                        -95.98931906000,
                        36.15615393100
                    ],
                    [
                        -95.98936219100,
                        36.15614038800
                    ],
                    [
                        -95.98930228700,
                        36.15602817500
                    ],
                    [
                        -95.98926155200,
                        36.15604171800
                    ],
                    [
                        -95.98931906000,
                        36.15615393100
                    ]
                ]
            }
        },
        {
            "type": "Feature",
            "properties": {
                "buildings": [780],
                "address": ["114 GREENWOOD AVE"],
                "OBJECTID": "5593",
                "STREET": "GREENWOOD AVE",
                "PRIMARY": "114"
            },
            "geometry": {
                "type": "Polygon",
                "coordinates": [
                    [
                        -95.98641488900,
                        36.16023024900
                    ],
                    [
                        -95.98685578600,
                        36.16007354600
                    ],
                    [
                        -95.98683781500,
                        36.16003388700
                    ],
                    [
                        -95.98679708000,
                        36.16002034400
                    ],
                    [
                        -95.98637774800,
                        36.16016060300
                    ],
                    [
                        -95.98641488900,
                        36.16023024900
                    ]
                ]
            }
        },
        {
            "type": "Feature",
            "properties": {
                "OBJECTID": "6242"
            },
            "geometry": {
                "type": "Polygon",
                "coordinates": [
                    [
                        -95.99107785700,
                        36.16363894900
                    ],
                    [
                        -95.99120006200,
                        36.16359638900
                    ],
                    [
                        -95.99117610000,
                        36.16355189500
                    ],
                    [
                        -95.99105389500,
                        36.16359445500
                    ],
                    [
                        -95.99107785700,
                        36.16363894900
                    ]
                ]
            }
        },
        {
            "type": "Feature",
            "properties": {
                "PRIMARY": "UNKNOWN",
                "address": ["GREENWOOD AVE"],
                "STREET": "GREENWOOD AVE",
                "OBJECTID": "6870",
                "buildings": [1057,1058]
            },
            "geometry": {
                "type": "Polygon",
                "coordinates": [
                    [
                        -95.98685099400,
                        36.16104277900
                    ],
                    [
                        -95.98698518000,
                        36.16099634900
                    ],
                    [
                        -95.98686057800,
                        36.16075646000
                    ],
                    [
                        -95.98672399600,
                        36.16080289000
                    ],
                    [
                        -95.98685099400,
                        36.16104277900
                    ]
                ]
            }
        },
        {
            "type": "Feature",
            "properties": {
                "PRIMARY": "516",
                "buildings": [682],
                "OBJECTID": "7185",
                "STREET": "HARTFORD AVE",
                "address": ["516 HARTFORD AVE"]
            },
            "geometry": {
                "type": "Polygon",
                "coordinates": [
                    [
                        -95.98645562400,
                        36.15952991900
                    ],
                    [
                        -95.98653230200,
                        36.15950476900
                    ],
                    [
                        -95.98644124700,
                        36.15932484900
                    ],
                    [
                        -95.98638613500,
                        36.15934226100
                    ],
                    [
                        -95.98637175800,
                        36.15936741100
                    ],
                    [
                        -95.98645562400,
                        36.15952991900
                    ]
                ]
            }
        },
        {
            "type": "Feature",
            "properties": {
                "PRIMARY": "UNKNOWN",
                "OBJECTID": "6151"
            },
            "geometry": {
                "type": "Polygon",
                "coordinates": [
                    [
                        -95.98685099400,
                        36.16422704100
                    ],
                    [
                        -95.98685099400,
                        36.16415159500
                    ],
                    [
                        -95.98682703200,
                        36.16415159500
                    ],
                    [
                        -95.98682703200,
                        36.16422704100
                    ],
                    [
                        -95.98685099400,
                        36.16422704100
                    ]
                ]
            }
        },
        {
            "type": "Feature",
            "properties": {
                "PRIMARY": "409",
                "STREET": "GREENWOOD AVE",
                "OBJECTID": "6386",
                "buildings": [737],
                "address": ["409 GREENWOOD AVE"]
            },
            "geometry": {
                "type": "Polygon",
                "coordinates": [
                    [
                        -95.98632623000,
                        36.16282838000
                    ],
                    [
                        -95.98639571900,
                        36.16282838000
                    ],
                    [
                        -95.98639571900,
                        36.16277227900
                    ],
                    [
                        -95.98632623000,
                        36.16277227900
                    ],
                    [
                        -95.98632623000,
                        36.16282838000
                    ]
                ]
            }
        },
        {
            "type": "Feature",
            "properties": {
                "buildings": [883],
                "PRIMARY": "120",
                "address": ["120 HARTFORD AVE"],
                "STREET": "HARTFORD AVE",
                "OBJECTID": "5557"
            },
            "geometry": {
                "type": "Polygon",
                "coordinates": [
                    [
                        -95.98554028300,
                        36.16089832400
                    ],
                    [
                        -95.98552271900,
                        36.16086479700
                    ],
                    [
                        -95.98545562600,
                        36.16088801200
                    ],
                    [
                        -95.98545162400,
                        36.16088124100
                    ],
                    [
                        -95.98541208700,
                        36.16089381600
                    ],
                    [
                        -95.98543125700,
                        36.16093347500
                    ],
                    [
                        -95.98554028300,
                        36.16089832400
                    ]
                ]
            }
        },
        {
            "type": "Feature",
            "properties": {
                "address": ["ELGIN AVE"],
                "STREET": "ELGIN AVE",
                "OBJECTID": "6206",
                "PRIMARY": "UNKNOWN"
            },
            "geometry": {
                "type": "Polygon",
                "coordinates": [
                    [
                        -95.99046683100,
                        36.16391751900
                    ],
                    [
                        -95.99056986600,
                        36.16388076300
                    ],
                    [
                        -95.99053871600,
                        36.16382466200
                    ],
                    [
                        -95.99043568000,
                        36.16386335300
                    ],
                    [
                        -95.99046683100,
                        36.16391751900
                    ]
                ]
            }
        },
        {
            "type": "Feature",
            "properties": {
                "OBJECTID": "6573"
            },
            "geometry": {
                "type": "Polygon",
                "coordinates": [
                    [
                        -95.99080229600,
                        36.16205649500
                    ],
                    [
                        -95.99092210500,
                        36.16201200000
                    ],
                    [
                        -95.99088137000,
                        36.16194429000
                    ],
                    [
                        -95.99076156100,
                        36.16198878500
                    ],
                    [
                        -95.99080229600,
                        36.16205649500
                    ]
                ]
            }
        },
        {
            "type": "Feature",
            "properties": {
                "OBJECTID": "5791"
            },
            "geometry": {
                "type": "Polygon",
                "coordinates": [
                    [
                        -95.98922160700,
                        36.15642865900
                    ],
                    [
                        -95.98937017100,
                        36.15670725500
                    ],
                    [
                        -95.98944126500,
                        36.15668274300
                    ],
                    [
                        -95.98929509800,
                        36.15640350800
                    ],
                    [
                        -95.98922160700,
                        36.15642865900
                    ]
                ]
            }
        },
        {
            "type": "Feature",
            "properties": {
                "buildings": [740],
                "address": ["415 GREENWOOD AVE"],
                "STREET": "GREENWOOD AVE",
                "PRIMARY": "415",
                "OBJECTID": "6346"
            },
            "geometry": {
                "type": "Polygon",
                "coordinates": [
                    [
                        -95.98643885100,
                        36.16301603000
                    ],
                    [
                        -95.98633581500,
                        36.16301603000
                    ],
                    [
                        -95.98633581500,
                        36.16303537600
                    ],
                    [
                        -95.98643885100,
                        36.16303537600
                    ],
                    [
                        -95.98643885100,
                        36.16301603000
                    ]
                ]
            }
        },
        {
            "type": "Feature",
            "properties": {
                "OBJECTID": "6309",
                "address": ["421.5 GREENWOOD AVE"],
                "PRIMARY": "421.5",
                "buildings": [744],
                "STREET": "GREENWOOD AVE"
            },
            "geometry": {
                "type": "Polygon",
                "coordinates": [
                    [
                        -95.98613693200,
                        36.16322689500
                    ],
                    [
                        -95.98620642100,
                        36.16322689500
                    ],
                    [
                        -95.98620642100,
                        36.16318626900
                    ],
                    [
                        -95.98613693200,
                        36.16318626900
                    ],
                    [
                        -95.98613693200,
                        36.16322689500
                    ]
                ]
            }
        },
        {
            "type": "Feature",
            "properties": {
                "OBJECTID": "6517"
            },
            "geometry": {
                "type": "Polygon",
                "coordinates": [
                    [
                        -95.99033983300,
                        36.16222093200
                    ],
                    [
                        -95.99046443400,
                        36.16217643700
                    ],
                    [
                        -95.99042609500,
                        36.16210679300
                    ],
                    [
                        -95.99030149400,
                        36.16215322300
                    ],
                    [
                        -95.99033983300,
                        36.16222093200
                    ]
                ]
            }
        },
        {
            "type": "Feature",
            "properties": {
                "OBJECTID": "6472"
            },
            "geometry": {
                "type": "Polygon",
                "coordinates": [
                    [
                        -95.99070405200,
                        36.16238536900
                    ],
                    [
                        -95.99069686400,
                        36.16237182700
                    ],
                    [
                        -95.99068727900,
                        36.16237569600
                    ],
                    [
                        -95.99069446800,
                        36.16238923800
                    ],
                    [
                        -95.99070405200,
                        36.16238536900
                    ]
                ]
            }
        },
        {
            "type": "Feature",
            "properties": {
                "address": ["224.5 FRANKFORT AVE"],
                "OBJECTID": "6835",
                "PRIMARY": "224.5",
                "STREET": "FRANKFORT AVE"
            },
            "geometry": {
                "type": "Polygon",
                "coordinates": [
                    [
                        -95.98858343200,
                        36.16113177000
                    ],
                    [
                        -95.98865531800,
                        36.16112016200
                    ],
                    [
                        -95.98863614800,
                        36.16104277900
                    ],
                    [
                        -95.98856426300,
                        36.16105438600
                    ],
                    [
                        -95.98858343200,
                        36.16113177000
                    ]
                ]
            }
        },
        {
            "type": "Feature",
            "properties": {
                "buildings": [47],
                "address": ["316 BRADY ST"],
                "STREET": "BRADY ST",
                "OBJECTID": "7156",
                "PRIMARY": "316"
            },
            "geometry": {
                "type": "Polygon",
                "coordinates": [
                    [
                        -95.98927832500,
                        36.15966921200
                    ],
                    [
                        -95.98932265400,
                        36.15965373500
                    ],
                    [
                        -95.98927592900,
                        36.15957151400
                    ],
                    [
                        -95.98923519400,
                        36.15958505600
                    ],
                    [
                        -95.98927832500,
                        36.15966921200
                    ]
                ]
            }
        },
        {
            "type": "Feature",
            "properties": {
                "OBJECTID": "6275"
            },
            "geometry": {
                "type": "Polygon",
                "coordinates": [
                    [
                        -95.99098200900,
                        36.16345323400
                    ],
                    [
                        -95.99110421500,
                        36.16341260900
                    ],
                    [
                        -95.99110661100,
                        36.16337198400
                    ],
                    [
                        -95.99109223400,
                        36.16333909700
                    ],
                    [
                        -95.99094606700,
                        36.16338746000
                    ],
                    [
                        -95.99098200900,
                        36.16345323400
                    ]
                ]
            }
        },
        {
            "type": "Feature",
            "properties": {
                "buildings": [727],
                "POI": "Vernon AME Church",
                "address": ["311 GREENWOOD AVE"],
                "STREET": "GREENWOOD AVE",
                "OBJECTID": "6695",
                "PRIMARY": "311",
                "name": "Vernon AME Church"
            },
            "geometry": {
                "type": "Polygon",
                "coordinates": [
                    [
                        -95.98614172400,
                        36.16159606800
                    ],
                    [
                        -95.98637415400,
                        36.16159606800
                    ],
                    [
                        -95.98637415400,
                        36.16149353600
                    ],
                    [
                        -95.98614172400,
                        36.16149353600
                    ],
                    [
                        -95.98614172400,
                        36.16159606800
                    ]
                ]
            }
        },
        {
            "type": "Feature",
            "properties": {
                "OBJECTID": "6418"
            },
            "geometry": {
                "type": "Polygon",
                "coordinates": [
                    [
                        -95.99231428600,
                        36.16265427100
                    ],
                    [
                        -95.99241252900,
                        36.16261751500
                    ],
                    [
                        -95.99237658700,
                        36.16255561000
                    ],
                    [
                        -95.99227834300,
                        36.16259430000
                    ],
                    [
                        -95.99231428600,
                        36.16265427100
                    ]
                ]
            }
        },
        {
            "type": "Feature",
            "properties": {
                "OBJECTID": "6787"
            },
            "geometry": {
                "type": "Polygon",
                "coordinates": [
                    [
                        -95.98989414300,
                        36.16133296600
                    ],
                    [
                        -95.98998759400,
                        36.16130007800
                    ],
                    [
                        -95.98995404800,
                        36.16123817200
                    ],
                    [
                        -95.98986059700,
                        36.16127106000
                    ],
                    [
                        -95.98989414300,
                        36.16133296600
                    ]
                ]
            }
        },
        {
            "type": "Feature",
            "properties": {
                "buildings": [788,789],
                "OBJECTID": "7092",
                "address": ["614 ARCHER ST","616 ARCHER ST"],
                "STREET": "ARCHER ST",
                "PRIMARY": "614,616"
            },
            "geometry": {
                "type": "Polygon",
                "coordinates": [
                    [
                        -95.98520402700,
                        36.15997037300
                    ],
                    [
                        -95.98536296500,
                        36.15991426900
                    ],
                    [
                        -95.98524555300,
                        36.15969436200
                    ],
                    [
                        -95.98508901000,
                        36.15974723500
                    ],
                    [
                        -95.98520402700,
                        36.15997037300
                    ]
                ]
            }
        },
        {
            "type": "Feature",
            "properties": {
                "OBJECTID": "5775"
            },
            "geometry": {
                "type": "Polygon",
                "coordinates": [
                    [
                        -95.98493524700,
                        36.15847312500
                    ],
                    [
                        -95.98485437600,
                        36.15850069400
                    ],
                    [
                        -95.98489889700,
                        36.15858968700
                    ],
                    [
                        -95.98498257200,
                        36.15856163500
                    ],
                    [
                        -95.98493524700,
                        36.15847312500
                    ]
                ]
            }
        },
        {
            "type": "Feature",
            "properties": {
                "STREET": "ELGIN AVE",
                "buildings": [494,495],
                "OBJECTID": "6637",
                "address": ["325 ELGIN AVE","327 ELGIN AVE"],
                "PRIMARY": "325,327"
            },
            "geometry": {
                "type": "Polygon",
                "coordinates": [
                    [
                        -95.98953232000,
                        36.16183402000
                    ],
                    [
                        -95.98968327900,
                        36.16178372100
                    ],
                    [
                        -95.98964733700,
                        36.16171407700
                    ],
                    [
                        -95.98949637700,
                        36.16176437600
                    ],
                    [
                        -95.98953232000,
                        36.16183402000
                    ]
                ]
            }
        },
        {
            "type": "Feature",
            "properties": {
                "OBJECTID": "7438"
            },
            "geometry": {
                "type": "Polygon",
                "coordinates": [
                    [
                        -95.98963296000,
                        36.15816793400
                    ],
                    [
                        -95.98972401400,
                        36.15813891400
                    ],
                    [
                        -95.98970244900,
                        36.15809441700
                    ],
                    [
                        -95.98961139400,
                        36.15812343600
                    ],
                    [
                        -95.98963296000,
                        36.15816793400
                    ]
                ]
            }
        },
        {
            "type": "Feature",
            "properties": {
                "OBJECTID": "5575",
                "STREET": "GREENWOOD AVE",
                "PRIMARY": "123",
                "buildings": [888],
                "address": ["123 GREENWOOD AVE"]
            },
            "geometry": {
                "type": "Polygon",
                "coordinates": [
                    [
                        -95.98636696500,
                        36.16068681500
                    ],
                    [
                        -95.98633940900,
                        36.16062974400
                    ],
                    [
                        -95.98623637300,
                        36.16066359900
                    ],
                    [
                        -95.98625314700,
                        36.16069455300
                    ],
                    [
                        -95.98628789100,
                        36.16068197800
                    ],
                    [
                        -95.98629867400,
                        36.16070712800
                    ],
                    [
                        -95.98636696500,
                        36.16068681500
                    ]
                ]
            }
        },
        {
            "type": "Feature",
            "properties": {
                "OBJECTID": "6220",
                "address": ["512"],
                "PRIMARY": "512"
            },
            "geometry": {
                "type": "Polygon",
                "coordinates": [
                    [
                        -95.98673118500,
                        36.16381692400
                    ],
                    [
                        -95.98684380500,
                        36.16381692400
                    ],
                    [
                        -95.98684380500,
                        36.16377243000
                    ],
                    [
                        -95.98673118500,
                        36.16377243000
                    ],
                    [
                        -95.98673118500,
                        36.16381692400
                    ]
                ]
            }
        },
        {
            "type": "Feature",
            "properties": {
                "PRIMARY": "108",
                "address": ["108 HARTFORD AVE"],
                "STREET": "HARTFORD AVE",
                "OBJECTID": "7001",
                "buildings": [757]
            },
            "geometry": {
                "type": "Polygon",
                "coordinates": [
                    [
                        -95.98523237400,
                        36.16045466300
                    ],
                    [
                        -95.98522159100,
                        36.16043144800
                    ],
                    [
                        -95.98514611100,
                        36.16045563000
                    ],
                    [
                        -95.98515689400,
                        36.16047691100
                    ],
                    [
                        -95.98523237400,
                        36.16045466300
                    ]
                ]
            }
        },
        {
            "type": "Feature",
            "properties": {
                "OBJECTID": "7387"
            },
            "geometry": {
                "type": "Polygon",
                "coordinates": [
                    [
                        -95.98309617800,
                        36.15826079700
                    ],
                    [
                        -95.98311055500,
                        36.15820856100
                    ],
                    [
                        -95.98301950100,
                        36.15819114900
                    ],
                    [
                        -95.98300512400,
                        36.15824338500
                    ],
                    [
                        -95.98309617800,
                        36.15826079700
                    ]
                ]
            }
        },
        {
            "type": "Feature",
            "properties": {
                "address": ["ELGIN AVE"],
                "STREET": "ELGIN AVE",
                "PRIMARY": "UNKNOWN",
                "OBJECTID": "5699"
            },
            "geometry": {
                "type": "Polygon",
                "coordinates": [
                    [
                        -95.98850117100,
                        36.15865416900
                    ],
                    [
                        -95.98848598000,
                        36.15862321500
                    ],
                    [
                        -95.98842209700,
                        36.15864579200
                    ],
                    [
                        -95.98843726500,
                        36.15867610800
                    ],
                    [
                        -95.98850117100,
                        36.15865416900
                    ]
                ]
            }
        },
        {
            "type": "Feature",
            "properties": {
                "PRIMARY": "UNKNOWN",
                "address": ["GREENWOOD AVE"],
                "STREET": "GREENWOOD AVE",
                "OBJECTID": "6673",
                "buildings": [1057,1058]
            },
            "geometry": {
                "type": "Polygon",
                "coordinates": [
                    [
                        -95.98712655400,
                        36.16168892800
                    ],
                    [
                        -95.98712655400,
                        36.16165023600
                    ],
                    [
                        -95.98710738500,
                        36.16165023600
                    ],
                    [
                        -95.98710738500,
                        36.16168892800
                    ],
                    [
                        -95.98712655400,
                        36.16168892800
                    ]
                ]
            }
        },
        {
            "type": "Feature",
            "properties": {
                "OBJECTID": "617"
            },
            "geometry": {
                "type": "Polygon",
                "coordinates": [
                    [
                        -95.98150926300,
                        36.15944085300
                    ],
                    [
                        -95.98148741500,
                        36.15935265600
                    ],
                    [
                        -95.98145828500,
                        36.15935853600
                    ],
                    [
                        -95.98148013300,
                        36.15944673300
                    ],
                    [
                        -95.98150926300,
                        36.15944085300
                    ]
                ]
            }
        },
        {
            "type": "Feature",
            "properties": {
                "OBJECTID": "6187"
            },
            "geometry": {
                "type": "Polygon",
                "coordinates": [
                    [
                        -95.99327515400,
                        36.16406454200
                    ],
                    [
                        -95.99331349300,
                        36.16405100000
                    ],
                    [
                        -95.99328713500,
                        36.16400263800
                    ],
                    [
                        -95.99324879600,
                        36.16401617900
                    ],
                    [
                        -95.99327515400,
                        36.16406454200
                    ]
                ]
            }
        },
        {
            "type": "Feature",
            "properties": {
                "OBJECTID": "6906"
            },
            "geometry": {
                "type": "Polygon",
                "coordinates": [
                    [
                        -95.98632862600,
                        36.16087833900
                    ],
                    [
                        -95.98632862600,
                        36.16087253500
                    ],
                    [
                        -95.98632623000,
                        36.16087253500
                    ],
                    [
                        -95.98632623000,
                        36.16087833900
                    ],
                    [
                        -95.98632862600,
                        36.16087833900
                    ]
                ]
            }
        },
        {
            "type": "Feature",
            "properties": {
                "address": ["418.5 ARCHER ST"],
                "OBJECTID": "7257",
                "STREET": "ARCHER ST",
                "PRIMARY": "418.5"
            },
            "geometry": {
                "type": "Polygon",
                "coordinates": [
                    [
                        -95.98743446400,
                        36.15917685000
                    ],
                    [
                        -95.98749796300,
                        36.15915460200
                    ],
                    [
                        -95.98744884100,
                        36.15906367400
                    ],
                    [
                        -95.98738893600,
                        36.15908689000
                    ],
                    [
                        -95.98743446400,
                        36.15917685000
                    ]
                ]
            }
        },
        {
            "type": "Feature",
            "properties": {
                "PRIMARY": "UNKNOWN",
                "OBJECTID": "6173",
                "STREET": "EXETER PL",
                "address": ["EXETER PL"]
            },
            "geometry": {
                "type": "Polygon",
                "coordinates": [
                    [
                        -95.98881107000,
                        36.16415546400
                    ],
                    [
                        -95.98884222000,
                        36.16415546400
                    ],
                    [
                        -95.98884222000,
                        36.16413418400
                    ],
                    [
                        -95.98881107000,
                        36.16413418400
                    ],
                    [
                        -95.98881107000,
                        36.16415546400
                    ]
                ]
            }
        },
        {
            "type": "Feature",
            "properties": {
                "OBJECTID": "6393"
            },
            "geometry": {
                "type": "Polygon",
                "coordinates": [
                    [
                        -95.99137977500,
                        36.16278775500
                    ],
                    [
                        -95.99156188500,
                        36.16272391500
                    ],
                    [
                        -95.99152354600,
                        36.16265427100
                    ],
                    [
                        -95.99134143700,
                        36.16272004600
                    ],
                    [
                        -95.99137977500,
                        36.16278775500
                    ]
                ]
            }
        },
        {
            "type": "Feature",
            "properties": {
                "STREET": "GREENWOOD AVE",
                "buildings": [743],
                "PRIMARY": "421",
                "OBJECTID": "6299",
                "address": ["421 GREENWOOD AVE"]
            },
            "geometry": {
                "type": "Polygon",
                "coordinates": [
                    [
                        -95.98643166200,
                        36.16323850200
                    ],
                    [
                        -95.98643166200,
                        36.16318626900
                    ],
                    [
                        -95.98630945700,
                        36.16318626900
                    ],
                    [
                        -95.98630945700,
                        36.16323850200
                    ],
                    [
                        -95.98643166200,
                        36.16323850200
                    ]
                ]
            }
        },
        {
            "type": "Feature",
            "properties": {
                "OBJECTID": "6602"
            },
            "geometry": {
                "type": "Polygon",
                "coordinates": [
                    [
                        -95.99217530700,
                        36.16195009400
                    ],
                    [
                        -95.99214494800,
                        36.16189528800
                    ],
                    [
                        -95.99211619400,
                        36.16190366400
                    ],
                    [
                        -95.99214734400,
                        36.16196299800
                    ],
                    [
                        -95.99217530700,
                        36.16195009400
                    ]
                ]
            }
        },
        {
            "type": "Feature",
            "properties": {
                "OBJECTID": "6137"
            },
            "geometry": {
                "type": "Polygon",
                "coordinates": [
                    [
                        -95.99098919800,
                        36.16460426800
                    ],
                    [
                        -95.99111859200,
                        36.16455784000
                    ],
                    [
                        -95.99106348000,
                        36.16446111500
                    ],
                    [
                        -95.99093408600,
                        36.16450754300
                    ],
                    [
                        -95.99098919800,
                        36.16460426800
                    ]
                ]
            }
        },
        {
            "type": "Feature",
            "properties": {
                "OBJECTID": "6350"
            },
            "geometry": {
                "type": "Polygon",
                "coordinates": [
                    [
                        -95.99158584700,
                        36.16303731000
                    ],
                    [
                        -95.99172003300,
                        36.16298894700
                    ],
                    [
                        -95.99168409000,
                        36.16292317300
                    ],
                    [
                        -95.99154990400,
                        36.16297153600
                    ],
                    [
                        -95.99158584700,
                        36.16303731000
                    ]
                ]
            }
        },
        {
            "type": "Feature",
            "properties": {
                "OBJECTID": "6811"
            },
            "geometry": {
                "type": "Polygon",
                "coordinates": [
                    [
                        -95.98669763800,
                        36.16127492900
                    ],
                    [
                        -95.98672878800,
                        36.16127492900
                    ],
                    [
                        -95.98672878800,
                        36.16121882600
                    ],
                    [
                        -95.98669763800,
                        36.16121882600
                    ],
                    [
                        -95.98669763800,
                        36.16127492900
                    ]
                ]
            }
        },
        {
            "type": "Feature",
            "properties": {
                "OBJECTID": "7137"
            },
            "geometry": {
                "type": "Polygon",
                "coordinates": [
                    [
                        -95.98993248200,
                        36.15976594300
                    ],
                    [
                        -95.98992289700,
                        36.15974659700
                    ],
                    [
                        -95.98992050100,
                        36.15974853100
                    ],
                    [
                        -95.98993008600,
                        36.15976787700
                    ],
                    [
                        -95.98993248200,
                        36.15976594300
                    ]
                ]
            }
        },
        {
            "type": "Feature",
            "properties": {
                "PRIMARY": "UNKNOWN",
                "address": ["EASTON ST"],
                "OBJECTID": "6264",
                "STREET": "EASTON ST"
            },
            "geometry": {
                "type": "Polygon",
                "coordinates": [
                    [
                        -95.98814493100,
                        36.16350159700
                    ],
                    [
                        -95.98817128900,
                        36.16350159700
                    ],
                    [
                        -95.98817128900,
                        36.16343775800
                    ],
                    [
                        -95.98814493100,
                        36.16343775800
                    ],
                    [
                        -95.98814493100,
                        36.16350159700
                    ]
                ]
            }
        },
        {
            "type": "Feature",
            "properties": {
                "OBJECTID": "6524",
                "buildings": [1019,1020],
                "PRIMARY": "UNKNOWN",
                "address": ["FRANKFORT AVE"],
                "STREET": "FRANKFORT AVE"
            },
            "geometry": {
                "type": "Polygon",
                "coordinates": [
                    [
                        -95.98814013900,
                        36.16219578300
                    ],
                    [
                        -95.98814013900,
                        36.16218417600
                    ],
                    [
                        -95.98807783800,
                        36.16218417600
                    ],
                    [
                        -95.98807783800,
                        36.16219578300
                    ],
                    [
                        -95.98814013900,
                        36.16219578300
                    ]
                ]
            }
        },
        {
            "type": "Feature",
            "properties": {
                "PRIMARY": "UNKNOWN",
                "STREET": "FOURTH ST",
                "OBJECTID": "6495",
                "address": ["FOURTH ST"]
            },
            "geometry": {
                "type": "Polygon",
                "coordinates": [
                    [
                        -95.98958982800,
                        36.16229638000
                    ],
                    [
                        -95.98963535600,
                        36.16227896900
                    ],
                    [
                        -95.98960180900,
                        36.16221706300
                    ],
                    [
                        -95.98955628200,
                        36.16223447400
                    ],
                    [
                        -95.98958982800,
                        36.16229638000
                    ]
                ]
            }
        },
        {
            "type": "Feature",
            "properties": {
                "OBJECTID": "6756",
                "STREET": "GREENWOOD AVE",
                "buildings": [889],
                "address": ["303 GREENWOOD AVE"],
                "PRIMARY": "303"
            },
            "geometry": {
                "type": "Polygon",
                "coordinates": [
                    [
                        -95.98628309900,
                        36.16141228400
                    ],
                    [
                        -95.98641488900,
                        36.16141228400
                    ],
                    [
                        -95.98641488900,
                        36.16134844300
                    ],
                    [
                        -95.98630706100,
                        36.16134844300
                    ],
                    [
                        -95.98628309900,
                        36.16136391900
                    ],
                    [
                        -95.98628309900,
                        36.16141228400
                    ]
                ]
            }
        },
        {
            "type": "Feature",
            "properties": {
                "OBJECTID": "7045"
            },
            "geometry": {
                "type": "Polygon",
                "coordinates": [
                    [
                        -95.98923998600,
                        36.16023992200
                    ],
                    [
                        -95.98967609100,
                        36.16008515400
                    ],
                    [
                        -95.98953711200,
                        36.15983172000
                    ],
                    [
                        -95.98910100700,
                        36.15998648900
                    ],
                    [
                        -95.98923998600,
                        36.16023992200
                    ]
                ]
            }
        },
        {
            "type": "Feature",
            "properties": {
                "OBJECTID": "5712"
            },
            "geometry": {
                "type": "Polygon",
                "coordinates": [
                    [
                        -95.98978792000,
                        36.15761525900
                    ],
                    [
                        -95.98973199400,
                        36.15750434400
                    ],
                    [
                        -95.98951315100,
                        36.15757979600
                    ],
                    [
                        -95.98955946900,
                        36.15766298700
                    ],
                    [
                        -95.98956826300,
                        36.15765975600
                    ],
                    [
                        -95.98961139400,
                        36.15774747400
                    ],
                    [
                        -95.98951633800,
                        36.15778357500
                    ],
                    [
                        -95.98960660200,
                        36.15795641700
                    ],
                    [
                        -95.98976235300,
                        36.15790158900
                    ],
                    [
                        -95.98963535600,
                        36.15766749500
                    ],
                    [
                        -95.98978792000,
                        36.15761525900
                    ]
                ]
            }
        },
        {
            "type": "Feature",
            "properties": {
                "buildings": [550],
                "OBJECTID": "6705",
                "address": ["305 FRANKFORT AVE"],
                "PRIMARY": "305",
                "STREET": "FRANKFORT AVE"
            },
            "geometry": {
                "type": "Polygon",
                "coordinates": [
                    [
                        -95.98760818700,
                        36.16156898400
                    ],
                    [
                        -95.98761058300,
                        36.16150901200
                    ],
                    [
                        -95.98750754700,
                        36.16150514300
                    ],
                    [
                        -95.98750515100,
                        36.16156511500
                    ],
                    [
                        -95.98760818700,
                        36.16156898400
                    ]
                ]
            }
        },
        {
            "type": "Feature",
            "properties": {
                "PRIMARY": "321",
                "address": ["321 FRANKFORT AVE"],
                "STREET": "FRANKFORT AVE",
                "OBJECTID": "6446"
            },
            "geometry": {
                "type": "Polygon",
                "coordinates": [
                    [
                        -95.98760579100,
                        36.16248790000
                    ],
                    [
                        -95.98760579100,
                        36.16243566800
                    ],
                    [
                        -95.98749796300,
                        36.16243566800
                    ],
                    [
                        -95.98749796300,
                        36.16248790000
                    ],
                    [
                        -95.98760579100,
                        36.16248790000
                    ]
                ]
            }
        },
        {
            "type": "Feature",
            "properties": {
                "address": ["116 HARTFORD AVE"],
                "buildings": [753],
                "OBJECTID": "6949",
                "STREET": "HARTFORD AVE",
                "PRIMARY": "116"
            },
            "geometry": {
                "type": "Polygon",
                "coordinates": [
                    [
                        -95.98533540900,
                        36.16074582000
                    ],
                    [
                        -95.98546240700,
                        36.16070519300
                    ],
                    [
                        -95.98544563400,
                        36.16067520700
                    ],
                    [
                        -95.98531863600,
                        36.16070906200
                    ],
                    [
                        -95.98533540900,
                        36.16074582000
                    ]
                ]
            }
        },
        {
            "type": "Feature",
            "properties": {
                "PRIMARY": "UNKNOWN",
                "OBJECTID": "7308",
                "STREET": "DETROIT AVE",
                "address": ["DETROIT AVE"]
            },
            "geometry": {
                "type": "Polygon",
                "coordinates": [
                    [
                        -95.98941730300,
                        36.15890309900
                    ],
                    [
                        -95.98940412400,
                        36.15887891600
                    ],
                    [
                        -95.98938255900,
                        36.15888568700
                    ],
                    [
                        -95.98939454000,
                        36.15891180500
                    ],
                    [
                        -95.98941730300,
                        36.15890309900
                    ]
                ]
            }
        },
        {
            "type": "Feature",
            "properties": {
                "PRIMARY": "301",
                "OBJECTID": "5607",
                "STREET": "ARCHER ST",
                "address": ["301 ARCHER ST"]
            },
            "geometry": {
                "type": "Polygon",
                "coordinates": [
                    [
                        -95.98946683200,
                        36.15872704700
                    ],
                    [
                        -95.98950996300,
                        36.15880830200
                    ],
                    [
                        -95.98956826300,
                        36.15878638200
                    ],
                    [
                        -95.98952831900,
                        36.15870447000
                    ],
                    [
                        -95.98946683200,
                        36.15872704700
                    ]
                ]
            }
        },
        {
            "type": "Feature",
            "properties": {
                "PRIMARY": "309",
                "buildings": [551],
                "address": ["309 FRANKFORT AVE"],
                "STREET": "FRANKFORT AVE",
                "OBJECTID": "6644"
            },
            "geometry": {
                "type": "Polygon",
                "coordinates": [
                    [
                        -95.98753630100,
                        36.16178952500
                    ],
                    [
                        -95.98759620600,
                        36.16178952500
                    ],
                    [
                        -95.98759620600,
                        36.16175663700
                    ],
                    [
                        -95.98753630100,
                        36.16175663700
                    ],
                    [
                        -95.98753630100,
                        36.16178952500
                    ]
                ]
            }
        },
        {
            "type": "Feature",
            "properties": {
                "OBJECTID": "5578"
            },
            "geometry": {
                "type": "Polygon",
                "coordinates": [
                    [
                        -95.98699955700,
                        36.16540321100
                    ],
                    [
                        -95.98699955700,
                        36.16539547300
                    ],
                    [
                        -95.98699236800,
                        36.16539547300
                    ],
                    [
                        -95.98699236800,
                        36.16540321100
                    ],
                    [
                        -95.98699955700,
                        36.16540321100
                    ]
                ]
            }
        },
        {
            "type": "Feature",
            "properties": {
                "OBJECTID": "7666"
            },
            "geometry": {
                "type": "Polygon",
                "coordinates": [
                    [
                        -95.98915132700,
                        36.15681172800
                    ],
                    [
                        -95.98929989000,
                        36.15676013000
                    ],
                    [
                        -95.98914253300,
                        36.15645961400
                    ],
                    [
                        -95.98899557600,
                        36.15650734300
                    ],
                    [
                        -95.98915132700,
                        36.15681172800
                    ]
                ]
            }
        },
        {
            "type": "Feature",
            "properties": {
                "PRIMARY": "506",
                "buildings": [573],
                "address": ["506 FRANKFORT AVE"],
                "OBJECTID": "6247",
                "STREET": "FRANKFORT AVE"
            },
            "geometry": {
                "type": "Polygon",
                "coordinates": [
                    [
                        -95.98791489800,
                        36.16360993100
                    ],
                    [
                        -95.98801314100,
                        36.16360993100
                    ],
                    [
                        -95.98801314100,
                        36.16356156800
                    ],
                    [
                        -95.98791489800,
                        36.16356156800
                    ],
                    [
                        -95.98791489800,
                        36.16360993100
                    ]
                ]
            }
        },
        {
            "type": "Feature",
            "properties": {
                "OBJECTID": "7008",
                "STREET": "HARTFORD AVE",
                "buildings": [759],
                "PRIMARY": "108.5",
                "address": ["108.5 HARTFORD AVE"]
            },
            "geometry": {
                "type": "Polygon",
                "coordinates": [
                    [
                        -95.98527071200,
                        36.16043531700
                    ],
                    [
                        -95.98531144800,
                        36.16042274200
                    ],
                    [
                        -95.98528509000,
                        36.16036954100
                    ],
                    [
                        -95.98524435400,
                        36.16038405000
                    ],
                    [
                        -95.98527071200,
                        36.16043531700
                    ]
                ]
            }
        },
        {
            "type": "Feature",
            "properties": {
                "PRIMARY": "UNKNOWN",
                "address": ["GREENWOOD AVE"],
                "STREET": "GREENWOOD AVE",
                "OBJECTID": "7200",
                "buildings": [1057,1058]
            },
            "geometry": {
                "type": "Polygon",
                "coordinates": [
                    [
                        -95.98612015900,
                        36.15945253400
                    ],
                    [
                        -95.98626872200,
                        36.15940223400
                    ],
                    [
                        -95.98623757100,
                        36.15934032600
                    ],
                    [
                        -95.98608900800,
                        36.15939062600
                    ],
                    [
                        -95.98612015900,
                        36.15945253400
                    ]
                ]
            }
        },
        {
            "type": "Feature",
            "properties": {
                "buildings": [88],
                "STREET": "HASKELL ST",
                "OBJECTID": "6143",
                "PRIMARY": "415",
                "address": ["415 HASKELL ST"]
            },
            "geometry": {
                "type": "Polygon",
                "coordinates": [
                    [
                        -95.99023440100,
                        36.16444950800
                    ],
                    [
                        -95.99030389000,
                        36.16444950800
                    ],
                    [
                        -95.99030389000,
                        36.16438567000
                    ],
                    [
                        -95.99023440100,
                        36.16438567000
                    ],
                    [
                        -95.99023440100,
                        36.16444950800
                    ]
                ]
            }
        },
        {
            "type": "Feature",
            "properties": {
                "PRIMARY": "UNKNOWN",
                "address": ["GREENWOOD AVE"],
                "OBJECTID": "6372",
                "STREET": "GREENWOOD AVE",
                "buildings": [1057,1058]
            },
            "geometry": {
                "type": "Polygon",
                "coordinates": [
                    [
                        -95.98712176200,
                        36.16293284500
                    ],
                    [
                        -95.98712176200,
                        36.16289802400
                    ],
                    [
                        -95.98710259300,
                        36.16289802400
                    ],
                    [
                        -95.98710259300,
                        36.16293284500
                    ],
                    [
                        -95.98712176200,
                        36.16293284500
                    ]
                ]
            }
        },
        {
            "type": "Feature",
            "properties": {
                "OBJECTID": "5541"
            },
            "geometry": {
                "type": "Polygon",
                "coordinates": [
                    [
                        -95.99187578500,
                        36.16045466300
                    ],
                    [
                        -95.99182146400,
                        36.16035536000
                    ],
                    [
                        -95.99137419200,
                        36.16037598300
                    ],
                    [
                        -95.99137577400,
                        36.16047271300
                    ],
                    [
                        -95.99187578500,
                        36.16045466300
                    ]
                ]
            }
        },
        {
            "type": "Feature",
            "properties": {
                "OBJECTID": "6207"
            },
            "geometry": {
                "type": "Polygon",
                "coordinates": [
                    [
                        -95.99296604700,
                        36.16391365000
                    ],
                    [
                        -95.99305710200,
                        36.16388269800
                    ],
                    [
                        -95.99298521700,
                        36.16374147800
                    ],
                    [
                        -95.99289416200,
                        36.16377243000
                    ],
                    [
                        -95.99296604700,
                        36.16391365000
                    ]
                ]
            }
        },
        {
            "type": "Feature",
            "properties": {
                "OBJECTID": "6919",
                "address": ["214 FRANKFORT AVE"],
                "buildings": [75,1003,1004],
                "STREET": "FRANKFORT AVE",
                "PRIMARY": "214"
            },
            "geometry": {
                "type": "Polygon",
                "coordinates": [
                    [
                        -95.98820962800,
                        36.16083384400
                    ],
                    [
                        -95.98829589100,
                        36.16080289000
                    ],
                    [
                        -95.98828151400,
                        36.16077774000
                    ],
                    [
                        -95.98819525100,
                        36.16080675900
                    ],
                    [
                        -95.98820962800,
                        36.16083384400
                    ]
                ]
            }
        },
        {
            "type": "Feature",
            "properties": {
                "OBJECTID": "7269"
            },
            "geometry": {
                "type": "Polygon",
                "coordinates": [
                    [
                        -95.98634221200,
                        36.15913074800
                    ],
                    [
                        -95.98633102200,
                        36.15911204000
                    ],
                    [
                        -95.98631424900,
                        36.15911720500
                    ],
                    [
                        -95.98632304300,
                        36.15913719000
                    ],
                    [
                        -95.98634221200,
                        36.15913074800
                    ]
                ]
            }
        },
        {
            "type": "Feature",
            "properties": {
                "OBJECTID": "5780"
            },
            "geometry": {
                "type": "Polygon",
                "coordinates": [
                    [
                        -95.98688513900,
                        36.15731474600
                    ],
                    [
                        -95.98698577900,
                        36.15751014800
                    ],
                    [
                        -95.98706605100,
                        36.15748209500
                    ],
                    [
                        -95.98693066700,
                        36.15722768500
                    ],
                    [
                        -95.98685219200,
                        36.15725283600
                    ],
                    [
                        -95.98688513900,
                        36.15731474600
                    ]
                ]
            }
        },
        {
            "type": "Feature",
            "properties": {
                "OBJECTID": "6337",
                "PRIMARY": "417",
                "buildings": [742],
                "STREET": "GREENWOOD AVE",
                "address": ["417 GREENWOOD AVE"]
            },
            "geometry": {
                "type": "Polygon",
                "coordinates": [
                    [
                        -95.98625674100,
                        36.16310308500
                    ],
                    [
                        -95.98641728500,
                        36.16310308500
                    ],
                    [
                        -95.98641728500,
                        36.16305859000
                    ],
                    [
                        -95.98625674100,
                        36.16305859000
                    ],
                    [
                        -95.98625674100,
                        36.16310308500
                    ]
                ]
            }
        },
        {
            "type": "Feature",
            "properties": {
                "PRIMARY": "UNKNOWN",
                "address": ["HARTFORD AVE"],
                "STREET": "HARTFORD AVE",
                "buildings": [287,1047,1048,1099,1100],
                "OBJECTID": "6314"
            },
            "geometry": {
                "type": "Polygon",
                "coordinates": [
                    [
                        -95.98587814400,
                        36.16319013800
                    ],
                    [
                        -95.98584699400,
                        36.16318626900
                    ],
                    [
                        -95.98584699400,
                        36.16320174600
                    ],
                    [
                        -95.98587574800,
                        36.16320368000
                    ],
                    [
                        -95.98587814400,
                        36.16319013800
                    ]
                ]
            }
        },
        {
            "type": "Feature",
            "properties": {
                "buildings": [809],
                "address": ["309.5 HARTFORD AVE"],
                "PRIMARY": "309.5",
                "OBJECTID": "6608",
                "STREET": "HARTFORD AVE"
            },
            "geometry": {
                "type": "Polygon",
                "coordinates": [
                    [
                        -95.98505385800,
                        36.16193461700
                    ],
                    [
                        -95.98516647900,
                        36.16193461700
                    ],
                    [
                        -95.98516647900,
                        36.16188625300
                    ],
                    [
                        -95.98505385800,
                        36.16188625300
                    ],
                    [
                        -95.98505385800,
                        36.16193461700
                    ]
                ]
            }
        },
        {
            "type": "Feature",
            "properties": {
                "OBJECTID": "6478"
            },
            "geometry": {
                "type": "Polygon",
                "coordinates": [
                    [
                        -95.99078791900,
                        36.16235828500
                    ],
                    [
                        -95.99084782300,
                        36.16233507100
                    ],
                    [
                        -95.99083344600,
                        36.16231185600
                    ],
                    [
                        -95.99077593800,
                        36.16233507100
                    ],
                    [
                        -95.99078791900,
                        36.16235828500
                    ]
                ]
            }
        },
        {
            "type": "Feature",
            "properties": {
                "OBJECTID": "6822"
            },
            "geometry": {
                "type": "Polygon",
                "coordinates": [
                    [
                        -95.99304751700,
                        36.16122656400
                    ],
                    [
                        -95.99308106400,
                        36.16121882600
                    ],
                    [
                        -95.99307387500,
                        36.16119174200
                    ],
                    [
                        -95.99303793300,
                        36.16119754600
                    ],
                    [
                        -95.99304751700,
                        36.16122656400
                    ]
                ]
            }
        },
        {
            "type": "Feature",
            "properties": {
                "PRIMARY": "UNKNOWN",
                "address": ["HARTFORD AVE"],
                "OBJECTID": "7164",
                "STREET": "HARTFORD AVE",
                "buildings": [287,1047,1048,1099,1100]
            },
            "geometry": {
                "type": "Polygon",
                "coordinates": [
                    [
                        -95.98471678800,
                        36.15964276600
                    ],
                    [
                        -95.98488291500,
                        36.15958602300
                    ],
                    [
                        -95.98484697200,
                        36.15951831100
                    ],
                    [
                        -95.98468003000,
                        36.15957377700
                    ],
                    [
                        -95.98471678800,
                        36.15964276600
                    ]
                ]
            }
        },
        {
            "type": "Feature",
            "properties": {
                "PRIMARY": "UNKNOWN",
                "address": ["EASTON ST"],
                "STREET": "EASTON ST",
                "OBJECTID": "6267"
            },
            "geometry": {
                "type": "Polygon",
                "coordinates": [
                    [
                        -95.98811138500,
                        36.16349772800
                    ],
                    [
                        -95.98811138500,
                        36.16343582400
                    ],
                    [
                        -95.98808981900,
                        36.16343582400
                    ],
                    [
                        -95.98808981900,
                        36.16349772800
                    ],
                    [
                        -95.98811138500,
                        36.16349772800
                    ]
                ]
            }
        },
        {
            "type": "Feature",
            "properties": {
                "OBJECTID": "6551"
            },
            "geometry": {
                "type": "Polygon",
                "coordinates": [
                    [
                        -95.99087418100,
                        36.16210485900
                    ],
                    [
                        -95.99086339800,
                        36.16208744800
                    ],
                    [
                        -95.99082386100,
                        36.16210195700
                    ],
                    [
                        -95.99083344600,
                        36.16212033500
                    ],
                    [
                        -95.99087418100,
                        36.16210485900
                    ]
                ]
            }
        },
        {
            "type": "Feature",
            "properties": {
                "OBJECTID": "6419"
            },
            "geometry": {
                "type": "Polygon",
                "coordinates": [
                    [
                        -95.98927592900,
                        36.16265427100
                    ],
                    [
                        -95.98935021000,
                        36.16262912200
                    ],
                    [
                        -95.98933822900,
                        36.16260977700
                    ],
                    [
                        -95.98926634400,
                        36.16263492600
                    ],
                    [
                        -95.98927592900,
                        36.16265427100
                    ]
                ]
            }
        },
        {
            "type": "Feature",
            "properties": {
                "OBJECTID": "6768"
            },
            "geometry": {
                "type": "Polygon",
                "coordinates": [
                    [
                        -95.98820483600,
                        36.16139293800
                    ],
                    [
                        -95.98820723200,
                        36.16134844300
                    ],
                    [
                        -95.98814493100,
                        36.16134650800
                    ],
                    [
                        -95.98814013900,
                        36.16139100300
                    ],
                    [
                        -95.98820483600,
                        36.16139293800
                    ]
                ]
            }
        },
        {
            "type": "Feature",
            "properties": {
                "PRIMARY": "UNKNOWN",
                "OBJECTID": "7060",
                "address": ["BRADY ST"],
                "STREET": "BRADY ST"
            },
            "geometry": {
                "type": "Polygon",
                "coordinates": [
                    [
                        -95.98798199100,
                        36.16017027600
                    ],
                    [
                        -95.98808742300,
                        36.15997681600
                    ],
                    [
                        -95.98797480200,
                        36.15993618900
                    ],
                    [
                        -95.98786937100,
                        36.16012965000
                    ],
                    [
                        -95.98798199100,
                        36.16017027600
                    ]
                ]
            }
        },
        {
            "type": "Feature",
            "properties": {
                "OBJECTID": "5719"
            },
            "geometry": {
                "type": "Polygon",
                "coordinates": [
                    [
                        -95.98949398100,
                        36.15802800000
                    ],
                    [
                        -95.98954748800,
                        36.15812730600
                    ],
                    [
                        -95.98998280200,
                        36.15797963300
                    ],
                    [
                        -95.98992848100,
                        36.15787643900
                    ],
                    [
                        -95.98949398100,
                        36.15802800000
                    ]
                ]
            }
        },
        {
            "type": "Feature",
            "properties": {
                "OBJECTID": "6747"
            },
            "geometry": {
                "type": "Polygon",
                "coordinates": [
                    [
                        -95.99137737900,
                        36.16143356400
                    ],
                    [
                        -95.99152115000,
                        36.16138520000
                    ],
                    [
                        -95.99149239600,
                        36.16132909700
                    ],
                    [
                        -95.99134862500,
                        36.16137939600
                    ],
                    [
                        -95.99137737900,
                        36.16143356400
                    ]
                ]
            }
        },
        {
            "type": "Feature",
            "properties": {
                "OBJECTID": "7451"
            },
            "geometry": {
                "type": "Polygon",
                "coordinates": [
                    [
                        -95.98486216400,
                        36.15808667800
                    ],
                    [
                        -95.98485976700,
                        36.15808474300
                    ],
                    [
                        -95.98485737100,
                        36.15808667800
                    ],
                    [
                        -95.98485976700,
                        36.15808861300
                    ],
                    [
                        -95.98486216400,
                        36.15808667800
                    ]
                ]
            }
        },
        {
            "type": "Feature",
            "properties": {
                "address": ["115 GREENWOOD AVE"],
                "STREET": "GREENWOOD AVE",
                "OBJECTID": "5568",
                "PRIMARY": "115"
            },
            "geometry": {
                "type": "Polygon",
                "coordinates": [
                    [
                        -95.98616329000,
                        36.16030183000
                    ],
                    [
                        -95.98593924700,
                        36.16038695200
                    ],
                    [
                        -95.98597039700,
                        36.16044789200
                    ],
                    [
                        -95.98619444000,
                        36.16036663900
                    ],
                    [
                        -95.98616329000,
                        36.16030183000
                    ]
                ]
            }
        },
        {
            "type": "Feature",
            "properties": {
                "PRIMARY": "507",
                "OBJECTID": "6228",
                "address": ["507 FRANKFORT AVE"],
                "buildings": [563],
                "STREET": "FRANKFORT AVE"
            },
            "geometry": {
                "type": "Polygon",
                "coordinates": [
                    [
                        -95.98756026300,
                        36.16375308500
                    ],
                    [
                        -95.98765850700,
                        36.16375308500
                    ],
                    [
                        -95.98765850700,
                        36.16370472200
                    ],
                    [
                        -95.98756026300,
                        36.16370472200
                    ],
                    [
                        -95.98756026300,
                        36.16375308500
                    ]
                ]
            }
        },
        {
            "type": "Feature",
            "properties": {
                "address": ["111 HARTFORD AVE"],
                "buildings": [796],
                "STREET": "HARTFORD AVE",
                "PRIMARY": "111",
                "OBJECTID": "6960"
            },
            "geometry": {
                "type": "Polygon",
                "coordinates": [
                    [
                        -95.98497238800,
                        36.16070035700
                    ],
                    [
                        -95.98504667000,
                        36.16067520700
                    ],
                    [
                        -95.98501551900,
                        36.16061910400
                    ],
                    [
                        -95.98494363400,
                        36.16064425400
                    ],
                    [
                        -95.98497238800,
                        36.16070035700
                    ]
                ]
            }
        },
        {
            "type": "Feature",
            "properties": {
                "OBJECTID": "7349"
            },
            "geometry": {
                "type": "Polygon",
                "coordinates": [
                    [
                        -95.98477110900,
                        36.15862257600
                    ],
                    [
                        -95.98476871300,
                        36.15862064200
                    ],
                    [
                        -95.98476631600,
                        36.15862257600
                    ],
                    [
                        -95.98476871300,
                        36.15862451100
                    ],
                    [
                        -95.98477110900,
                        36.15862257600
                    ]
                ]
            }
        },
        {
            "type": "Feature",
            "properties": {
                "OBJECTID": "5610",
                "buildings": [1133,1134],
                "PRIMARY": "UNKNOWN",
                "STREET": "ARCHER ST",
                "address": ["ARCHER ST"]
            },
            "geometry": {
                "type": "Polygon",
                "coordinates": [
                    [
                        -95.98939173600,
                        36.15875283600
                    ],
                    [
                        -95.98934860500,
                        36.15876767400
                    ],
                    [
                        -95.98938296600,
                        36.15882764800
                    ],
                    [
                        -95.98942209600,
                        36.15881346700
                    ],
                    [
                        -95.98939173600,
                        36.15875283600
                    ]
                ]
            }
        },
        {
            "type": "Feature",
            "properties": {
                "STREET": "ELGIN AVE",
                "address": ["321 ELGIN AVE"],
                "buildings": [951],
                "PRIMARY": "321",
                "OBJECTID": "6683"
            },
            "geometry": {
                "type": "Polygon",
                "coordinates": [
                    [
                        -95.98954190500,
                        36.16165217100
                    ],
                    [
                        -95.98960899800,
                        36.16162702100
                    ],
                    [
                        -95.98957784700,
                        36.16157285300
                    ],
                    [
                        -95.98951075400,
                        36.16159800300
                    ],
                    [
                        -95.98954190500,
                        36.16165217100
                    ]
                ]
            }
        },
        {
            "type": "Feature",
            "properties": {
                "OBJECTID": "628"
            },
            "geometry": {
                "type": "Polygon",
                "coordinates": [
                    [
                        -95.98235404300,
                        36.15932913700
                    ],
                    [
                        -95.98246328100,
                        36.15931149700
                    ],
                    [
                        -95.98243415100,
                        36.15920566100
                    ],
                    [
                        -95.98233219500,
                        36.15922330000
                    ],
                    [
                        -95.98235404300,
                        36.15932913700
                    ]
                ]
            }
        },
        {
            "type": "Feature",
            "properties": {
                "buildings": [1019,1020],
                "PRIMARY": "UNKNOWN",
                "OBJECTID": "6180",
                "address": ["FRANKFORT AVE"],
                "STREET": "FRANKFORT AVE"
            },
            "geometry": {
                "type": "Polygon",
                "coordinates": [
                    [
                        -95.98993248200,
                        36.16409742900
                    ],
                    [
                        -95.98998999100,
                        36.16407614900
                    ],
                    [
                        -95.98996842500,
                        36.16403165500
                    ],
                    [
                        -95.98990852000,
                        36.16405293500
                    ],
                    [
                        -95.98993248200,
                        36.16409742900
                    ]
                ]
            }
        },
        {
            "type": "Feature",
            "properties": {
                "address": ["DEAN PL"],
                "STREET": "DEAN PL",
                "PRIMARY": "UNKNOWN",
                "OBJECTID": "6889"
            },
            "geometry": {
                "type": "Polygon",
                "coordinates": [
                    [
                        -95.98882784300,
                        36.16096539600
                    ],
                    [
                        -95.98893567100,
                        36.16092863800
                    ],
                    [
                        -95.98891170900,
                        36.16088414300
                    ],
                    [
                        -95.98880388100,
                        36.16092090000
                    ],
                    [
                        -95.98882784300,
                        36.16096539600
                    ]
                ]
            }
        },
        {
            "type": "Feature",
            "properties": {
                "buildings": [1133,1134],
                "PRIMARY": "UNKNOWN",
                "STREET": "ARCHER ST",
                "address": ["ARCHER ST"],
                "OBJECTID": "7205"
            },
            "geometry": {
                "type": "Polygon",
                "coordinates": [
                    [
                        -95.98749556600,
                        36.15943705700
                    ],
                    [
                        -95.98754109400,
                        36.15941771100
                    ],
                    [
                        -95.98752271500,
                        36.15938675700
                    ],
                    [
                        -95.98747639700,
                        36.15940223400
                    ],
                    [
                        -95.98749556600,
                        36.15943705700
                    ]
                ]
            }
        },
        {
            "type": "Feature",
            "properties": {
                "PRIMARY": "518",
                "OBJECTID": "6160",
                "buildings": [568],
                "address": ["518 FRANKFORT AVE"],
                "STREET": "FRANKFORT AVE"
            },
            "geometry": {
                "type": "Polygon",
                "coordinates": [
                    [
                        -95.98790770900,
                        36.16419802300
                    ],
                    [
                        -95.98799636800,
                        36.16419802300
                    ],
                    [
                        -95.98799636800,
                        36.16414579100
                    ],
                    [
                        -95.98790770900,
                        36.16414579100
                    ],
                    [
                        -95.98790770900,
                        36.16419802300
                    ]
                ]
            }
        },
        {
            "type": "Feature",
            "properties": {
                "PRIMARY": "405",
                "OBJECTID": "6394",
                "buildings": [556],
                "address": ["405 FRANKFORT AVE"],
                "STREET": "FRANKFORT AVE"
            },
            "geometry": {
                "type": "Polygon",
                "coordinates": [
                    [
                        -95.98747879300,
                        36.16278195100
                    ],
                    [
                        -95.98760099800,
                        36.16278195100
                    ],
                    [
                        -95.98760099800,
                        36.16272198000
                    ],
                    [
                        -95.98747879300,
                        36.16272198000
                    ],
                    [
                        -95.98747879300,
                        36.16278195100
                    ]
                ]
            }
        },
        {
            "type": "Feature",
            "properties": {
                "OBJECTID": "6288"
            },
            "geometry": {
                "type": "Polygon",
                "coordinates": [
                    [
                        -95.99356030000,
                        36.16330814500
                    ],
                    [
                        -95.99362739300,
                        36.16328493000
                    ],
                    [
                        -95.99357707300,
                        36.16319013800
                    ],
                    [
                        -95.99350998000,
                        36.16321335300
                    ],
                    [
                        -95.99356030000,
                        36.16330814500
                    ]
                ]
            }
        },
        {
            "type": "Feature",
            "properties": {
                "PRIMARY": "UNKNOWN",
                "address": ["HARTFORD AVE"],
                "POI": "PUBLIC SCHOOL",
                "STREET": "HARTFORD AVE",
                "buildings": [287,1047,1048,1099,1100],
                "OBJECTID": "6589"
            },
            "geometry": {
                "type": "Polygon",
                "coordinates": [
                    [
                        -95.98568165700,
                        36.16199072000
                    ],
                    [
                        -95.98568405400,
                        36.16193074800
                    ],
                    [
                        -95.98549954800,
                        36.16192687900
                    ],
                    [
                        -95.98549715200,
                        36.16198685100
                    ],
                    [
                        -95.98568165700,
                        36.16199072000
                    ]
                ]
            }
        },
        {
            "type": "Feature",
            "properties": {
                "OBJECTID": "6130"
            },
            "geometry": {
                "type": "Polygon",
                "coordinates": [
                    [
                        -95.99094367100,
                        36.16475709300
                    ],
                    [
                        -95.99097242500,
                        36.16474742100
                    ],
                    [
                        -95.99096284000,
                        36.16472807600
                    ],
                    [
                        -95.99093408600,
                        36.16473581400
                    ],
                    [
                        -95.99094367100,
                        36.16475709300
                    ]
                ]
            }
        },
        {
            "type": "Feature",
            "properties": {
                "OBJECTID": "6356"
            },
            "geometry": {
                "type": "Polygon",
                "coordinates": [
                    [
                        -95.99359863900,
                        36.16301216100
                    ],
                    [
                        -95.99372084400,
                        36.16296960200
                    ],
                    [
                        -95.99368729800,
                        36.16291156500
                    ],
                    [
                        -95.99356748800,
                        36.16295412500
                    ],
                    [
                        -95.99359863900,
                        36.16301216100
                    ]
                ]
            }
        },
        {
            "type": "Feature",
            "properties": {
                "OBJECTID": "6248"
            },
            "geometry": {
                "type": "Polygon",
                "coordinates": [
                    [
                        -95.99147562300,
                        36.16357317500
                    ],
                    [
                        -95.99145405700,
                        36.16353255000
                    ],
                    [
                        -95.99144207600,
                        36.16353641900
                    ],
                    [
                        -95.99146603800,
                        36.16357704400
                    ],
                    [
                        -95.99147562300,
                        36.16357317500
                    ]
                ]
            }
        },
        {
            "type": "Feature",
            "properties": {
                "STREET": "ELGIN AVE",
                "buildings": [496],
                "OBJECTID": "6530",
                "PRIMARY": "403",
                "address": ["403 ELGIN AVE"]
            },
            "geometry": {
                "type": "Polygon",
                "coordinates": [
                    [
                        -95.98982705000,
                        36.16217837200
                    ],
                    [
                        -95.98991810500,
                        36.16214741900
                    ],
                    [
                        -95.98988216200,
                        36.16208164400
                    ],
                    [
                        -95.98979350400,
                        36.16211066200
                    ],
                    [
                        -95.98982705000,
                        36.16217837200
                    ]
                ]
            }
        },
        {
            "type": "Feature",
            "properties": {
                "OBJECTID": "573"
            },
            "geometry": {
                "type": "Polygon",
                "coordinates": [
                    [
                        -95.98169861000,
                        36.15967016500
                    ],
                    [
                        -95.98162578400,
                        36.15947025200
                    ],
                    [
                        -95.98160393600,
                        36.15947613200
                    ],
                    [
                        -95.98167676200,
                        36.15967604400
                    ],
                    [
                        -95.98169861000,
                        36.15967016500
                    ]
                ]
            }
        },
        {
            "type": "Feature",
            "properties": {
                "OBJECTID": "6484"
            },
            "geometry": {
                "type": "Polygon",
                "coordinates": [
                    [
                        -95.99120964700,
                        36.16233700500
                    ],
                    [
                        -95.99131747500,
                        36.16229831400
                    ],
                    [
                        -95.99128632400,
                        36.16224414700
                    ],
                    [
                        -95.99117849600,
                        36.16228283800
                    ],
                    [
                        -95.99120964700,
                        36.16233700500
                    ]
                ]
            }
        },
        {
            "type": "Feature",
            "properties": {
                "OBJECTID": "6853"
            },
            "geometry": {
                "type": "Polygon",
                "coordinates": [
                    [
                        -95.99110421500,
                        36.16109694700
                    ],
                    [
                        -95.99183744600,
                        36.16101956400
                    ],
                    [
                        -95.99182786100,
                        36.16095959200
                    ],
                    [
                        -95.99109463000,
                        36.16103697500
                    ],
                    [
                        -95.99110421500,
                        36.16109694700
                    ]
                ]
            }
        },
        {
            "type": "Feature",
            "properties": {
                "address": ["310 BRADY ST"],
                "buildings": [46],
                "STREET": "BRADY ST",
                "PRIMARY": "310",
                "OBJECTID": "7168"
            },
            "geometry": {
                "type": "Polygon",
                "coordinates": [
                    [
                        -95.98951315100,
                        36.15959956600
                    ],
                    [
                        -95.98959701700,
                        36.15956861200
                    ],
                    [
                        -95.98955987600,
                        36.15949316100
                    ],
                    [
                        -95.98947361400,
                        36.15952314800
                    ],
                    [
                        -95.98951315100,
                        36.15959956600
                    ]
                ]
            }
        },
        {
            "type": "Feature",
            "properties": {
                "STREET": "ELGIN AVE",
                "address": ["20 ELGIN AVE"],
                "buildings": [23],
                "PRIMARY": "20",
                "OBJECTID": "5701"
            },
            "geometry": {
                "type": "Polygon",
                "coordinates": [
                    [
                        -95.98845483000,
                        36.15870963500
                    ],
                    [
                        -95.98847241700,
                        36.15874768900
                    ],
                    [
                        -95.98852513300,
                        36.15873091600
                    ],
                    [
                        -95.98850514900,
                        36.15869352000
                    ],
                    [
                        -95.98845483000,
                        36.15870963500
                    ]
                ]
            }
        },
        {
            "type": "Feature",
            "properties": {
                "OBJECTID": "6706"
            },
            "geometry": {
                "type": "Polygon",
                "coordinates": [
                    [
                        -95.99034462500,
                        36.16156898400
                    ],
                    [
                        -95.99041171800,
                        36.16154576900
                    ],
                    [
                        -95.99037098300,
                        36.16146451700
                    ],
                    [
                        -95.99030149400,
                        36.16148773200
                    ],
                    [
                        -95.99034462500,
                        36.16156898400
                    ]
                ]
            }
        },
        {
            "type": "Feature",
            "properties": {
                "address": ["403 GREENWOOD AVE"],
                "OBJECTID": "6426",
                "STREET": "GREENWOOD AVE",
                "buildings": [734],
                "PRIMARY": "403"
            },
            "geometry": {
                "type": "Polygon",
                "coordinates": [
                    [
                        -95.98629987200,
                        36.16260977700
                    ],
                    [
                        -95.98641249300,
                        36.16260977700
                    ],
                    [
                        -95.98641249300,
                        36.16257302000
                    ],
                    [
                        -95.98629987200,
                        36.16257302000
                    ],
                    [
                        -95.98629987200,
                        36.16260977700
                    ]
                ]
            }
        },
        {
            "type": "Feature",
            "properties": {
                "PRIMARY": "301",
                "address": ["301 FRANKFORT AVE"],
                "buildings": [549],
                "OBJECTID": "6797",
                "STREET": "FRANKFORT AVE"
            },
            "geometry": {
                "type": "Polygon",
                "coordinates": [
                    [
                        -95.98751234000,
                        36.16130588200
                    ],
                    [
                        -95.98761058300,
                        36.16130588200
                    ],
                    [
                        -95.98761058300,
                        36.16124977900
                    ],
                    [
                        -95.98751234000,
                        36.16124977900
                    ],
                    [
                        -95.98751234000,
                        36.16130588200
                    ]
                ]
            }
        },
        {
            "type": "Feature",
            "properties": {
                "buildings": [785,940,941],
                "address": ["612 ARCHER ST"],
                "STREET": "ARCHER ST",
                "PRIMARY": "612",
                "OBJECTID": "7116"
            },
            "geometry": {
                "type": "Polygon",
                "coordinates": [
                    [
                        -95.98540291000,
                        36.15985687000
                    ],
                    [
                        -95.98549636100,
                        36.15982462000
                    ],
                    [
                        -95.98544443600,
                        36.15972338100
                    ],
                    [
                        -95.98535098500,
                        36.15975497400
                    ],
                    [
                        -95.98540291000,
                        36.15985687000
                    ]
                ]
            }
        },
        {
            "type": "Feature",
            "properties": {
                "OBJECTID": "5600"
            },
            "geometry": {
                "type": "Polygon",
                "coordinates": [
                    [
                        -95.98747400100,
                        36.16029892800
                    ],
                    [
                        -95.98746202000,
                        36.16027281100
                    ],
                    [
                        -95.98743206800,
                        36.16027958200
                    ],
                    [
                        -95.98742487900,
                        36.16026120300
                    ],
                    [
                        -95.98740571000,
                        36.16026894100
                    ],
                    [
                        -95.98740211500,
                        36.16026120300
                    ],
                    [
                        -95.98735419200,
                        36.16027861400
                    ],
                    [
                        -95.98738055000,
                        36.16032794700
                    ],
                    [
                        -95.98747400100,
                        36.16029892800
                    ]
                ]
            }
        },
        {
            "type": "Feature",
            "properties": {
                "OBJECTID": "6655"
            },
            "geometry": {
                "type": "Polygon",
                "coordinates": [
                    [
                        -95.99205310200,
                        36.16176631000
                    ],
                    [
                        -95.99232866300,
                        36.16167732000
                    ],
                    [
                        -95.99229990900,
                        36.16162315200
                    ],
                    [
                        -95.99202674400,
                        36.16171020800
                    ],
                    [
                        -95.99205310200,
                        36.16176631000
                    ]
                ]
            }
        },
        {
            "type": "Feature",
            "properties": {
                "OBJECTID": "7512"
            },
            "geometry": {
                "type": "Polygon",
                "coordinates": [
                    [
                        -95.98572239300,
                        36.15776939400
                    ],
                    [
                        -95.98571280800,
                        36.15775391600
                    ],
                    [
                        -95.98568645000,
                        36.15776359000
                    ],
                    [
                        -95.98569363800,
                        36.15777906700
                    ],
                    [
                        -95.98572239300,
                        36.15776939400
                    ]
                ]
            }
        },
        {
            "type": "Feature",
            "properties": {
                "PRIMARY": "UNKNOWN",
                "OBJECTID": "5583",
                "address": ["ELMIRA AVE"],
                "STREET": "ELMIRA AVE"
            },
            "geometry": {
                "type": "Polygon",
                "coordinates": [
                    [
                        -95.98943407700,
                        36.16508015300
                    ],
                    [
                        -95.98956586700,
                        36.16508015300
                    ],
                    [
                        -95.98956586700,
                        36.16503566000
                    ],
                    [
                        -95.98943407700,
                        36.16503566000
                    ],
                    [
                        -95.98943407700,
                        36.16508015300
                    ]
                ]
            }
        },
        {
            "type": "Feature",
            "properties": {
                "POI": "BOOKER T. WASHINGTON HS",
                "OBJECTID": "6231"
            },
            "geometry": {
                "type": "Polygon",
                "coordinates": [
                    [
                        -95.98932864500,
                        36.16373760900
                    ],
                    [
                        -95.98932864500,
                        36.16357704400
                    ],
                    [
                        -95.98908663000,
                        36.16357704400
                    ],
                    [
                        -95.98908663000,
                        36.16373760900
                    ],
                    [
                        -95.98932864500,
                        36.16373760900
                    ]
                ]
            }
        },
        {
            "type": "Feature",
            "properties": {
                "OBJECTID": "7020"
            },
            "geometry": {
                "type": "Polygon",
                "coordinates": [
                    [
                        -95.98344841700,
                        36.16034294000
                    ],
                    [
                        -95.98344003000,
                        36.16032552800
                    ],
                    [
                        -95.98336215400,
                        36.16034971100
                    ],
                    [
                        -95.98337233800,
                        36.16036857300
                    ],
                    [
                        -95.98344841700,
                        36.16034294000
                    ]
                ]
            }
        },
        {
            "type": "Feature",
            "properties": {
                "OBJECTID": "7415"
            },
            "geometry": {
                "type": "Polygon",
                "coordinates": [
                    [
                        -95.98471120400,
                        36.15826079700
                    ],
                    [
                        -95.98474475100,
                        36.15824918900
                    ],
                    [
                        -95.98471120400,
                        36.15818728000
                    ],
                    [
                        -95.98467765800,
                        36.15819888800
                    ],
                    [
                        -95.98471120400,
                        36.15826079700
                    ]
                ]
            }
        },
        {
            "type": "Feature",
            "properties": {
                "address": ["519 EXETER PL"],
                "PRIMARY": "519",
                "STREET": "EXETER PL",
                "buildings": [518],
                "OBJECTID": "6149"
            },
            "geometry": {
                "type": "Polygon",
                "coordinates": [
                    [
                        -95.98871043000,
                        36.16423477900
                    ],
                    [
                        -95.98884222000,
                        36.16423477900
                    ],
                    [
                        -95.98884222000,
                        36.16420963000
                    ],
                    [
                        -95.98871043000,
                        36.16420963000
                    ],
                    [
                        -95.98871043000,
                        36.16423477900
                    ]
                ]
            }
        },
        {
            "type": "Feature",
            "properties": {
                "PRIMARY": "UNKNOWN",
                "address": ["EASTON ST"],
                "OBJECTID": "6364",
                "STREET": "EASTON ST"
            },
            "geometry": {
                "type": "Polygon",
                "coordinates": [
                    [
                        -95.98928311700,
                        36.16296960200
                    ],
                    [
                        -95.98932864500,
                        36.16295219100
                    ],
                    [
                        -95.98928311700,
                        36.16286900600
                    ],
                    [
                        -95.98923759000,
                        36.16288448200
                    ],
                    [
                        -95.98928311700,
                        36.16296960200
                    ]
                ]
            }
        },
        {
            "type": "Feature",
            "properties": {
                "OBJECTID": "5516"
            },
            "geometry": {
                "type": "Polygon",
                "coordinates": [
                    [
                        -95.99074598600,
                        36.16190366400
                    ],
                    [
                        -95.99072442000,
                        36.16186400600
                    ],
                    [
                        -95.99069087300,
                        36.16187561300
                    ],
                    [
                        -95.99072082600,
                        36.16193655200
                    ],
                    [
                        -95.99080109800,
                        36.16191043500
                    ],
                    [
                        -95.99078911700,
                        36.16188818800
                    ],
                    [
                        -95.99074598600,
                        36.16190366400
                    ]
                ]
            }
        },
        {
            "type": "Feature",
            "properties": {
                "OBJECTID": "6196"
            },
            "geometry": {
                "type": "Polygon",
                "coordinates": [
                    [
                        -95.99128153200,
                        36.16398522700
                    ],
                    [
                        -95.99142769900,
                        36.16393493000
                    ],
                    [
                        -95.99139415200,
                        36.16386915600
                    ],
                    [
                        -95.99124558900,
                        36.16391945300
                    ],
                    [
                        -95.99128153200,
                        36.16398522700
                    ]
                ]
            }
        },
        {
            "type": "Feature",
            "properties": {
                "address": ["216.5 FRANKFORT AVE"],
                "OBJECTID": "6922",
                "STREET": "FRANKFORT AVE",
                "PRIMARY": "216.5"
            },
            "geometry": {
                "type": "Polygon",
                "coordinates": [
                    [
                        -95.98839173800,
                        36.16082223600
                    ],
                    [
                        -95.98853311300,
                        36.16077387100
                    ],
                    [
                        -95.98851873600,
                        36.16074678700
                    ],
                    [
                        -95.98837736100,
                        36.16079708600
                    ],
                    [
                        -95.98839173800,
                        36.16082223600
                    ]
                ]
            }
        },
        {
            "type": "Feature",
            "properties": {
                "OBJECTID": "7280"
            },
            "geometry": {
                "type": "Polygon",
                "coordinates": [
                    [
                        -95.98626472000,
                        36.15906431300
                    ],
                    [
                        -95.98625194800,
                        36.15904173600
                    ],
                    [
                        -95.98621521500,
                        36.15905527800
                    ],
                    [
                        -95.98622798700,
                        36.15907655900
                    ],
                    [
                        -95.98626472000,
                        36.15906431300
                    ]
                ]
            }
        },
        {
            "type": "Feature",
            "properties": {
                "OBJECTID": "5781"
            },
            "geometry": {
                "type": "Polygon",
                "coordinates": [
                    [
                        -95.98693066700,
                        36.15722768500
                    ],
                    [
                        -95.98706605100,
                        36.15748209500
                    ],
                    [
                        -95.98719424700,
                        36.15743227700
                    ],
                    [
                        -95.98706066000,
                        36.15718028600
                    ],
                    [
                        -95.98693066700,
                        36.15722768500
                    ]
                ]
            }
        },
        {
            "type": "Feature",
            "properties": {
                "PRIMARY": "408",
                "address": ["408 HARTFORD AVE"],
                "STREET": "HARTFORD AVE",
                "OBJECTID": "6321",
                "buildings": [706]
            },
            "geometry": {
                "type": "Polygon",
                "coordinates": [
                    [
                        -95.98553788700,
                        36.16317272800
                    ],
                    [
                        -95.98558820600,
                        36.16317272800
                    ],
                    [
                        -95.98558820600,
                        36.16312823300
                    ],
                    [
                        -95.98553788700,
                        36.16312823300
                    ],
                    [
                        -95.98553788700,
                        36.16317272800
                    ]
                ]
            }
        },
        {
            "type": "Feature",
            "properties": {
                "PRIMARY": "UNKNOWN",
                "OBJECTID": "6307",
                "buildings": [1092,1093],
                "address": ["FRANKFORT AVE"],
                "STREET": "FRANKFORT AVE"
            },
            "geometry": {
                "type": "Polygon",
                "coordinates": [
                    [
                        -95.98727272200,
                        36.16322689500
                    ],
                    [
                        -95.98727272200,
                        36.16321528700
                    ],
                    [
                        -95.98725355200,
                        36.16321528700
                    ],
                    [
                        -95.98725355200,
                        36.16322689500
                    ],
                    [
                        -95.98727272200,
                        36.16322689500
                    ]
                ]
            }
        },
        {
            "type": "Feature",
            "properties": {
                "OBJECTID": "6623",
                "buildings": [1019,1020],
                "PRIMARY": "UNKNOWN",
                "address": ["FRANKFORT AVE"],
                "STREET": "FRANKFORT AVE"
            },
            "geometry": {
                "type": "Polygon",
                "coordinates": [
                    [
                        -95.98826474000,
                        36.16186690800
                    ],
                    [
                        -95.98826474000,
                        36.16179532900
                    ],
                    [
                        -95.98817608200,
                        36.16179532900
                    ],
                    [
                        -95.98817608200,
                        36.16186690800
                    ],
                    [
                        -95.98826474000,
                        36.16186690800
                    ]
                ]
            }
        },
        {
            "type": "Feature",
            "properties": {
                "PRIMARY": "UNKNOWN",
                "STREET": "FOURTH ST",
                "OBJECTID": "6451",
                "address": ["FOURTH ST"]
            },
            "geometry": {
                "type": "Polygon",
                "coordinates": [
                    [
                        -95.98939334200,
                        36.16247435900
                    ],
                    [
                        -95.98946043500,
                        36.16244727500
                    ],
                    [
                        -95.98941970000,
                        36.16237956600
                    ],
                    [
                        -95.98935260600,
                        36.16240664900
                    ],
                    [
                        -95.98939334200,
                        36.16247435900
                    ]
                ]
            }
        },
        {
            "type": "Feature",
            "properties": {
                "buildings": [1007,1008],
                "address": ["224 FRANKFORT AVE"],
                "PRIMARY": "224",
                "STREET": "FRANKFORT AVE",
                "OBJECTID": "6831"
            },
            "geometry": {
                "type": "Polygon",
                "coordinates": [
                    [
                        -95.98833662600,
                        36.16116465800
                    ],
                    [
                        -95.98838694600,
                        36.16116852700
                    ],
                    [
                        -95.98846841600,
                        36.16114144300
                    ],
                    [
                        -95.98848039700,
                        36.16111629300
                    ],
                    [
                        -95.98843966200,
                        36.16104084400
                    ],
                    [
                        -95.98829589100,
                        36.16108920900
                    ],
                    [
                        -95.98833662600,
                        36.16116465800
                    ]
                ]
            }
        },
        {
            "type": "Feature",
            "properties": {
                "STREET": "ELGIN AVE",
                "OBJECTID": "7150",
                "address": ["124 ELGIN AVE"],
                "PRIMARY": "124",
                "buildings": [51]
            },
            "geometry": {
                "type": "Polygon",
                "coordinates": [
                    [
                        -95.98895124600,
                        36.15970597000
                    ],
                    [
                        -95.98910819600,
                        36.15965180000
                    ],
                    [
                        -95.98907824400,
                        36.15959956600
                    ],
                    [
                        -95.98891770000,
                        36.15964793100
                    ],
                    [
                        -95.98895124600,
                        36.15970597000
                    ]
                ]
            }
        },
        {
            "type": "Feature",
            "properties": {
                "OBJECTID": "6273",
                "address": ["502 FRANKFORT AVE"],
                "PRIMARY": "502",
                "STREET": "FRANKFORT AVE"
            },
            "geometry": {
                "type": "Polygon",
                "coordinates": [
                    [
                        -95.98788854000,
                        36.16346677600
                    ],
                    [
                        -95.98800116000,
                        36.16346677600
                    ],
                    [
                        -95.98800116000,
                        36.16343002000
                    ],
                    [
                        -95.98788854000,
                        36.16343002000
                    ],
                    [
                        -95.98788854000,
                        36.16346677600
                    ]
                ]
            }
        },
        {
            "type": "Feature",
            "properties": {
                "PRIMARY": "UNKNOWN",
                "address": ["GREENWOOD AVE"],
                "OBJECTID": "6538",
                "STREET": "GREENWOOD AVE",
                "buildings": [1057,1058]
            },
            "geometry": {
                "type": "Polygon",
                "coordinates": [
                    [
                        -95.98712415800,
                        36.16214741900
                    ],
                    [
                        -95.98712415800,
                        36.16209131700
                    ],
                    [
                        -95.98710259300,
                        36.16209131700
                    ],
                    [
                        -95.98710259300,
                        36.16214741900
                    ],
                    [
                        -95.98712415800,
                        36.16214741900
                    ]
                ]
            }
        },
        {
            "type": "Feature",
            "properties": {
                "OBJECTID": "578"
            },
            "geometry": {
                "type": "Polygon",
                "coordinates": [
                    [
                        -95.98224480400,
                        36.15957020800
                    ],
                    [
                        -95.98223752100,
                        36.15954668900
                    ],
                    [
                        -95.98213556500,
                        36.15957020800
                    ],
                    [
                        -95.98215013000,
                        36.15959372800
                    ],
                    [
                        -95.98224480400,
                        36.15957020800
                    ]
                ]
            }
        },
        {
            "type": "Feature",
            "properties": {
                "PRIMARY": "405,407",
                "address": ["405 GREENWOOD AVE","407 GREENWOOD AVE"],
                "STREET": "GREENWOOD AVE",
                "buildings": [735,736],
                "OBJECTID": "6400"
            },
            "geometry": {
                "type": "Polygon",
                "coordinates": [
                    [
                        -95.98629987200,
                        36.16265814000
                    ],
                    [
                        -95.98632383400,
                        36.16269296200
                    ],
                    [
                        -95.98632383400,
                        36.16274519500
                    ],
                    [
                        -95.98641249300,
                        36.16274519500
                    ],
                    [
                        -95.98641249300,
                        36.16265814000
                    ],
                    [
                        -95.98629987200,
                        36.16265814000
                    ]
                ]
            }
        },
        {
            "type": "Feature",
            "properties": {
                "OBJECTID": "6770"
            },
            "geometry": {
                "type": "Polygon",
                "coordinates": [
                    [
                        -95.99281029500,
                        36.16139680700
                    ],
                    [
                        -95.99292770800,
                        36.16135618100
                    ],
                    [
                        -95.99290614300,
                        36.16131362000
                    ],
                    [
                        -95.99278873000,
                        36.16135618100
                    ],
                    [
                        -95.99281029500,
                        36.16139680700
                    ]
                ]
            }
        },
        {
            "type": "Feature",
            "properties": {
                "OBJECTID": "7083"
            },
            "geometry": {
                "type": "Polygon",
                "coordinates": [
                    [
                        -95.98972641100,
                        36.16001937700
                    ],
                    [
                        -95.98971922200,
                        36.16000583500
                    ],
                    [
                        -95.98971682600,
                        36.16000776900
                    ],
                    [
                        -95.98972641100,
                        36.16002131200
                    ],
                    [
                        -95.98972641100,
                        36.16001937700
                    ]
                ]
            }
        },
        {
            "type": "Feature",
            "properties": {
                "OBJECTID": "5720"
            },
            "geometry": {
                "type": "Polygon",
                "coordinates": [
                    [
                        -95.98992848100,
                        36.15787643900
                    ],
                    [
                        -95.98988856000,
                        36.15780098700
                    ],
                    [
                        -95.98973520400,
                        36.15785128800
                    ],
                    [
                        -95.98977673000,
                        36.15792933200
                    ],
                    [
                        -95.98992848100,
                        36.15787643900
                    ]
                ]
            }
        },
        {
            "type": "Feature",
            "properties": {
                "OBJECTID": "6722"
            },
            "geometry": {
                "type": "Polygon",
                "coordinates": [
                    [
                        -95.99281269200,
                        36.16151675100
                    ],
                    [
                        -95.99296604700,
                        36.16145677900
                    ],
                    [
                        -95.99293010400,
                        36.16139874200
                    ],
                    [
                        -95.99277914500,
                        36.16146064800
                    ],
                    [
                        -95.99281269200,
                        36.16151675100
                    ]
                ]
            }
        },
        {
            "type": "Feature",
            "properties": {
                "PRIMARY": "UNKNOWN",
                "OBJECTID": "6218",
                "buildings": [1092,1093],
                "address": ["FRANKFORT AVE"],
                "STREET": "FRANKFORT AVE"
            },
            "geometry": {
                "type": "Polygon",
                "coordinates": [
                    [
                        -95.98979829600,
                        36.16383626900
                    ],
                    [
                        -95.98992769000,
                        36.16379177500
                    ],
                    [
                        -95.98990133200,
                        36.16373954400
                    ],
                    [
                        -95.98977193800,
                        36.16378403700
                    ],
                    [
                        -95.98979829600,
                        36.16383626900
                    ]
                ]
            }
        },
        {
            "type": "Feature",
            "properties": {
                "OBJECTID": "6975",
                "address": ["119 Rear GREENWOOD AVE"],
                "STREET": "GREENWOOD AVE",
                "PRIMARY": "119 Rear"
            },
            "geometry": {
                "type": "Polygon",
                "coordinates": [
                    [
                        -95.98584380700,
                        36.16063781100
                    ],
                    [
                        -95.98594444600,
                        36.16060556200
                    ],
                    [
                        -95.98591250500,
                        36.16054235900
                    ],
                    [
                        -95.98581347100,
                        36.16057588500
                    ],
                    [
                        -95.98584380700,
                        36.16063781100
                    ]
                ]
            }
        },
        {
            "type": "Feature",
            "properties": {
                "OBJECTID": "7353"
            },
            "geometry": {
                "type": "Polygon",
                "coordinates": [
                    [
                        -95.98486055800,
                        36.15860323000
                    ],
                    [
                        -95.98489889700,
                        36.15858968700
                    ],
                    [
                        -95.98487414500,
                        36.15854068300
                    ],
                    [
                        -95.98483501500,
                        36.15855486400
                    ],
                    [
                        -95.98486055800,
                        36.15860323000
                    ]
                ]
            }
        },
        {
            "type": "Feature",
            "properties": {
                "STREET": "DETROIT AVE",
                "buildings": [69],
                "address": ["107 DETROIT AVE"],
                "OBJECTID": "5615",
                "PRIMARY": "107"
            },
            "geometry": {
                "type": "Polygon",
                "coordinates": [
                    [
                        -95.98954988400,
                        36.15896243400
                    ],
                    [
                        -95.98952113000,
                        36.15897210800
                    ],
                    [
                        -95.98953232000,
                        36.15899853500
                    ],
                    [
                        -95.98960420500,
                        36.15897404200
                    ],
                    [
                        -95.98959941300,
                        36.15896177700
                    ],
                    [
                        -95.98961618600,
                        36.15895726900
                    ],
                    [
                        -95.98960260000,
                        36.15893082300
                    ],
                    [
                        -95.98958503600,
                        36.15893469200
                    ],
                    [
                        -95.98957624200,
                        36.15891857600
                    ],
                    [
                        -95.98953471600,
                        36.15892954600
                    ],
                    [
                        -95.98954988400,
                        36.15896243400
                    ]
                ]
            }
        },
        {
            "type": "Feature",
            "properties": {
                "OBJECTID": "6658"
            },
            "geometry": {
                "type": "Polygon",
                "coordinates": [
                    [
                        -95.99153792300,
                        36.16173535700
                    ],
                    [
                        -95.99167690200,
                        36.16168699300
                    ],
                    [
                        -95.99164814800,
                        36.16163089000
                    ],
                    [
                        -95.99150916900,
                        36.16167925500
                    ],
                    [
                        -95.99153792300,
                        36.16173535700
                    ]
                ]
            }
        },
        {
            "type": "Feature",
            "properties": {
                "PRIMARY": "616",
                "OBJECTID": "5586",
                "address": ["616 ELMIRA AVE"],
                "STREET": "ELMIRA AVE"
            },
            "geometry": {
                "type": "Polygon",
                "coordinates": [
                    [
                        -95.98999717900,
                        36.16492539400
                    ],
                    [
                        -95.99006666800,
                        36.16492539400
                    ],
                    [
                        -95.99006906500,
                        36.16490604900
                    ],
                    [
                        -95.99011459200,
                        36.16490604900
                    ],
                    [
                        -95.99011459200,
                        36.16487316300
                    ],
                    [
                        -95.98999717900,
                        36.16487316300
                    ],
                    [
                        -95.98999717900,
                        36.16492539400
                    ]
                ]
            }
        },
        {
            "type": "Feature",
            "properties": {
                "OBJECTID": "7752"
            },
            "geometry": {
                "type": "Polygon",
                "coordinates": [
                    [
                        -95.98940532200,
                        36.15614619200
                    ],
                    [
                        -95.98958024400,
                        36.15608815100
                    ],
                    [
                        -95.98952033900,
                        36.15597206900
                    ],
                    [
                        -95.98934541800,
                        36.15603011000
                    ],
                    [
                        -95.98940532200,
                        36.15614619200
                    ]
                ]
            }
        },
        {
            "type": "Feature",
            "properties": {
                "PRIMARY": "UNKNOWN",
                "buildings": [1092,1093],
                "OBJECTID": "6185",
                "address": ["FRANKFORT AVE"],
                "STREET": "FRANKFORT AVE"
            },
            "geometry": {
                "type": "Polygon",
                "coordinates": [
                    [
                        -95.98740690800,
                        36.16408001800
                    ],
                    [
                        -95.98740690800,
                        36.16406841100
                    ],
                    [
                        -95.98738055000,
                        36.16406841100
                    ],
                    [
                        -95.98738055000,
                        36.16408001800
                    ],
                    [
                        -95.98740690800,
                        36.16408001800
                    ]
                ]
            }
        },
        {
            "type": "Feature",
            "properties": {
                "address": ["122 HARTFORD AVE"],
                "STREET": "HARTFORD AVE",
                "PRIMARY": "122",
                "buildings": [748],
                "OBJECTID": "6872"
            },
            "geometry": {
                "type": "Polygon",
                "coordinates": [
                    [
                        -95.98546480300,
                        36.16104471400
                    ],
                    [
                        -95.98568405400,
                        36.16097216700
                    ],
                    [
                        -95.98564930900,
                        36.16090445600
                    ],
                    [
                        -95.98542886000,
                        36.16097797000
                    ],
                    [
                        -95.98546480300,
                        36.16104471400
                    ]
                ]
            }
        },
        {
            "type": "Feature",
            "properties": {
                "PRIMARY": "UNKNOWN",
                "address": ["GREENWOOD AVE"],
                "STREET": "GREENWOOD AVE",
                "OBJECTID": "7224",
                "buildings": [1057,1058]
            },
            "geometry": {
                "type": "Polygon",
                "coordinates": [
                    [
                        -95.98633023200,
                        36.15933903000
                    ],
                    [
                        -95.98636936100,
                        36.15932484900
                    ],
                    [
                        -95.98634221200,
                        36.15927712200
                    ],
                    [
                        -95.98630387400,
                        36.15929002600
                    ],
                    [
                        -95.98633023200,
                        36.15933903000
                    ]
                ]
            }
        },
        {
            "type": "Feature",
            "properties": {
                "address": ["524"],
                "OBJECTID": "6152",
                "PRIMARY": "524"
            },
            "geometry": {
                "type": "Polygon",
                "coordinates": [
                    [
                        -95.98678150400,
                        36.16422704100
                    ],
                    [
                        -95.98678150400,
                        36.16420963000
                    ],
                    [
                        -95.98671201500,
                        36.16420963000
                    ],
                    [
                        -95.98671201500,
                        36.16422704100
                    ],
                    [
                        -95.98678150400,
                        36.16422704100
                    ]
                ]
            }
        },
        {
            "type": "Feature",
            "properties": {
                "OBJECTID": "6381"
            },
            "geometry": {
                "type": "Polygon",
                "coordinates": [
                    [
                        -95.99066092100,
                        36.16285352900
                    ],
                    [
                        -95.99077833400,
                        36.16281290400
                    ],
                    [
                        -95.99074478800,
                        36.16274906400
                    ],
                    [
                        -95.99062737500,
                        36.16278968900
                    ],
                    [
                        -95.99066092100,
                        36.16285352900
                    ]
                ]
            }
        },
        {
            "type": "Feature",
            "properties": {
                "OBJECTID": "5554",
                "address": ["619 ARCHER ST","104 HARTFORD AVE"],
                "PRIMARY": "619,104",
                "buildings": [293,760],
                "STREET": "ARCHER ST,HARTFORD AVE"
            },
            "geometry": {
                "type": "Polygon",
                "coordinates": [
                    [
                        -95.98524914700,
                        36.16028054900
                    ],
                    [
                        -95.98524435400,
                        36.16026700700
                    ],
                    [
                        -95.98528149500,
                        36.16025539900
                    ],
                    [
                        -95.98524914700,
                        36.16019542600
                    ],
                    [
                        -95.98520961000,
                        36.16020606700
                    ],
                    [
                        -95.98520361900,
                        36.16019349200
                    ],
                    [
                        -95.98513892300,
                        36.16021670700
                    ],
                    [
                        -95.98517127100,
                        36.16028151600
                    ],
                    [
                        -95.98515569600,
                        36.16028538500
                    ],
                    [
                        -95.98512454500,
                        36.16022347800
                    ],
                    [
                        -95.98504067900,
                        36.16024862800
                    ],
                    [
                        -95.98511975300,
                        36.16040242900
                    ],
                    [
                        -95.98520002500,
                        36.16037631200
                    ],
                    [
                        -95.98518085600,
                        36.16032988100
                    ],
                    [
                        -95.98519403500,
                        36.16032504500
                    ],
                    [
                        -95.98518564800,
                        36.16030183000
                    ],
                    [
                        -95.98524914700,
                        36.16028054900
                    ]
                ]
            }
        },
        {
            "type": "Feature",
            "properties": {
                "OBJECTID": "6289"
            },
            "geometry": {
                "type": "Polygon",
                "coordinates": [
                    [
                        -95.99089814300,
                        36.16328880000
                    ],
                    [
                        -95.99106108300,
                        36.16323656700
                    ],
                    [
                        -95.99103472500,
                        36.16318626900
                    ],
                    [
                        -95.99100597100,
                        36.16317659700
                    ],
                    [
                        -95.99086459700,
                        36.16322302600
                    ],
                    [
                        -95.99089814300,
                        36.16328880000
                    ]
                ]
            }
        },
        {
            "type": "Feature",
            "properties": {
                "OBJECTID": "6567"
            },
            "geometry": {
                "type": "Polygon",
                "coordinates": [
                    [
                        -95.99315774200,
                        36.16205649500
                    ],
                    [
                        -95.99330151200,
                        36.16200813100
                    ],
                    [
                        -95.99326796600,
                        36.16194815900
                    ],
                    [
                        -95.99312659100,
                        36.16199845800
                    ],
                    [
                        -95.99315774200,
                        36.16205649500
                    ]
                ]
            }
        },
        {
            "type": "Feature",
            "properties": {
                "OBJECTID": "5788"
            },
            "geometry": {
                "type": "Polygon",
                "coordinates": [
                    [
                        -95.98966411000,
                        36.15663503300
                    ],
                    [
                        -95.98985022100,
                        36.15657118800
                    ],
                    [
                        -95.98969207300,
                        36.15626484800
                    ],
                    [
                        -95.98950675300,
                        36.15632935100
                    ],
                    [
                        -95.98966411000,
                        36.15663503300
                    ]
                ]
            }
        },
        {
            "type": "Feature",
            "properties": {
                "PRIMARY": "415.5",
                "OBJECTID": "6348",
                "address": ["415.5 GREENWOOD AVE"],
                "buildings": [741],
                "STREET": "GREENWOOD AVE"
            },
            "geometry": {
                "type": "Polygon",
                "coordinates": [
                    [
                        -95.98631904200,
                        36.16302957200
                    ],
                    [
                        -95.98631904200,
                        36.16301022700
                    ],
                    [
                        -95.98625434500,
                        36.16301022700
                    ],
                    [
                        -95.98625434500,
                        36.16302957200
                    ],
                    [
                        -95.98631904200,
                        36.16302957200
                    ]
                ]
            }
        },
        {
            "type": "Feature",
            "properties": {
                "address": ["501 FRANKFORT AVE"],
                "OBJECTID": "6254",
                "PRIMARY": "501",
                "STREET": "FRANKFORT AVE"
            },
            "geometry": {
                "type": "Polygon",
                "coordinates": [
                    [
                        -95.98760579100,
                        36.16353448400
                    ],
                    [
                        -95.98760579100,
                        36.16342034700
                    ],
                    [
                        -95.98741649200,
                        36.16342034700
                    ],
                    [
                        -95.98741649200,
                        36.16353448400
                    ],
                    [
                        -95.98760579100,
                        36.16353448400
                    ]
                ]
            }
        },
        {
            "type": "Feature",
            "properties": {
                "OBJECTID": "6503",
                "address": ["316 GREENWOOD AVE"],
                "STREET": "GREENWOOD AVE",
                "PRIMARY": "316",
                "buildings": [607]
            },
            "geometry": {
                "type": "Polygon",
                "coordinates": [
                    [
                        -95.98681505100,
                        36.16226929600
                    ],
                    [
                        -95.98681505100,
                        36.16220932500
                    ],
                    [
                        -95.98672160000,
                        36.16220932500
                    ],
                    [
                        -95.98672160000,
                        36.16226929600
                    ],
                    [
                        -95.98681505100,
                        36.16226929600
                    ]
                ]
            }
        },
        {
            "type": "Feature",
            "properties": {
                "PRIMARY": "UNKNOWN",
                "OBJECTID": "6490",
                "STREET": "FOURTH ST",
                "address": ["FOURTH ST"]
            },
            "geometry": {
                "type": "Polygon",
                "coordinates": [
                    [
                        -95.98918008100,
                        36.16231959400
                    ],
                    [
                        -95.98924238200,
                        36.16229638000
                    ],
                    [
                        -95.98921602400,
                        36.16225188500
                    ],
                    [
                        -95.98915372300,
                        36.16227510000
                    ],
                    [
                        -95.98918008100,
                        36.16231959400
                    ]
                ]
            }
        },
        {
            "type": "Feature",
            "properties": {
                "OBJECTID": "6836"
            },
            "geometry": {
                "type": "Polygon",
                "coordinates": [
                    [
                        -95.98623357000,
                        36.16113563900
                    ],
                    [
                        -95.98623196500,
                        36.16109824300
                    ],
                    [
                        -95.98618564600,
                        36.16109824300
                    ],
                    [
                        -95.98618725200,
                        36.16113563900
                    ],
                    [
                        -95.98623357000,
                        36.16113563900
                    ]
                ]
            }
        },
        {
            "type": "Feature",
            "properties": {
                "PRIMARY": "314 Rear",
                "address": ["314 Rear BRADY ST"],
                "OBJECTID": "7181",
                "STREET": "BRADY ST"
            },
            "geometry": {
                "type": "Polygon",
                "coordinates": [
                    [
                        -95.98929749400,
                        36.15955410200
                    ],
                    [
                        -95.98937297400,
                        36.15952605000
                    ],
                    [
                        -95.98932864500,
                        36.15944479600
                    ],
                    [
                        -95.98925316500,
                        36.15946897900
                    ],
                    [
                        -95.98929749400,
                        36.15955410200
                    ]
                ]
            }
        },
        {
            "type": "Feature",
            "properties": {
                "address": ["513 ELGIN AVE"],
                "STREET": "ELGIN AVE",
                "OBJECTID": "6277",
                "buildings": [504,973,974],
                "PRIMARY": "513"
            },
            "geometry": {
                "type": "Polygon",
                "coordinates": [
                    [
                        -95.99042130300,
                        36.16342034700
                    ],
                    [
                        -95.99053392400,
                        36.16338165700
                    ],
                    [
                        -95.99051715000,
                        36.16335070400
                    ],
                    [
                        -95.99040453000,
                        36.16338939500
                    ],
                    [
                        -95.99042130300,
                        36.16342034700
                    ]
                ]
            }
        },
        {
            "type": "Feature",
            "properties": {
                "OBJECTID": "6688"
            },
            "geometry": {
                "type": "Polygon",
                "coordinates": [
                    [
                        -95.99148520700,
                        36.16163282500
                    ],
                    [
                        -95.99162418600,
                        36.16158446100
                    ],
                    [
                        -95.99159303600,
                        36.16153029300
                    ],
                    [
                        -95.99145645300,
                        36.16157865700
                    ],
                    [
                        -95.99148520700,
                        36.16163282500
                    ]
                ]
            }
        },
        {
            "type": "Feature",
            "properties": {
                "OBJECTID": "6427"
            },
            "geometry": {
                "type": "Polygon",
                "coordinates": [
                    [
                        -95.98885420100,
                        36.16260397300
                    ],
                    [
                        -95.98885420100,
                        36.16258656200
                    ],
                    [
                        -95.98881107000,
                        36.16258656200
                    ],
                    [
                        -95.98881107000,
                        36.16260397300
                    ],
                    [
                        -95.98885420100,
                        36.16260397300
                    ]
                ]
            }
        },
        {
            "type": "Feature",
            "properties": {
                "OBJECTID": "6784"
            },
            "geometry": {
                "type": "Polygon",
                "coordinates": [
                    [
                        -95.99271444800,
                        36.16132909700
                    ],
                    [
                        -95.99284863400,
                        36.16128266700
                    ],
                    [
                        -95.99280310700,
                        36.16119948000
                    ],
                    [
                        -95.99267131700,
                        36.16124591000
                    ],
                    [
                        -95.99271444800,
                        36.16132909700
                    ]
                ]
            }
        },
        {
            "type": "Feature",
            "properties": {
                "OBJECTID": "7093"
            },
            "geometry": {
                "type": "Polygon",
                "coordinates": [
                    [
                        -95.98828791100,
                        36.15996327300
                    ],
                    [
                        -95.98832306300,
                        36.15995037000
                    ],
                    [
                        -95.98829749600,
                        36.15990393900
                    ],
                    [
                        -95.98825915700,
                        36.15991684300
                    ],
                    [
                        -95.98828791100,
                        36.15996327300
                    ]
                ]
            }
        },
        {
            "type": "Feature",
            "properties": {
                "OBJECTID": "5772"
            },
            "geometry": {
                "type": "Polygon",
                "coordinates": [
                    [
                        -95.98473277000,
                        36.15855341300
                    ],
                    [
                        -95.98471719500,
                        36.15852197500
                    ],
                    [
                        -95.98463872000,
                        36.15854615800
                    ],
                    [
                        -95.98465669100,
                        36.15857807900
                    ],
                    [
                        -95.98473277000,
                        36.15855341300
                    ]
                ]
            }
        },
        {
            "type": "Feature",
            "properties": {
                "OBJECTID": "6639"
            },
            "geometry": {
                "type": "Polygon",
                "coordinates": [
                    [
                        -95.99191891600,
                        36.16182821600
                    ],
                    [
                        -95.99198121700,
                        36.16180887100
                    ],
                    [
                        -95.99195006600,
                        36.16174889900
                    ],
                    [
                        -95.99188855700,
                        36.16176954100
                    ],
                    [
                        -95.99191891600,
                        36.16182821600
                    ]
                ]
            }
        },
        {
            "type": "Feature",
            "properties": {
                "OBJECTID": "7517"
            },
            "geometry": {
                "type": "Polygon",
                "coordinates": [
                    [
                        -95.98603150000,
                        36.15775455500
                    ],
                    [
                        -95.98601554100,
                        36.15772617300
                    ],
                    [
                        -95.98598278500,
                        36.15773714300
                    ],
                    [
                        -95.98599716200,
                        36.15776422800
                    ],
                    [
                        -95.98603150000,
                        36.15775455500
                    ]
                ]
            }
        },
        {
            "type": "Feature",
            "properties": {
                "PRIMARY": "125,127",
                "address": ["125 GREENWOOD AVE","127 GREENWOOD AVE"],
                "OBJECTID": "5576",
                "buildings": [773],
                "STREET": "GREENWOOD AVE"
            },
            "geometry": {
                "type": "Polygon",
                "coordinates": [
                    [
                        -95.98636696500,
                        36.16068681500
                    ],
                    [
                        -95.98594523700,
                        36.16082997400
                    ],
                    [
                        -95.98601113200,
                        36.16095765700
                    ],
                    [
                        -95.98643286000,
                        36.16081933400
                    ],
                    [
                        -95.98636696500,
                        36.16068681500
                    ]
                ]
            }
        },
        {
            "type": "Feature",
            "properties": {
                "OBJECTID": "6236"
            },
            "geometry": {
                "type": "Polygon",
                "coordinates": [
                    [
                        -95.99112338400,
                        36.16368150800
                    ],
                    [
                        -95.99122162700,
                        36.16364668700
                    ],
                    [
                        -95.99120964700,
                        36.16361960300
                    ],
                    [
                        -95.99110900700,
                        36.16365442500
                    ],
                    [
                        -95.99112338400,
                        36.16368150800
                    ]
                ]
            }
        },
        {
            "type": "Feature",
            "properties": {
                "address": ["206 FRANKFORT AVE"],
                "buildings": [544,999,1000],
                "PRIMARY": "206",
                "STREET": "FRANKFORT AVE",
                "OBJECTID": "6985"
            },
            "geometry": {
                "type": "Polygon",
                "coordinates": [
                    [
                        -95.98805387600,
                        36.16056687000
                    ],
                    [
                        -95.98812097000,
                        36.16053978500
                    ],
                    [
                        -95.98807544200,
                        36.16046627100
                    ],
                    [
                        -95.98800834900,
                        36.16049335500
                    ],
                    [
                        -95.98805387600,
                        36.16056687000
                    ]
                ]
            }
        },
        {
            "type": "Feature",
            "properties": {
                "address": ["ELGIN AVE"],
                "STREET": "ELGIN AVE",
                "PRIMARY": "UNKNOWN",
                "OBJECTID": "7379"
            },
            "geometry": {
                "type": "Polygon",
                "coordinates": [
                    [
                        -95.98830307900,
                        36.15844845800
                    ],
                    [
                        -95.98872001500,
                        36.15830335900
                    ],
                    [
                        -95.98851873600,
                        36.15792803600
                    ],
                    [
                        -95.98810180000,
                        36.15807507000
                    ],
                    [
                        -95.98811857300,
                        36.15810989400
                    ],
                    [
                        -95.98807544200,
                        36.15812537100
                    ],
                    [
                        -95.98822640100,
                        36.15840976500
                    ],
                    [
                        -95.98827432500,
                        36.15839622300
                    ],
                    [
                        -95.98830307900,
                        36.15844845800
                    ]
                ]
            }
        },
        {
            "type": "Feature",
            "properties": {
                "PRIMARY": "UNKNOWN",
                "address": ["BRADY ST"],
                "STREET": "BRADY ST",
                "OBJECTID": "5618"
            },
            "geometry": {
                "type": "Polygon",
                "coordinates": [
                    [
                        -95.98955388600,
                        36.15946478100
                    ],
                    [
                        -95.98954830200,
                        36.15945060000
                    ],
                    [
                        -95.98952992400,
                        36.15945576500
                    ],
                    [
                        -95.98952194400,
                        36.15943705700
                    ],
                    [
                        -95.98950196100,
                        36.15944222300
                    ],
                    [
                        -95.98952033900,
                        36.15947768400
                    ],
                    [
                        -95.98955388600,
                        36.15946478100
                    ]
                ]
            }
        },
        {
            "type": "Feature",
            "properties": {
                "OBJECTID": "6370",
                "address": ["410 GREENWOOD AVE"],
                "STREET": "GREENWOOD AVE",
                "PRIMARY": "410"
            },
            "geometry": {
                "type": "Polygon",
                "coordinates": [
                    [
                        -95.98685578600,
                        36.16294638700
                    ],
                    [
                        -95.98701633000,
                        36.16294638700
                    ],
                    [
                        -95.98701633000,
                        36.16289415500
                    ],
                    [
                        -95.98685578600,
                        36.16289415500
                    ],
                    [
                        -95.98685578600,
                        36.16294638700
                    ]
                ]
            }
        },
        {
            "type": "Feature",
            "properties": {
                "OBJECTID": "5521"
            },
            "geometry": {
                "type": "Polygon",
                "coordinates": [
                    [
                        -95.99219687300,
                        36.16126848600
                    ],
                    [
                        -95.99218489200,
                        36.16124848300
                    ],
                    [
                        -95.99220327100,
                        36.16124397600
                    ],
                    [
                        -95.99219287200,
                        36.16121818700
                    ],
                    [
                        -95.99217530700,
                        36.16122463000
                    ],
                    [
                        -95.99216253600,
                        36.16120271100
                    ],
                    [
                        -95.99208744000,
                        36.16122849900
                    ],
                    [
                        -95.99210502700,
                        36.16126461700
                    ],
                    [
                        -95.99213457200,
                        36.16125687900
                    ],
                    [
                        -95.99214894900,
                        36.16128330600
                    ],
                    [
                        -95.99219687300,
                        36.16126848600
                    ]
                ]
            }
        }
    ]
}